Date,ma20_slope,ma60_slope,bias_ma20,bias_ma60,vol_ratio_5_20,volatility_20d,rsi_diff_3d,rsi_monthly,macd_monthly,sox_mom,rs_vs_sox,usd_twd_mom20,vix_ma20_bias,inst_net_buy_20d,inst_accel,margin_mom,revenue_mom
2019-03-04,0.01949924633575215,0.006882636208775955,0.023690544778328593,0.04985518564492126,0.9279839790249654,0.2197459382884813,7.1038495491406195,47.41029651830917,-2.803466477775146,0.1423627545198678,-0.08630886504403268,-0.0012631026748595175,-0.08790523031530525,117702809.0,-2108619.6500000004,-0.18483215913800244,-0.22030898805868482
2019-03-05,0.017983242535502195,0.006538888760535277,0.010079084773623702,0.03793896095381304,0.9230844402594035,0.21925169063347277,-5.601966324177134,47.41029651830917,-2.803466477775146,0.14414611094951035,-0.08745685934709724,-0.0012631234842194194,-0.06714766190438994,118432998.0,-3318752.5000000005,-0.16855036855036853,-0.22030898805868482
2019-03-06,0.01659524414746699,0.005782942524120101,0.011891910458359382,0.04162033929850526,0.9084791813769635,0.21810711875220923,-20.947348738773805,47.41029651830917,-2.803466477775146,0.06372858493125655,-0.012043249105218035,-0.0009073782523069118,0.00616868200054381,117590619.0,-3967927.1500000004,-0.16363486706724828,-0.22030898805868482
2019-03-07,0.01367466340388857,0.004805547162579867,0.010144626282369859,0.04104108351751095,0.9039197246070071,0.2126378583676236,-13.35386847391078,47.41029651830917,-2.803466477775146,0.029605927931486864,0.005792447994649619,-0.0014575395314275763,0.06332522462607502,100974128.0,-4094716.0000000005,-0.11173282042315091,-0.22030898805868482
2019-03-08,0.009916096825241489,0.0033849124594045954,-0.007337090350859229,0.023169613392479534,0.8218752202783323,0.2182029948894352,-3.8461498148266315,47.41029651830917,-2.803466477775146,0.05086888973335557,-0.046502109725467866,0.006480376570295432,0.038095810245197884,81435981.0,-5637873.25,-0.06243850076035429,-0.22030898805868482
2019-03-11,0.008911095938846,0.0024890373714603494,-0.006893682295624349,0.025013810061223652,0.7331891945289954,0.190055598274992,-1.3962448444524824,47.41029651830917,-2.803466477775146,0.09191506967264917,-0.05596019900132365,0.0033454800737886536,-0.058537549109316724,83650482.0,-7609154.7,-0.10682368662824693,0.3092925649774003
2019-03-12,0.009320470872480413,0.0017818671915364168,0.011489364121121101,0.04720973664880471,0.7679822119907849,0.19959672046539226,-0.7675092778080739,47.41029651830917,-2.803466477775146,0.06554694652407345,6.400861696920224e-05,0.004255888964438181,-0.0836189085949037,102074642.0,-7164316.5,-0.14432477216238604,0.3092925649774003
2019-03-13,0.008756755179965924,0.001261218645313686,0.0159681252758466,0.05364538963251208,0.8578290937781452,0.16980054064829558,8.02378745091466,47.41029651830917,-2.803466477775146,0.03964459267072651,-0.0001709556411544355,0.0021738947465355096,-0.09990939501867517,78955735.0,-5035678.15,-0.05567805953693494,0.3092925649774003
2019-03-14,0.007986178221383776,0.0013346689884068523,0.004282658753375249,0.041874955676904024,0.879874472610437,0.1733800514551924,-6.603758062393162,47.41029651830917,-2.803466477775146,0.012224017182918212,0.007341214461016543,0.0006153155822725687,-0.08796108328408456,61917088.0,-4372273.2,-0.010504400492097998,0.3092925649774003
2019-03-15,0.00992662674416359,0.0026691414132856664,0.021367612545006957,0.060376500376429734,0.964433746364838,0.1835381445480528,-5.263166841617213,47.41029651830917,-2.803466477775146,0.03852438328864638,0.005143813467312519,0.003929601540547001,-0.1216285241435806,61064979.0,-281314.5500000003,-0.10205992509363293,0.3092925649774003
2019-03-18,0.011202071797348995,0.0037798782581736643,0.026842654051801463,0.06767073231253588,0.9878135187805183,0.18002814674048376,-6.416051083450775,47.41029651830917,-2.803466477775146,0.03322647303152526,0.02844748677118969,0.0011992952478936392,-0.09701875887401495,75714575.0,3594883.6500000004,-0.14011976047904195,0.3092925649774003
2019-03-19,0.010952437326817475,0.005336102790144476,0.021773805620048093,0.06376711526003594,0.9287825953164385,0.180645020353402,4.237334064154304,47.41029651830917,-2.803466477775146,0.04157101173950317,0.017900481002375956,-0.0018169351225438835,-0.06094180291666495,73121920.0,2634242.8,-0.13810835629017448,0.3092925649774003
2019-03-20,0.01157433047012318,0.006557502926422973,0.02553235862044176,0.06886527108062049,0.9376042340898398,0.17704960763817743,-0.14866574174101999,47.41029651830917,-2.803466477775146,0.030958091736037696,0.021215832984294414,-0.0007139867238334929,-0.03335651201526574,72749720.0,2576119.5999999996,-0.160051689126823,0.3092925649774003
2019-03-21,0.014132763382264628,0.007330888391290162,0.036739755662125215,0.08280948186635091,0.991544733562656,0.17982104750820418,2.6229778222514923,47.41029651830917,-2.803466477775146,0.06921813769198937,0.002834129115238504,-0.0023687439919571895,-0.04868259919692198,83737771.0,4348674.850000001,-0.2100732600732601,0.3092925649774003
2019-03-22,0.01495725579970097,0.007579395601826418,0.046315670832343024,0.09423151020512134,0.9197987798068052,0.166381273965328,16.075193436074336,47.41029651830917,-2.803466477775146,0.029471847676125096,0.030229515351287706,0.0004548536102610967,0.14044493472094194,78503827.0,4085120.65,-0.18619367209971238,0.3092925649774003
2019-03-25,0.012995294958878878,0.0074943646450485735,0.015772751073237116,0.06192733015021738,0.8838781351589229,0.1980563574635105,7.406544736405877,47.41029651830917,-2.803466477775146,0.024069616737641075,-0.0029282020452991997,0.0024681805038639926,0.1227997742905214,60094185.0,1283625.1500000004,-0.1438905180840665,0.3092925649774003
2019-03-26,0.011683451800516432,0.007408762397589123,0.024671880077629237,0.07131093082152144,0.9334630867788737,0.200670943965942,3.157955957151394,47.41029651830917,-2.803466477775146,0.023424998913264883,0.008287315173970189,0.0005519724173566054,0.005307330634372261,57291917.0,1761135.7499999995,-0.1223927587563951,0.3092925649774003
2019-03-27,0.0098527007263798,0.007361318368344119,0.01342834552298437,0.058862106447013084,0.9331909458247825,0.2041228242659188,-11.053283193949703,47.41029651830917,-2.803466477775146,0.00038520972105393625,0.014320564864346297,0.0029921931271306157,0.03642891384865677,47957360.0,156286.0,-0.06459791096237699,0.3092925649774003
2019-03-28,0.0068622997709497854,0.0071672673017932394,0.01499426409981814,0.059776688625231354,0.8490029859083517,0.20316270404738185,4.572416692051206,47.41029651830917,-2.803466477775146,0.0052833299225913954,0.00515508248838259,0.004782799941814853,-0.01032198332260698,43140872.0,-1742004.2000000002,-0.047061284250156876,0.3092925649774003
2019-03-29,0.005263123028644361,0.007302209458508901,0.02827218522928154,0.07318486678112653,0.9082813895722719,0.20868069411679677,5.592128680668388,47.41029651830917,-2.803466477775146,0.03381067422309458,-0.0066142241065774154,0.0031866670545082076,-0.05649989377567106,43770272.0,-2650631.4,-0.05949729557747374,0.3092925649774003
2019-04-01,0.006309117240728877,0.007511903318281902,0.026123243941941293,0.07146746139098573,1.0592428525736648,0.20001876278491343,5.026477394899835,49.81269984195232,-1.8813366339847448,0.04913991581468924,-0.006677230991938732,6.488337784960052e-05,-0.07391411957620031,55245084.0,44446.39999999991,-0.11520081342145394,0.3092925649774003
2019-04-02,0.0074540364770052814,0.007903106275491683,0.025427121167006385,0.0716228746499835,1.0926551906205653,0.1942619306712969,-2.980942545035532,49.81269984195232,-1.8813366339847448,0.0550740505005296,0.0007197658938538076,-0.0006809750597986941,-0.07225445711618378,62544435.0,526179.25,-0.16105200945626474,0.3092925649774003
2019-04-03,0.009336936105118899,0.008622888433691992,0.02484142092842525,0.07154490615857133,1.1024366608135365,0.1941957449324602,-6.174233723754696e-05,49.81269984195232,-1.8813366339847448,0.09774182450929847,-0.04432318217735265,-3.2418121507116204e-05,-0.03919444733139433,65453622.0,2138175.1,-0.16799527605550635,0.3092925649774003
2019-04-08,0.012792246114503997,0.010072248655732748,0.047727543776479975,0.09690006987157301,1.2955406922345363,0.21118929205457132,6.302510449712713,49.81269984195232,-1.8813366339847448,0.12303181986649059,-0.04183529407980702,-0.0012975093228320134,-0.06723281444710098,87119731.0,5393775.649999999,-0.18267716535433076,0.3092925649774003
2019-04-09,0.016439765412195054,0.010527842631192476,0.04666743240865513,0.09877438411253366,1.2469613814372715,0.19598036571248306,6.461696650196345,49.81269984195232,-1.8813366339847448,0.11099146792191994,-0.00664361848125572,-0.0032031263065694926,0.016985346070625094,101323866.0,4878451.3,-0.24348821677320864,0.3092925649774003
2019-04-10,0.019226738827113822,0.010983814071838014,0.041624021636601095,0.09652125463348799,1.1628231743797706,0.19655420137055618,2.019207013903042,49.81269984195232,-1.8813366339847448,0.09428988416487027,0.007662521210185291,-0.0023955621528841675,-0.04932093054549813,107485889.0,1647235.9500000002,-0.2595848139143445,-0.06306914085892446
2019-04-11,0.01990412529892269,0.011435007964330052,0.029937802894243828,0.08534932734711996,1.1661720976986125,0.19107235375586806,-5.436704487121347,49.81269984195232,-1.8813366339847448,0.08925405248810869,-0.01919033709151874,-0.0023939347400728783,-0.06683386856374801,98481513.0,202755.5499999998,-0.22811773818745162,-0.06306914085892446
2019-04-12,0.020372120296997073,0.011954368628200426,0.02679038056252227,0.08251307784546355,1.0887854192954016,0.1911239475195992,-8.680020070548423,49.81269984195232,-1.8813366339847448,0.10020060232728123,-0.036909229233061946,-0.0011331579110197554,-0.13488203103687285,93729994.0,-119116.70000000019,-0.22650321074138935,-0.06306914085892446
2019-04-15,0.0207061030836198,0.01271769515458374,0.036616445643816956,0.09382818684957246,0.8575724454992756,0.18755868497222467,-9.102461068219064,49.81269984195232,-1.8813366339847448,0.09811825192245438,-0.008565897482644358,-0.002136198373148268,-0.10876408413752396,101497236.0,-3475779.5999999996,-0.2441660290742158,-0.06306914085892446
2019-04-16,0.019367482768325218,0.013626542354685127,0.038908512390016255,0.0968062617285134,0.8601054194445795,0.1793749893718005,16.481126910806665,49.81269984195232,-1.8813366339847448,0.10116635556428766,-0.025852729008089215,-0.0019085826369144021,-0.11665516300122411,94879024.0,-3260985.2,-0.19833159541188738,-0.06306914085892446
2019-04-17,0.018659028253473212,0.01518149955365102,0.052737573246121536,0.11201676546411185,0.9402715123061214,0.18536686091511587,22.001869167812245,49.81269984195232,-1.8813366339847448,0.1211935267584816,-0.036131147836401034,-0.0008416934593298286,-0.08453515744422564,98924745.0,722146.3499999996,-0.21823441182772663,-0.06306914085892446
2019-04-18,0.020128747506594543,0.01633048758236355,0.05969541525261513,0.12088131781307823,1.000318351717435,0.18556549594955057,30.925902150984477,49.81269984195232,-1.8813366339847448,0.10713755065373776,-0.007345660839654711,-9.752184166877953e-05,-0.11687361985641039,116311792.0,4040805.0,-0.2276795226933731,-0.06306914085892446
2019-04-19,0.02159517850225669,0.017146944816310232,0.05494058274087271,0.11705484266578825,1.1954513482193958,0.1862587384010037,10.820211833397735,49.81269984195232,-1.8813366339847448,0.11853467954976793,-0.025559631461374854,0.0009743026438737701,-0.1109640318741253,125596364.0,6307061.399999999,-0.2042857142857143,-0.06306914085892446
2019-04-22,0.021401755735540758,0.016946125434377388,0.05660391927869841,0.11980367214902428,1.257409377469765,0.18261329970993706,8.817930769773909,49.81269984195232,-1.8813366339847448,0.08077241183591788,0.0027308515990684956,0.0020165349037966074,-0.08261623848308924,124343438.0,6887631.9,-0.13320194760027826,-0.06306914085892446
2019-04-23,0.021627087919007464,0.017284303093361857,0.06044120202612666,0.12431826501350467,1.2947594232363933,0.18058548070618555,-0.1397555210196657,49.81269984195232,-1.8813366339847448,0.12402440377652013,-0.045553488800130326,0.0015263496940114418,-0.07866603870675581,126427388.0,7998615.4,-0.11215834118755885,-0.06306914085892446
2019-04-24,0.022946860292044735,0.017045255745670652,0.058638310008859176,0.1247386337206573,1.19190158073295,0.1354335771622824,0.13978101202812354,49.81269984195232,-1.8813366339847448,0.1491737620909419,-0.035302046111262975,-0.0004535421456199895,-0.002202119368623457,136034035.0,4908490.65,-0.1337063256451244,-0.06306914085892446
2019-04-25,0.022736383184131032,0.017056891069438525,0.04788941572755294,0.11458318872943563,1.1236990905396862,0.13951342246470014,-4.336833723891388,49.81269984195232,-1.8813366339847448,0.11710753269308216,-0.020796164393263483,0.003504666461877859,0.011643440458779618,138082446.0,2075740.1000000006,-0.18643497757847538,-0.06306914085892446
2019-04-26,0.021836688214511582,0.01636516981075494,0.014832117755217245,0.08036975473946607,1.0947475992448699,0.17458438799092543,-30.38392937477343,49.81269984195232,-1.8813366339847448,0.12417183422246869,-0.047567230761887735,0.0027238117927690375,-0.018995915034390957,132360306.0,-2711072.9,-0.14169557675628797,-0.06306914085892446
2019-04-29,0.021151929832050165,0.01599718967126821,0.009432884094212054,0.07523891603539043,1.1046090467087701,0.1756676570417731,-32.94362414734776,49.81269984195232,-1.8813366339847448,0.1242101372202482,-0.0518963193689177,0.0006476412726972303,0.015452511888805613,138769214.0,-3638266.1,-0.13498683055311678,-0.06306914085892446
2019-04-30,0.019883270740798018,0.015137738685686204,0.004849787193778503,0.07035862321078352,1.1511298910092436,0.17176033820820938,-28.879221735320144,57.35897269642487,-0.23294078016257913,0.11513356609480496,-0.060143556171700974,0.0013289801443712168,0.01855445162544042,141949052.0,-4455237.6,-0.0955119530897609,-0.06306914085892446
2019-05-02,0.017020862131656236,0.014250869147142,0.0022251342197386306,0.06771113005507703,1.1716619329224796,0.17176033820820938,0.8940502819005332,57.35897269642487,-0.23294078016257913,0.09115253104887922,-0.03616252112577523,0.00220496399237069,0.11506341301829662,140806465.0,-3279136.65,-0.061709951735233304,-0.06306914085892446
2019-05-03,0.016061128396716657,0.013819444094773712,0.021686756203454817,0.08911570056842023,1.1431375358329359,0.18637315714132852,10.047969780614366,57.35897269642487,-0.23294078016257913,0.09714098322523368,-0.01990502563482055,0.002368820961190732,-0.0029052986998277124,145843969.0,-2086492.8500000006,-0.05283550545966886,-0.06306914085892446
2019-05-06,0.014832188667831028,0.01357387967702684,-0.0038460557507236552,0.061801896449880815,1.0302611153004828,0.20870472000348617,-3.6911604285350563,57.35897269642487,-0.23294078016257913,0.05432357975776525,-0.003613417257915641,0.002140840887753237,0.18837787629145988,133555728.0,-1027845.8000000007,0.016796782588123893,-0.06306914085892446
2019-05-07,0.013225757131058783,0.013224688721360435,0.007774389789365862,0.07347343461453887,1.027381472267712,0.19370147562023673,-5.629587466291717,57.35897269642487,-0.23294078016257913,0.016835613633264135,0.02071394930520487,0.0039299844638027714,0.45268616951380825,108826756.0,-1680067.1999999997,0.01890655105973016,-0.06306914085892446
2019-05-08,0.011736208985081483,0.012707927603847584,-0.0029719828908858206,0.06100788964791114,0.9652455654323995,0.19768798860744172,-21.809707312152184,57.35897269642487,-0.23294078016257913,0.020457187705149593,0.0031647570359523147,0.004187214610458678,0.4311533800374503,96404209.0,-3984534.45,0.08109471560095849,-0.06306914085892446
2019-05-09,0.009577264570427615,0.012539076475595757,-0.01686473904054385,0.04431020449150677,0.9965238678838232,0.20446835176231062,-16.040668467996852,57.35897269642487,-0.23294078016257913,-0.00024370098244796967,0.010086148155068142,0.004153560104630971,0.3795096162648189,93730277.0,-7080221.05,0.12591563526142968,-0.06306914085892446
2019-05-10,0.006650595709664131,0.011850123254705462,-0.019532964919897373,0.03980479909157996,0.9305607621327937,0.20229366801828863,-18.977276897850793,57.35897269642487,-0.23294078016257913,0.001896962156274773,0.013975719564537137,0.005318161629584983,0.14600085007257232,92258850.0,-10203135.1,0.13296537882589066,0.07689165934732167
2019-05-13,0.003942285755213227,0.010863992422686408,-0.04032179866325083,0.01591807647620111,0.8774861704570562,0.21732815319729337,-17.023164636494002,57.35897269642487,-0.23294078016257913,-0.058893104248741945,0.05294062330818006,0.002755121022856022,0.4247581575883618,86034626.0,-9238568.7,0.16477987421383644,0.07689165934732167
2019-05-14,0.0007677874927934522,0.009610133208665552,-0.046705731068721106,0.006548214956540533,0.9618863435532996,0.21232032567064438,-12.963030874223222,57.35897269642487,-0.23294078016257913,-0.02893351266534383,0.0015360303041174195,0.008919870879364522,0.22769447144160815,72175318.0,-9339971.3,0.19979754523598636,0.07689165934732167
2019-05-15,-0.0019173964056291865,0.008841724999812478,-0.043319573983294495,0.007213618144632637,1.0062171251675933,0.2110291408713135,-13.356138473408052,57.35897269642487,-0.23294078016257913,-0.05134290721964996,0.020214517128869125,0.009237046949064576,0.10161829141144366,56320424.0,-9349812.2,0.283168574401665,0.07689165934732167
2019-05-16,-0.005174431477640206,0.00787133832413472,-0.048352936487471625,-0.0022218145979477437,0.9947709245324502,0.1996912065960017,-6.172749788429442,57.35897269642487,-0.23294078016257913,-0.08154364212923282,0.026094233368151865,0.006966213238518204,0.015407093771971865,27793462.0,-8908652.5,0.3593257503083458,0.07689165934732167
2019-05-17,-0.010340883808989738,0.006464930577240797,-0.06540255116364996,-0.025391051006175547,1.1193632728941165,0.20364389323911078,0.048132568459877234,57.35897269642487,-0.23294078016257913,-0.1001970276087003,0.013240514828794181,0.013783294509902566,0.046454453792576664,-1071935.0,-8756165.65,0.37825907021658156,0.07689165934732167
2019-05-20,-0.015132657754765477,0.005475003104872781,-0.07420011690367614,-0.04003226172431359,1.197866716363952,0.20591944471512877,-0.9035870307062481,57.35897269642487,-0.23294078016257913,-0.136413552246631,0.03622462072424504,0.0177157538086945,0.05480999621903976,-31286456.0,-9313014.0,0.39152050821709716,0.07689165934732167
2019-05-21,-0.019948212031365112,0.004556805494493624,-0.08405903924763991,-0.05648326614354387,1.3054618639601638,0.20566066727458207,-2.4691580657271146,57.35897269642487,-0.23294078016257913,-0.11812953526658387,-0.0021712772101385447,0.01859966789955747,-0.040990447525333686,-78773050.0,-13146217.3,0.5325665373813027,0.07689165934732167
2019-05-22,-0.024205168792879317,0.003438277604268962,-0.0628998686820767,-0.04058048252227881,1.2754178527769457,0.21671077710046222,2.597383467861846,57.35897269642487,-0.23294078016257913,-0.14549093272867797,0.03355064029199184,0.017509695379602563,-0.061256955320572,-94994676.0,-11193301.399999999,0.4064490445859872,0.07689165934732167
2019-05-23,-0.028992481822773516,0.0016494949005321103,-0.08739208723513857,-0.07242477799144982,1.3782220289535085,0.23465886494116825,-8.410118901686758,57.35897269642487,-0.23294078016257913,-0.16751208319543942,0.022530714995756096,0.019413982681665276,0.06405057334064856,-127858560.0,-13027284.0,0.5027019902464742,0.07689165934732167
2019-05-24,-0.03134673830282684,0.0004371908013082024,-0.06911704402867526,-0.060104869899469844,1.3569739211108724,0.24592774623642222,0.6944518391345582,57.35897269642487,-0.23294078016257913,-0.15916605833091657,0.030194209205406608,0.0190790375327774,-0.011321431550372749,-146362511.0,-12760127.25,0.568554499104313,0.07689165934732167
2019-05-27,-0.03199453586852357,-0.0005714100659209307,-0.07172974987435578,-0.06773369370945673,1.3595302026186786,0.23296350401571136,-12.442366048653213,57.35897269642487,-0.23294078016257913,-0.15214556675484436,0.040607356770709035,0.017721447781404942,-0.020849394399427443,-153410031.0,-12847271.05,0.5200202096753821,0.07689165934732167
2019-05-28,-0.03160776124226203,-0.0015120483253211806,-0.06831050403548458,-0.06918837944517803,1.3259267604916598,0.2329118480767999,1.1676371404870167,57.35897269642487,-0.23294078016257913,-0.15807665033308427,0.04632337639835371,0.017830518417129015,0.06661790897486419,-167740756.0,-6106308.8,0.5282923115960416,0.07689165934732167
2019-05-29,-0.03169601260363647,-0.002385116038278091,-0.06678869407695735,-0.07263363073872195,1.2967086605605262,0.23253618338881804,-5.059523777340374,57.35897269642487,-0.23294078016257913,-0.16104184526993437,0.04714209622420029,0.021202922518438916,0.0753333933499996,-184568443.0,-6044116.25,0.4758758259568632,0.07689165934732167
2019-05-30,-0.02975892970023915,-0.0022517230140550824,-0.05531110934561645,-0.0662891939506994,1.139031377578538,0.23587875668610891,4.801333096935878,57.35897269642487,-0.23294078016257913,-0.15719491006191322,0.04908690432902241,0.02293977556022808,0.0303751831744109,-201206113.0,-848018.3499999996,0.492345376607471,0.07689165934732167
2019-05-31,-0.028965222239388803,-0.0018488612527739635,-0.031063496354574983,-0.04826045117076529,1.1664330620569399,0.2302124474710594,15.288964556776676,49.45797963073438,-0.5132852747654226,-0.1747755179186976,0.06345482567984262,0.022240216517725786,0.09530495389036,-215661663.0,2128958.3499999996,0.3951902813933308,0.07689165934732167
2019-06-03,-0.027526621565595183,-0.001109842237419464,-0.016528924627126195,-0.038416206569180475,1.1463091714732956,0.22817024457985322,19.789943159944904,49.45797963073438,-0.5132852747654226,-0.15754695705504784,0.07646577739042393,0.020294510182136127,0.09314326155838216,-202270641.0,5991350.65,0.26582131223825045,0.07689165934732167
2019-06-04,-0.02778901852963645,-0.0005720830835808312,-0.03128571919488366,-0.05855414995348627,0.7906630798472551,0.2256764039191419,12.048356735567936,49.45797963073438,-0.5132852747654226,-0.10028409760860268,-0.012096983701996078,0.01507601441513784,-0.009658346362119223,-210150254.0,5786883.699999999,0.3566954260725683,0.07689165934732167
2019-06-05,-0.02704076585756096,0.00040408315792448877,-0.017866450887760777,-0.05079266469225703,0.8001889891827105,0.23085664871721934,5.091158302555904,49.45797963073438,-0.5132852747654226,-0.09995450379734017,0.0038007275196957346,0.012573938504422122,-0.05185620413180206,-204834910.0,7024128.1,0.33889407372841807,0.07689165934732167
2019-06-06,-0.026479920264761925,0.000808406416263971,-0.02541494045109596,-0.06300495289566839,0.8299965412371372,0.23052919654025988,1.6787550133472209,49.45797963073438,-0.5132852747654226,-0.07697050391859905,-0.01854614757162898,0.011439654065078297,-0.05243432340675801,-211538511.0,6116738.750000001,0.3097027481772294,0.07689165934732167
2019-06-10,-0.02386340700228184,0.0009429787392552973,0.011591086606037106,-0.03098823731852862,0.7603200550889523,0.26967637420752044,19.0620738080623,49.45797963073438,-0.5132852747654226,-0.04393894032828827,-0.018560899993645408,0.011354082757715211,-0.0515574503536093,-196885298.0,8009345.300000001,0.17847652790079716,0.06751871226911921
2019-06-11,-0.02086776959395455,0.001178408992832904,0.03186321670650141,-0.0133172258112489,0.7613569038336785,0.2710810979663179,23.371972060426423,49.45797963073438,-0.5132852747654226,0.006437466676393333,-0.030389604610768894,0.014513346508097547,-0.035497790643460085,-184393401.0,7858280.65,0.0548596112311015,0.06751871226911921
2019-06-12,-0.015383013250711515,0.0020202650446041583,0.038741522125901165,-0.008031332674676777,0.802054422162176,0.27093968661113293,19.184749054432864,49.45797963073438,-0.5132852747654226,-0.04011561074118608,0.030055175164031556,0.008294529217540036,-0.03405986668407683,-172804541.0,10378164.25,-0.01571398439147864,0.06751871226911921
2019-06-13,-0.012119948025367132,0.0017503034355969118,0.015335746536221715,-0.03229062393102482,0.8251728190141396,0.28376976971584306,9.070286759129552,49.45797963073438,-0.5132852747654226,-0.042323862903918874,0.006179256460314253,0.009248855370308284,-0.03771290612509684,-173009268.0,8481800.8,0.039026862645717086,0.06751871226911921
2019-06-14,-0.009346772349575462,0.0013125950324761068,0.000742066405833473,-0.048099222370763195,0.8093707328908046,0.2879547450460306,-7.345161284891837,49.45797963073438,-0.5132852747654226,-0.0514365589198752,0.006902176041103547,0.012549112172699495,-0.07053135024145692,-175707858.0,8432544.1,0.14023591087811282,0.06751871226911921
2019-06-17,-0.007797682058354693,0.0005046887361676564,-0.0101954106711619,-0.05972556762891577,0.8740427260093574,0.281000658820449,-6.382985714159908,49.45797963073438,-0.5132852747654226,-0.038623136808498826,0.0034265531698672858,0.009844135138576515,-0.064537723138847,-184641768.0,2871032.0,0.25613051746571913,0.06751871226911921
2019-06-18,-0.007068996114637706,-0.0004371858766688304,0.0009564017702872831,-0.049221052157207214,0.8686780220041371,0.2799618656460586,-6.009009301970707,49.45797963073438,-0.5132852747654226,0.04502153725790037,-0.05552566196175712,0.003507001628537232,-0.07345118158723483,-172702581.0,95956.25,0.20891226677252872,0.06751871226911921
2019-06-19,-0.004433647926770157,-0.0013105293115934496,0.03488492170020073,-0.014804860446137153,1.0084074452566583,0.3009782878555733,9.570999255344596,49.45797963073438,-0.5132852747654226,0.024079353833274864,0.01865560661641119,-0.0036647474249119627,-0.12193627302742181,-121942731.0,-815371.25,-0.09171830002618031,0.06751871226911921
2019-06-20,-0.0010576452456480547,-0.001612849448480455,0.03758581857678425,-0.010534299229496754,1.0292677242635686,0.2959796770729571,10.372332288995075,49.45797963073438,-0.5132852747654226,0.05649645217055421,-0.027084902999753968,-0.008604160536518246,-0.09620097405443684,-112214010.0,1826716.9,-0.05066515709029151,0.06751871226911921
2019-06-21,0.0051945187683989395,-0.0008066970025906417,0.04830196872630228,0.003128396082686641,1.1762893658252855,0.2678645179927009,6.7160800572024755,49.45797963073438,-0.5132852747654226,0.06626654504298113,0.014168120625456249,-0.018376597820675356,-0.051957661368870006,-71089086.0,5057996.699999999,-0.16182790983247086,0.06751871226911921
2019-06-24,0.010411329011866546,3.474710063423356e-05,0.046944502700439004,0.004874768431225069,1.126044318406673,0.2657797467614488,-2.4420843705934487,49.45797963073438,-0.5132852747654226,0.07630508897845467,-0.0075642508575519685,-0.018055475193331283,-0.05886704090122695,-65945723.0,6958242.35,-0.06334006852323637,0.06751871226911921
2019-06-25,0.014228023618193234,0.0008041000206323797,0.032733706541078704,-0.005878932272853479,1.1360805309661506,0.26692904931564254,0.7743465165571806,49.45797963073438,-0.5132852747654226,0.0603291433352271,0.006482299520569779,-0.02017731293365499,0.0027100774018668622,-49067318.0,6662645.9,-0.1273890643177663,0.06751871226911921
2019-06-26,0.014579665714043578,0.0009253382398748886,0.01290856823832573,-0.022571683482395955,1.117232513591225,0.27583500519501275,-4.896082046041123,49.45797963073438,-0.5132852747654226,0.10422971786297075,-0.05303479205030803,-0.015356239952505901,0.002380685797018362,-54720362.0,1687145.3,-0.018180308816204582,0.06751871226911921
2019-06-27,0.01709909796209788,0.001363079309424924,0.03471604136141412,0.002235065426198785,1.1164026008577628,0.28605429383874725,4.3602147503905115,49.45797963073438,-0.5132852747654226,0.115911122613644,-0.03312234207281972,-0.019716664991909938,-0.015403773839031265,-33033871.0,2215182.95,-0.07518161851664129,0.06751871226911921
2019-06-28,0.016494533581002162,0.000989048406217944,0.02485927996377956,-0.004112956101426135,0.9256991090923429,0.28821931282924473,-6.2514275055118205,49.45797963073438,-0.5132852747654226,0.10923060131847695,-0.040182709248150594,-0.022994664117261032,-0.054930589196152735,-26373629.0,-646551.1500000001,-0.08543290931473124,0.06751871226911921
2019-07-01,0.01754251718058095,0.001375405116484306,0.06091465046732519,0.03472364136323158,1.0242488726985204,0.31118889108090275,4.269990698550913,58.53048864051862,0.04006632197069848,0.15535649892209746,-0.06505469186917634,-0.02210469524160097,-0.1058254589976917,-5809976.0,3663523.4,-0.1525544202576633,0.06751871226911921
2019-07-02,0.01829235500726903,0.0017682170388595825,0.058831368230536925,0.03605535357005901,1.0100363436575852,0.31044883472128915,-4.267033391684997,58.53048864051862,0.04006632197069848,0.13556879853874548,-0.05454883318277659,-0.01805089320820019,-0.1618862176560258,-11114830.0,4024057.7,-0.18077382593511626,0.06751871226911921
2019-07-03,0.019452469586258486,0.0015843784726299593,0.027477290039790936,0.009174674542733593,1.0131559245168973,0.31638175643662275,2.6657240764070664,58.53048864051862,0.04006632197069848,0.08502426076061775,-0.009631274627414088,-0.013003539196817737,-0.1734341772149635,-9800977.0,4753296.85,-0.17701890408572174,0.06751871226911921
2019-07-04,0.018983370635860062,0.0012557872295208378,0.030217231528169543,0.01554524789491376,0.8949792209070959,0.3160179643499257,4.280401618259269,58.53048864051862,0.04006632197069848,0.09321984753870538,-0.02038401071966467,-0.008619053052494663,-0.1637561274796511,-8378372.0,2132401.0,-0.18950945368998873,0.06751871226911921
2019-07-05,0.019570680096067637,0.0009621508081640018,0.02201034754804139,0.01158136287018563,0.8924271469442016,0.3114901701417233,7.559003699067297,58.53048864051862,0.04006632197069848,0.07231147868213528,0.009943767195728759,-0.009137649766692957,-0.10866502192250767,-3524296.0,285894.6,-0.16957862281603286,0.06751871226911921
2019-07-08,0.01727427170857508,0.00014208360981227144,0.017718877170944575,0.009597146211873237,0.6851954485353219,0.29058651176054645,5.9630792372084045,58.53048864051862,0.04006632197069848,0.02582946279617837,0.018197959699933763,-0.005900346539586265,-0.056756748101239214,-23384765.0,-4180639.1500000004,-0.047914317925591865,0.06751871226911921
2019-07-09,0.014379898952075535,-0.0007125901264345253,0.01447697517783994,0.007647365460633325,0.655860846886931,0.2842968094378202,-7.937858248451093,58.53048864051862,0.04006632197069848,0.03045792077077092,-0.00775885560687839,-0.007200657441555514,-0.041822494002649924,-37535291.0,-4768717.05,0.048525798525798525,0.06751871226911921
2019-07-10,0.012616033046274308,-0.000568412259880592,0.03350491952469904,0.028486008185025873,0.6287300180663798,0.2921581633737607,-6.514812398640643,58.53048864051862,0.04006632197069848,0.06250049579084593,-0.025036099352594432,-0.007461057717013886,-0.10514389077922522,-42727648.0,-2711014.6,0.02764384442301515,-0.012929215982372178
2019-07-11,0.012817008564152552,-0.00035367963597470196,0.04219264881710452,0.04088581093848585,0.7099693587096143,0.2767654105991801,-4.475137691948255,58.53048864051862,0.04006632197069848,0.05983035263278369,0.016486420133907664,-0.012473357234011329,-0.10311099425213191,-20477649.0,-1564635.55,-0.12702439024390244,-0.012929215982372178
2019-07-12,0.013530315933968121,-0.0003369980622172066,0.03948918124595804,0.04315447319441706,0.7224326872723434,0.2661612933194378,3.6419105312004874,58.53048864051862,0.04006632197069848,0.10890123854727563,-0.012152714855178992,-0.01611160425971292,-0.13186656659634824,1579834.0,588985.5,-0.2374005305039788,-0.012929215982372178
2019-07-15,0.017440929789169782,-0.0003437981001013243,0.04977122765642177,0.05992098178240277,0.7576045920948602,0.26060191178848713,6.65468395916551,58.53048864051862,0.04006632197069848,0.12468658497189145,0.003921713897181656,-0.014003111304539462,-0.10315802048212655,27311126.0,2412565.5,-0.3056573705179283,-0.012929215982372178
2019-07-16,0.022181409775922357,-0.00021182047754625866,0.049877754870797236,0.06616664975082204,0.7963920955365943,0.26005047817915183,14.727128911478424,58.53048864051862,0.04006632197069848,0.06647890581194305,0.05672931804201342,-0.01569448099616977,-0.0830005934351329,35346245.0,4269822.15,-0.2511288071586898,-0.012929215982372178
2019-07-17,0.023591029981344783,-0.0005700546041951933,0.030124544881188594,0.04990423707704169,0.8389288170878896,0.24490532665818945,3.380526234502632,58.53048864051862,0.04006632197069848,0.06862072261667107,-0.0014790421268313647,-0.008379949955661159,-0.002570307529905199,14586418.0,3820984.5000000005,-0.09089162182936206,-0.012929215982372178
2019-07-18,0.023328983526101493,-0.0010311784744491883,0.0347285408986386,0.05863159684522976,0.7945740751595803,0.24543574656050868,0.5682433270864777,58.53048864051862,0.04006632197069848,0.07455151490265766,-0.0033306392080354463,-0.0035037337682239933,-0.02975978834872326,7625504.0,1455371.8,-0.03190220632081098,-0.012929215982372178
2019-07-19,0.02247559192270431,-0.0009451986654900464,0.0511364025596181,0.079571388129132,1.0349918066051607,0.24928377950721545,-11.114798370204639,58.53048864051862,0.04006632197069848,0.08040413624933529,-0.0034808849872389747,0.0008097042438957036,0.039755338671057176,17923552.0,3876108.4,-0.14305148597739636,-0.012929215982372178
2019-07-22,0.021103491561316936,-0.00048741873153295627,0.06645107267495448,0.10002170753722865,1.0675039238352668,0.25511116411489176,4.1930199543485,58.53048864051862,0.04006632197069848,0.10056796653526412,-0.00513232820584153,0.0028114362270625914,-0.020346117833253304,41010899.0,4350365.85,-0.2722753704745826,-0.012929215982372178
2019-07-23,0.020452627286709702,0.00037017427649349745,0.06098650030446737,0.0990775347847424,1.1192793333224518,0.24958496847197278,13.339572838785244,58.53048864051862,0.04006632197069848,0.13093767974970283,-0.024019677689588015,0.006745368404482033,-0.07466521841134707,53865104.0,5219796.6,-0.2978763927245024,-0.012929215982372178
2019-07-24,0.02337960726172978,0.0017098316442183798,0.05851812112493587,0.10218138700313491,1.114177820219245,0.23586281719964033,17.029476843410976,58.53048864051862,0.04006632197069848,0.12967417394478087,0.000389888663355098,0.0012916020798909855,-0.10062965280196777,73858108.0,7112559.799999999,-0.33110678954933626,-0.012929215982372178
2019-07-25,0.024849780539621086,0.0030796232611427846,0.053363853328177904,0.10108701058456641,1.2023914141526955,0.22527108434240786,15.625031937667416,58.53048864051862,0.04006632197069848,0.09418626426223886,0.007684852048448709,0.0054001558937599725,-0.03968644174629412,67193641.0,9117434.75,-0.2684508586043113,-0.012929215982372178
2019-07-26,0.02546671051552919,0.0038911877000125956,0.032947463456215575,0.08369095201858323,0.9410038675242632,0.23316455309704712,-6.033299834143818,58.53048864051862,0.04006632197069848,0.09246314362690145,-0.0004129679741553538,0.00398197389126298,-0.07320605932121754,62035719.0,3755414.8499999996,-0.2298994974874372,-0.012929215982372178
2019-07-29,0.02322762789306259,0.0038494942750449544,0.030398733373643603,0.08335125211259899,0.9217663006209552,0.19267202875501954,-4.675401092775047,58.53048864051862,0.04006632197069848,0.06708955789607529,-0.01678765150280026,0.006574080256640524,-0.01753579888123672,45555433.0,2004159.7500000005,-0.05315579786118685,-0.012929215982372178
2019-07-30,0.020194921911520208,0.0036357964677933637,0.024226858980555727,0.07850372133517562,0.8741358445352952,0.19399117387877693,-13.40729738966958,58.53048864051862,0.04006632197069848,0.079216967230886,-0.035040310599200986,0.0023907638798084108,0.06335098242513788,45120192.0,-536675.8,0.01851020866053399,-0.012929215982372178
2019-07-31,0.017375662361976244,0.0030497741222901185,0.018845575522703165,0.07602410130991573,0.9304372484382933,0.16377550395295926,-9.389706575942881,64.28745682613688,1.8923115406708746,0.0489292355947335,0.02117357777548534,0.001776036697367589,0.21321599390142246,56303939.0,-2062782.7500000002,-0.004340002117074193,-0.012929215982372178
2019-08-01,0.014906080131984032,0.002391095353599033,0.0046019902377592604,0.06322680386920729,0.9057540608067596,0.1717552024981928,-17.465477410122,64.28745682613688,1.8923115406708746,0.028215078313972075,0.023014451442041617,0.0029301778718078264,0.31862461937341174,47240160.0,-4639221.8,0.09782842399483993,-0.012929215982372178
2019-08-02,0.012169782513974691,0.0018994136969432236,-0.016617534203416953,0.04226683663330617,1.0915541405599654,0.1876261640057258,-25.655273010888756,64.28745682613688,1.8923115406708746,0.01828699694327307,0.016692614816943285,0.00947985404936258,0.2790064681470252,44189285.0,-5669071.25,-0.07714521452145218,-0.012929215982372178
2019-08-05,0.01046188941747247,0.0014982903219074807,-0.036921305920996475,0.021634322021909205,1.2767748108076395,0.20254350698883536,-30.046901980816244,64.28745682613688,1.8923115406708746,-0.01853959502124225,0.03503426800993259,0.009015372058423177,0.7195804245169166,31372722.0,-9755055.7,0.030886125912768847,-0.012929215982372178
2019-08-06,0.00955286874984311,0.0012710014314731134,-0.03033857632658826,0.02949213859202675,1.4179372592298398,0.20378953722930623,-14.90138954647832,64.28745682613688,1.8923115406708746,-0.013304002796269976,0.04016338323190227,0.017137368399982922,0.38112845903212794,33522907.0,-10641083.95,-0.0007810974419059091,-0.012929215982372178
2019-08-07,0.0063800569154050185,0.0014121540027239585,-0.03247826287973336,0.026889066911113268,1.3918381552720187,0.19085561108870927,-4.687498283083151,64.28745682613688,1.8923115406708746,-0.013176950560822798,0.017225652296116056,0.00957307778819616,0.3056876607053344,23868579.0,-12527897.95,0.0949848816598895,-0.012929215982372178
2019-08-08,0.004601979908023499,0.0019398979190553879,-0.011695895468846317,0.04875692213595636,1.3931297742063957,0.20212321129339397,4.918693279948322,64.28745682613688,1.8923115406708746,0.010147113129942431,0.0038529096575377064,0.012437560221145505,0.11794260358484955,21844630.0,-8759855.5,0.11935628073312476,-0.012929215982372178
2019-08-12,0.0030303005407028728,0.00253996491976053,-0.021537763351354298,0.037559202243130314,1.1952507737253786,0.20552462219032944,-16.44262806654916,64.28745682613688,1.8923115406708746,-0.03809134450512386,0.04008744593751179,0.013080933222715752,0.3553113639542787,8185445.0,-6942063.05,0.20881159420289852,0.2520111913340193
2019-08-13,0.000683724961453449,0.003509541031183546,-0.03757933695174115,0.018061393788145797,1.0281646987593125,0.2062058949515107,-15.987288202546125,64.28745682613688,1.8923115406708746,-0.017322819808676115,-0.014111520281522516,0.012108703147278854,0.10865028377543899,-6058282.0,-3405164.9,0.25613954555887086,0.2520111913340193
2019-08-14,-0.0018534684661667498,0.004412422494460616,-0.02462865241630528,0.02909421429907363,0.861380182685288,0.21035899765404864,-12.7713530471408,64.28745682613688,1.8923115406708746,-0.03807578820796109,0.012685275354973546,0.003614986458268188,0.35874579180582045,-15230073.0,-2951957.95,0.3740407805305854,0.2520111913340193
2019-08-15,-0.0028284391514974334,0.005378586574739196,-0.02973392432392137,0.021395403307383844,0.8474938370850167,0.20429747686214605,-0.7018770308643099,64.28745682613688,1.8923115406708746,-0.0429425124940106,0.02706945232033864,0.011450489928912955,0.2739466620462606,-9591898.0,-1662195.1,0.39748467554428246,0.2520111913340193
2019-08-16,-0.004288497632972378,0.005866664853600576,-0.021143317127616416,0.028244653513749576,0.8149635982831418,0.20436995599460284,10.084450708388133,64.28745682613688,1.8923115406708746,-0.03125141398894138,0.015503405930974212,0.007322382962092977,0.09468065026497166,-8352154.0,-3785102.0999999996,0.29894261369469244,0.2520111913340193
2019-08-19,-0.0057499288311945685,0.007064238026284748,-0.01195836181138065,0.03438573231682083,0.8766641058289651,0.19278053381307145,9.390824386095012,64.28745682613688,1.8923115406708746,-0.011103046482937917,-0.01592395485682707,0.012977378042490884,-0.006708299689129095,-30708062.0,-1471012.2999999998,0.4499938942483819,0.2520111913340193
2019-08-20,-0.006051713913489172,0.008174959576327506,-0.0002944981313332257,0.042579052883605535,0.8725296352366794,0.18205790568447555,15.406467465764585,64.28745682613688,1.8923115406708746,-0.03551270687029917,-0.00047189980379624963,0.010247512170626472,0.01788570484719339,-38242421.0,1876204.05,0.47016368088671223,0.2520111913340193
2019-08-21,-0.006645791437470401,0.008973624057355321,0.0015742812851405417,0.04038152093697033,0.7855681668118016,0.18205790568447555,8.867625878318393,64.28745682613688,1.8923115406708746,-0.03848674930331775,0.002502142629222326,0.008632896651430855,-0.08944213064471927,-49886137.0,3476145.85,0.56598399565984,0.2520111913340193
2019-08-22,-0.008020320888711815,0.009604727164211435,0.0017747387796531186,0.036154526144259534,0.7495329593404679,0.18087065363436358,8.417419868062076,64.28745682613688,1.8923115406708746,-0.06767488576557312,0.02616536792603097,0.008771343344832427,-0.0513294336528958,-53233096.0,4738880.4,0.4353431930223739,0.2520111913340193
2019-08-23,-0.009397006503798416,0.010429894473248533,0.0039525144233117475,0.03391294023136153,0.6931991465987982,0.18087065363436358,10.930100501455051,64.28745682613688,1.8923115406708746,-0.09267808614590167,0.05116856830635952,0.0067541810823055215,0.10764260524959457,-59383589.0,5240009.25,0.4444999375702334,0.2520111913340193
2019-08-26,-0.010488127451926649,0.010103257200712014,-0.015354230964184644,0.009816659972872059,0.7316184279257752,0.1884804763946663,9.535161820444749,64.28745682613688,1.8923115406708746,-0.08468747676037369,0.036794669856869966,0.013124000605441166,0.055910781326384676,-71069318.0,2338415.5,0.4291540433465393,0.2520111913340193
2019-08-27,-0.010802319094565058,0.009610809393120768,-0.007247121276291834,0.014395153600447791,0.8875489748619121,0.19069788023353332,5.805647695326712,64.28745682613688,1.8923115406708746,-0.09004894973485555,0.04790333624851795,0.009394498745698199,0.08778315880529869,-72712941.0,1023474.4499999997,0.3896578451998671,0.2520111913340193
2019-08-28,-0.010527359752120163,0.008958650677518679,0.002287025899121356,0.021014703070214042,0.8650389891957523,0.19385669613833723,2.092482493367804,64.28745682613688,1.8923115406708746,-0.0821736300942062,0.0514045127296876,0.009701185535158086,0.02156641444608115,-70084451.0,1183893.5499999998,0.3819803943165547,0.2520111913340193
2019-08-29,-0.00946558786454161,0.008775315177394896,0.011347739671115619,0.02714103978847852,0.8669770015085322,0.19670302818687796,-2.2775439927431975,64.28745682613688,1.8923115406708746,-0.03022483654999486,0.009030320446906992,0.012281165672004324,-0.06040625824142786,-67891580.0,1215296.4,0.28747607909844786,0.2520111913340193
2019-08-30,-0.006818174339275813,0.008734422812399651,0.030743238502210456,0.04513698381092178,0.9977420970604037,0.20551950810640995,10.118955013675325,64.28745682613688,1.8923115406708746,-0.00466933201142572,0.014415965736886971,0.003981139495546682,-0.005501726396614962,-39806315.0,3628556.75,0.12867215041128088,0.2520111913340193
2019-09-02,-0.0031698916561529906,0.009263676752837761,0.02355153231396519,0.036785055994256056,0.9469073144784284,0.1931675394229234,12.904808259960227,64.03123270417292,3.287325425429202,0.011078780755106488,0.012777720747167542,0.0008305164091571005,-0.009058417280984042,-29416118.0,6341838.9,0.28877961555654896,0.2520111913340193
2019-09-03,0.0004963717612862515,0.00922582895839533,0.008136490279213902,0.021203998097584734,0.8116924049775036,0.18516739534924398,6.779652935223119,64.03123270417292,3.287325425429202,0.038496070308767116,-0.00807010754335491,-0.0028299109616929385,0.03982651550895895,-16210800.0,3924548.6,0.17574423279410367,0.2520111913340193
2019-09-04,0.0038778852000423063,0.009158934629875564,0.020205930264462914,0.03382980518925902,0.9278205908403003,0.18888031337269603,2.579328327255702,64.03123270417292,3.287325425429202,0.05394759791312831,-0.01773029323599018,-0.0108222505630452,-0.07647215545040849,-7642434.0,3905586.5,0.17002149697088131,0.2520111913340193
2019-09-05,0.007963345675421644,0.008899958518770864,0.038909628467615795,0.05415380397032812,1.1154973892215148,0.20041266019996026,-0.3940860434164364,64.03123270417292,3.287325425429202,0.07856786367789481,-0.018084140225639755,-0.008241345907053943,-0.12545686396467134,37367281.0,7848939.149999999,-0.03142258617406213,0.2520111913340193
2019-09-06,0.009451769379074665,0.008858263009679493,0.038833022653592175,0.0539594118168865,1.049865774586842,0.18718848410531427,9.53698971153073,64.03123270417292,3.287325425429202,0.05168780464166134,-0.012240098742584582,-0.007988270725381885,-0.18956155087915616,41888159.0,6576862.850000001,-0.04243210862619806,0.2520111913340193
2019-09-10,0.010334877844980543,0.008847306699336036,0.02881876255410421,0.043657019539845195,1.1458906261177635,0.18544432841899983,-4.473268465476934,64.03123270417292,3.287325425429202,0.09410637727081772,-0.05227378483732026,-0.006089395826052835,-0.165477113198618,60595190.0,8623359.5,-0.11246117303124425,-0.03719950595574517
2019-09-11,0.01210556056601835,0.009891454008621773,0.03137244971423659,0.04703165474556002,1.1951560036821174,0.16989158831434162,-6.252596137530254,64.03123270417292,3.287325425429202,0.078225839824408,-0.011288793070856062,-0.01091384808078355,-0.19141048020493473,65461330.0,7634224.699999999,-0.17089516515078984,-0.03719950595574517
2019-09-12,0.012876380015443303,0.01079505775660412,0.026794589481890167,0.04264895046614923,1.2418034505731705,0.1674715917444547,-4.8451569592706605,64.03123270417292,3.287325425429202,0.11663454423722253,-0.06453014911722987,-0.0018974726802395425,-0.19545105361034776,72349876.0,1237235.2000000002,-0.20850034031611586,-0.03719950595574517
2019-09-16,0.01333200884276654,0.01107339768297395,0.0349867204568326,0.052519289683141915,1.1099874148051325,0.167024135200973,4.727354032890645,64.03123270417292,3.287325425429202,0.10783090757229608,-0.03726656354466473,-0.01412714104568924,-0.15441811192064378,88327198.0,668738.0999999996,-0.20564293053030902,-0.03719950595574517
2019-09-17,0.014291343190660688,0.010827756258667004,0.030026292932984148,0.048605209209834625,1.1216214200648689,0.16712546470813222,13.066067140377278,64.03123270417292,3.287325425429202,0.0814534326411187,-0.02145336512265983,-0.010919735609773107,-0.15789475616132642,95818427.0,600585.4500000002,-0.1600976924372579,-0.03719950595574517
2019-09-18,0.015147034297415218,0.010365062933812277,0.03478333606194453,0.05467579410377752,1.2048746631684164,0.16695225211149678,13.438788680082261,64.03123270417292,3.287325425429202,0.0623494260389128,-0.0028258341420759336,-0.014440422213771065,-0.1794600394837212,115865349.0,5224847.350000001,-0.17533093714385906,-0.03719950595574517
2019-09-19,0.01431370981022271,0.009576161116657947,0.032282970499517276,0.052873650225277534,1.1167817573984737,0.16516092627340798,8.860329422260492,64.03123270417292,3.287325425429202,0.062158863404796705,-0.013043143132694501,-0.012376410958852335,-0.16510679839052,117115338.0,5456873.699999999,-0.1611813615104798,-0.03719950595574517
2019-09-20,0.013982450789773969,0.009084940325916974,0.026107920089025488,0.0470087049259263,1.192690067977342,0.16644208441725336,-5.402294258083771,64.03123270417292,3.287325425429202,0.033238160578725306,0.011918602465424977,-0.014275693012873791,-0.08833944629048604,114411940.0,4769041.4,-0.14645530603258472,-0.03719950595574517
2019-09-23,0.012861271246422591,0.009208536302431927,0.023739869969159146,0.044850016338173815,1.0773823085335528,0.1659254736547633,-11.776975018563377,64.03123270417292,3.287325425429202,0.04353775223694001,0.0036765747794365033,-0.009430345891539016,-0.1080402042303033,116742122.0,2116708.5,-0.16475062667473417,-0.03719950595574517
2019-09-24,0.012435084750192841,0.009100100079269178,0.025053336399703655,0.04699136772572349,1.0365564764348814,0.1657552370667816,-4.8176485379562735,64.03123270417292,3.287325425429202,0.07301676253476641,-0.021835684428265667,-0.011564740629651737,0.028657582700537573,130693393.0,-774726.8500000006,-0.20130452507134122,-0.03719950595574517
2019-09-25,0.013272420282672738,0.009249306234719581,0.025082877888825947,0.04895363972357751,0.8727774087619287,0.13890915041414173,11.820421493294177,64.03123270417292,3.287325425429202,0.08272102798518466,-0.004219846744624833,-0.015723014058796392,-0.027244456208513883,135541536.0,-5454012.0,-0.2235059760956175,-0.03719950595574517
2019-09-26,0.014694565943310393,0.008939237390802345,0.028850631893404935,0.05535882311108092,0.9375871938931339,0.13932165523015883,16.506510504865133,64.03123270417292,3.287325425429202,0.08663657806218206,-0.006546111767045115,-0.013609996758467968,-0.007718440525007434,138880722.0,-4911288.3,-0.24053558619590343,-0.03719950595574517
2019-09-27,0.0166989060463144,0.008763065096349462,0.03983784228285189,0.069365219543728,0.8782441492964076,0.14411351734596373,9.607082267645382,64.03123270417292,3.287325425429202,0.05470145323630904,0.03280948899804326,-0.012704252459711407,0.07032971029263622,155397763.0,-1752006.1500000004,-0.21519405450041285,-0.03719950595574517
2019-10-01,0.019762620417763794,0.009276653263117059,0.06474280366845156,0.09798880344684748,1.172298440540625,0.16936430574479183,3.147442531595985,61.04888254835983,5.384890453099558,0.032343468211422755,0.07833859935037224,-0.011781904846356439,0.15118621159821946,165027253.0,3043904.549999999,-0.15139684192260972,-0.03719950595574517
2019-10-02,0.021557918954836795,0.009986653195912864,0.05832617408564616,0.09336088905323511,1.2149085417289882,0.16220065221620764,9.520744490119796,61.04888254835983,5.384890453099558,0.009867617648979365,0.07742769649995074,-0.007898683806841222,0.26901828379666276,170457173.0,4300930.35,-0.11082206035379816,-0.03719950595574517
2019-10-03,0.021779528021291506,0.010396936121797531,0.04283457247529159,0.07914030119338152,1.249436859948676,0.1671291012559877,0.255604190824954,61.04888254835983,5.384890453099558,0.0271376316533376,0.05475315572953199,-0.008872430865384584,0.17962803488790569,173232291.0,1990545.0499999989,-0.10624440283318404,-0.03719950595574517
2019-10-04,0.02256599266958967,0.011331073184037555,0.03805763658402207,0.07663198684941573,1.263262824926164,0.15465672869262181,-4.197035833335548,61.04888254835983,5.384890453099558,0.06498597857692023,0.031812702453940744,-0.0142214580096236,0.05986633534420154,166700281.0,752362.5499999998,-0.07391013863370632,-0.03719950595574517
2019-10-07,0.022575047266490622,0.012161001391310237,0.03931307651614709,0.07982261549366115,1.1286537369521157,0.15093206599212222,-10.416263575004521,61.04888254835983,5.384890453099558,0.02870586273273923,0.05905386877211449,-0.01604415368225498,0.10904127343923414,132640447.0,-1466182.3499999996,0.0830711757766418,-0.03719950595574517
2019-10-08,0.02199276282163249,0.012262668977806509,0.06601524520981705,0.1098677016709911,0.9259378345326535,0.1674266613681943,6.908794523350437,61.04888254835983,5.384890453099558,-0.03304793805208761,0.13062312448132563,-0.012256159473148731,0.2438284361045239,136617222.0,-3841596.4999999995,0.11865290376394544,-0.03719950595574517
2019-10-09,0.021527054522368944,0.0120075621649176,0.04529023659976708,0.09005147480250532,0.9462095255865728,0.18235646462159136,-6.467474853838894,61.04888254835983,5.384890453099558,-0.017528081177218824,0.09581396750780036,-0.013795325765905697,0.13062199189874044,126072080.0,-5064426.6,0.23653949489521753,-0.03719950595574517
2019-10-14,0.023239216666372214,0.012373913008604116,0.06890973300445254,0.11799472303538065,1.0098873764972813,0.1965848918854122,-0.5218464145660704,61.04888254835983,5.384890453099558,0.004579477553103839,0.11277687258807756,-0.017610258213713093,-0.11455486099189768,132823111.0,-3069872.55,0.20885229027277408,0.03787248080886596
2019-10-15,0.024647127526094957,0.012675465207731376,0.07537531157574325,0.12852169208869363,1.0240882062956063,0.19790860205886637,-3.729789787449235,61.04888254835983,5.384890453099558,0.012140531762343976,0.11225170377462379,-0.015795375141156698,-0.17446574933758255,136100480.0,-2017693.0,0.16175904541955344,0.03787248080886596
2019-10-16,0.027074296821984756,0.01294254849859268,0.07925593327362078,0.13696610864098246,1.1354530954761195,0.19619908920548415,9.219416597656291,61.04888254835983,5.384890453099558,-0.005587320371833293,0.14363568756073408,-0.017850779760508084,-0.16455462123583411,138358106.0,-919644.5,0.1501051022358113,0.03787248080886596
2019-10-17,0.027786685578067388,0.013039543359092806,0.06253681406217948,0.12235016016533388,1.151619138730552,0.20386322464801476,-0.8519149564455262,61.04888254835983,5.384890453099558,0.007946142040973214,0.10585862010630098,-0.013100458504016754,-0.1555678015606178,124482973.0,-3565900.45,0.24604516963486223,0.03787248080886596
2019-10-18,0.029443991234655832,0.013463978888303018,0.05500014543472484,0.11752446116145511,1.181304626364738,0.203778395955703,-5.417752890819017,61.04888254835983,5.384890453099558,-0.00603224553550652,0.12003685093638572,-0.00906526328815993,-0.12689173222827024,120927188.0,-1683831.0,0.2628095858818811,0.03787248080886596
2019-10-21,0.028272689344441135,0.01288612780143405,0.03951971503387774,0.10377138391863933,1.134428659178614,0.2110472736176257,-11.936544243588685,61.04888254835983,5.384890453099558,0.011924225286775059,0.08241559118822339,-0.010113788623437703,-0.14234079520658,96729866.0,-1037027.5,0.4253215690443286,0.03787248080886596
2019-10-22,0.027468791768603826,0.012280151041293558,0.048408569849593325,0.11673037793160547,1.0645362018346636,0.21273155004993916,-6.649245429803315,61.04888254835983,5.384890453099558,0.009754614948340512,0.09967931998032054,-0.014307886925433833,-0.11527165471906203,104534457.0,-227286.84999999963,0.36943727413526073,0.03787248080886596
2019-10-23,0.026021120273245112,0.01151571468424172,0.03946755312634102,0.11075346858565993,1.0202754837660102,0.21252529704197656,-12.22730518318528,61.04888254835983,5.384890453099558,0.008688391589691369,0.10115987066151555,-0.013121681180911171,-0.13935557686431618,105799514.0,-1312055.7000000002,0.38082955014444897,0.03787248080886596
2019-10-24,0.025700868811472623,0.010629665400368988,0.034147779767053486,0.10865309035158446,0.9329558041531366,0.21252529704197656,-6.051613606944983,61.04888254835983,5.384890453099558,0.023712237423587634,0.08613602482761928,-0.013328173534689403,-0.15466904812504276,111938825.0,-151956.25,0.3944944634171583,0.03787248080886596
2019-10-25,0.025294799706034047,0.009939807510573877,0.030728830153164004,0.10841452004159613,0.8067883762196593,0.21285098356104148,-0.8370359307250368,61.04888254835983,5.384890453099558,0.06229425081300777,0.04525310786170045,-0.014447333413844188,-0.20930089646071198,123208621.0,55798.35000000056,0.3507554103715802,0.03787248080886596
2019-10-28,0.02580875149043453,0.010078574894099912,0.029090552463202912,0.10971442628339885,0.7244726812910759,0.21288765300580167,6.655858790082746,61.04888254835983,5.384890453099558,0.062048851616676615,0.04509406644614278,-0.011738042727817644,-0.17318367423005004,125805722.0,847949.9000000004,0.4134427911749614,0.03787248080886596
2019-10-29,0.025942756381067248,0.010531547909890792,0.037539045674118705,0.12200675240832103,0.778118189704258,0.21484763645934063,7.516582238472509,61.04888254835983,5.384890453099558,0.052123274871276104,0.06168274836737608,-0.013571592382463749,-0.15990454674525784,137205856.0,1706734.7999999998,0.33277363836708984,0.03787248080886596
2019-10-30,0.02554324973108715,0.01117246583907756,0.03606332399872682,0.12285011029271072,0.8092556100096466,0.2120155827310571,-3.1640942015450406,61.04888254835983,5.384890453099558,0.07686322645175636,0.024239947772574988,-0.017167802524730158,-0.2028704487083273,121322670.0,3056379.6999999993,0.29261363636363646,0.03787248080886596
2019-10-31,0.023559532135946002,0.011842445004748247,0.02931028521640312,0.11624517387898857,0.918270289632644,0.1928217765771057,3.1982092688209462,64.73626464965506,8.815296604319514,0.06930450907606467,-0.003233244888921849,-0.02639041804700637,-0.1303203601306582,102228941.0,4241843.350000001,0.2644923831919026,0.03787248080886596
2019-11-01,0.02186127002118541,0.012696902920913456,0.0275795713249308,0.11502781604621354,0.9617949535513416,0.19200707912529977,-5.726170641059227,64.73626464965506,8.815296604319514,0.11196433144020745,-0.04219728743590978,-0.01740590873536041,-0.16824451569557797,102513387.0,3559072.8499999996,0.2121123464014043,0.03787248080886596
2019-11-04,0.022101833284139536,0.014045805961483658,0.04957263277541524,0.1407926985879995,1.0895557195014096,0.20118146993312405,4.563410101546538,64.73626464965506,8.815296604319514,0.11719803399957018,-0.006890920288805669,-0.019964605800698254,-0.11355236331215077,117144294.0,3062659.3,0.22900346146839134,0.03787248080886596
2019-11-05,0.02259294539133981,0.015664432291306738,0.055404652845974546,0.14911256582034202,1.0678344913455808,0.2012523312356565,-2.0461565671809154,64.73626464965506,8.815296604319514,0.09893356050051327,0.02403196800575569,-0.01901993316537065,-0.082408128745371,122092051.0,-39986.950000000186,0.22635043737036709,0.03787248080886596
2019-11-06,0.02343678443641641,0.017055630647906397,0.051208468130675984,0.14641180730504924,1.0005181973616675,0.2018242518934258,13.393995259478544,64.73626464965506,8.815296604319514,0.09755816431531827,0.02114694978493259,-0.017440356401155488,-0.09950409309810254,124287678.0,-455542.30000000075,0.24226195879095935,0.03787248080886596
2019-11-07,0.02405169572599933,0.01837789269651929,0.0404916544948816,0.13465753395294194,0.9357917800703227,0.18322102332970655,4.535733253609521,64.73626464965506,8.815296604319514,0.14079706125254643,-0.06226295202492893,-0.013480121407148271,-0.06651025904293244,106258669.0,-1517723.25,0.3030105322024419,0.03787248080886596
2019-11-08,0.024658447115323712,0.018916208231537394,0.024651776940645707,0.11811684746318075,0.921741588232804,0.17759409461994397,2.82887140708344,64.73626464965506,8.815296604319514,0.12715712549265623,-0.04382419440382246,-0.016037736961233895,-0.09306084572936463,104913612.0,-3526458.1999999997,0.21945072136276722,0.03787248080886596
2019-11-11,0.021196577038577163,0.01850813054450905,0.007700336981578132,0.09817230956803014,0.8783916641944886,0.16481288655309947,-19.411083548521702,64.73626464965506,8.815296604319514,0.0862612797411102,-0.04833002239730444,-0.007999704051431467,-0.03969127640046671,100857924.0,-4728887.2,0.16391348773841963,0.01739789852522078
2019-11-12,0.01725015334848776,0.01809371003733329,0.019129400222013433,0.10869709466426904,0.8141471061592644,0.16586299308571067,-9.019613384832752,64.73626464965506,8.815296604319514,0.06565218853894073,-0.026470240012139046,-0.005948852956786266,-0.03731539032071082,94210322.0,-5499530.899999999,0.14023026588254783,0.01739789852522078
2019-11-13,0.012844305081471444,0.017531120551384668,0.014516595195457761,0.10130077524008997,0.8175916956264533,0.1638715824914704,-9.695213384394677,64.73626464965506,8.815296604319514,0.08182717028617281,-0.05653248885429907,-0.003313596552568021,-0.010466219053499733,87994364.0,-5660120.2,0.1492066129434244,0.01739789852522078
2019-11-14,0.010691097241527673,0.01712708128849252,0.0111613945563606,0.0956955621232768,0.7661265790456809,0.15872019155259626,2.995460683505158,64.73626464965506,8.815296604319514,0.0749333788044908,-0.04086169524730021,-0.0016716025798156897,-0.0038547973867568987,86343945.0,-5641893.85,0.10036729479399553,0.01739789852522078
2019-11-15,0.00905583673889769,0.017374173093100048,0.0204420875387223,0.10441868779012972,0.810417011379042,0.1618516694404391,-0.980297418362241,64.73626464965506,8.815296604319514,0.09612040272939915,-0.04833857907234562,-0.0057503379316719005,-0.0723990442627704,78214383.0,-4888036.55,0.0875813879625218,0.01739789852522078
2019-11-18,0.010713071602621844,0.01786707698559822,0.03014253795546133,0.11473906579967237,0.7147822562050574,0.15882623754804287,0.9526240839528839,64.73626464965506,8.815296604319514,0.07329447876059203,-0.0008806869021775743,-0.0015391454301303398,-0.03511828225719379,79077757.0,-4510455.45,0.027744630071599108,0.01739789852522078
2019-11-19,0.012279679847467863,0.017926555655930886,0.03977562522765934,0.12488282528994249,0.8083358874420489,0.15806216856840402,4.850072152522344,64.73626464965506,8.815296604319514,0.07644938186147199,-0.005020683237376478,-0.00262131544499955,0.0020648849212489507,81258703.0,-1653822.9499999997,0.011912840232225053,0.01739789852522078
2019-11-20,0.014433552636778415,0.018139515053533922,0.031334982506377694,0.11548272906245093,0.8479978658205907,0.15892159470390352,1.6261165230083918,64.73626464965506,8.815296604319514,0.08471505557382408,-0.014748728703838587,-0.000820736023692703,0.0006263546569645243,77232089.0,-2036139.4500000002,0.003063588134200046,0.01739789852522078
2019-11-21,0.015742185739169974,0.018169868576274364,0.020090261883537002,0.10273529083895862,0.9390375472526036,0.16365775301822566,-2.713184171514861,64.73626464965506,8.815296604319514,0.0466230143012174,0.014810793006714285,-0.004121130801859163,0.03036962891471687,60100915.0,-2808666.75,-0.004378478664192942,0.01739789852522078
2019-11-22,0.0159548342681461,0.017987614023346858,0.010960265499786289,0.09197168697428834,0.9059000174213605,0.1670482766055433,-16.433221767916955,64.73626464965506,8.815296604319514,0.02554786221286176,0.02726292622207338,-0.0015085274302789609,-0.030445870000122135,41635003.0,-3181396.75,0.015795042321644415,0.01739789852522078
2019-11-25,0.014491592336046027,0.017890750607036335,0.002367121665910162,0.0810604951424604,0.9128518514229467,0.17009119933351488,-23.222645945261405,64.73626464965506,8.815296604319514,0.03241593890204464,0.010028877598174724,-9.816960187325474e-05,-0.06280842362442886,30956093.0,-4033901.4499999997,-0.026499201393930583,0.01739789852522078
2019-11-26,0.012378313346539192,0.017613982136060292,0.0009781220818487846,0.07733807003646362,1.267705219587643,0.16471506644648798,-19.668059778215657,64.73626464965506,8.815296604319514,0.03657233873701138,-0.008096615876268531,-0.002489606334044381,-0.08285317072551442,6548531.0,-6702433.35,0.08818897637795287,0.01739789852522078
2019-11-27,0.010856168890448409,0.017549250552771203,0.01212275566545322,0.08750238402788761,1.270919781129465,0.16969952283701648,0.0,64.73626464965506,8.815296604319514,0.044810031534060046,-0.0064126773610324594,0.001348740615959576,-0.06400605295079989,3111323.0,-5857206.15,0.06039886039886033,0.01739789852522078
2019-11-28,0.009676092277942878,0.017399516437725963,0.0054413465600227995,0.07864853642920355,1.2566179458732976,0.1703922615231765,10.644154326970273,64.73626464965506,8.815296604319514,0.051289389045179545,-0.014438481090367272,0.00817473901549648,-0.058493587585199104,-1333335.0,-2866892.85,0.0658150064683054,0.01739789852522078
2019-11-29,0.008097493863109522,0.016813320062198375,-0.010142178901386798,0.06001355447544088,1.2974837479892845,0.1800783223402261,11.428504472980535,64.73626464965506,8.815296604319514,0.015923683971583946,0.004143125627828148,-0.001968228166053687,0.009923169803410688,-18878580.0,-2474045.4,0.10193901359723223,0.01739789852522078
2019-12-02,0.006121942611245155,0.016258852079002517,-0.0021094603341672833,0.06549733751965331,1.3775440344050316,0.15529108688143847,1.028638510600267,64.78682375108058,11.85585014913633,-0.02036576277438018,0.02199435431611796,0.0030885449094910644,0.18333332570141575,-19306031.0,-167249.25,7.411799584944312e-05,0.01739789852522078
2019-12-03,0.004157141182820225,0.015970670970466772,-0.0031658581815459668,0.0604027269875596,0.8446708189008874,0.14952501135898907,-1.1688094637434858,64.78682375108058,11.85585014913633,-0.037245361712713865,0.025973052390501405,0.003528220797855086,0.2524523361350014,-22477888.0,1383226.2,-0.01294212809765427,0.01739789852522078
2019-12-04,0.001464465995535573,0.0153044623245524,-0.005605635739918357,0.053889146669811684,0.8899343187070885,0.1496015350983964,-1.9828929007353011,64.78682375108058,11.85585014913633,-0.014116987621781596,-0.001960246667908727,0.004453983215457535,0.15157175909138915,-27582691.0,999173.3500000001,-0.036972088265380676,0.01739789852522078
2019-12-05,0.00016241133252856038,0.014879795702929707,0.013398346267220525,0.07141896901794746,0.9895182018072353,0.1643537677974455,3.2130520255846307,64.78682375108058,11.85585014913633,-0.017375913709699375,0.02708466802322973,0.003193840214163579,0.1219719864037132,-11248403.0,2374616.75,-0.0886981402002861,0.01739789852522078
2019-12-06,0.000405689648076209,0.015043172101050361,0.015409790787473234,0.0716959395995813,0.9083278179514348,0.15843232357868703,-1.515276511145636,64.78682375108058,11.85585014913633,-0.007237570761602918,0.03178799453229064,0.005521202708590467,0.046163290542506216,-5758521.0,4631160.25,-0.06606799230275817,0.01739789852522078
2019-12-09,0.0027584035108727304,0.015259669177511724,0.022653852693602504,0.07849291934322912,0.9225989472141299,0.14911941612348803,-2.1686897613484177,64.78682375108058,11.85585014913633,-0.007299177235944976,0.05713290363722856,0.0013495396962179829,0.2035666587136513,-7012089.0,3123401.85,-0.022020630624039805,0.01739789852522078
2019-12-10,0.004708207047463968,0.015071404250285362,0.01316972573832277,0.06677662858820241,0.8874156259207107,0.14771317630888364,-6.944440404827759,64.78682375108058,11.85585014913633,-0.006649668809542875,0.034518879579182093,-0.0004932689949171953,0.17651474724859575,-10228178.0,2172336.1,-0.027604242336190632,-0.04237181807089141
2019-12-11,0.00796171132329601,0.015489135379979181,0.028451675587284623,0.08190448646676557,0.9076348348867229,0.15712708883395826,8.080696529544,64.78682375108058,11.85585014913633,0.015200285102646927,0.034142268451107016,0.0023699968903561075,0.1164072222572088,-6611061.0,3264477.05,-0.07149569869153471,-0.04237181807089141
2019-12-12,0.012017926737220998,0.01641800484945301,0.06394960748566565,0.11999492455652548,0.9733572021370384,0.2031043924784254,22.631020132527546,64.78682375108058,11.85585014913633,0.04589053587101066,0.0463665618306377,-0.00374274670229513,0.034777093414680736,4681731.0,1627243.65,-0.07452289383934407,-0.04237181807089141
2019-12-13,0.015977333483345114,0.0177685281506745,0.08246189868602073,0.14045422616700884,1.1861080800573347,0.2118278580801334,30.7691946277192,64.78682375108058,11.85585014913633,0.030471667660147306,0.07376296593915721,-0.008018122413286366,-0.06447908237888639,12206404.0,2005347.4000000001,-0.09987588523034241,-0.04237181807089141
2019-12-16,0.017556677525601767,0.01853860329896625,0.06861721352320814,0.1258795214687892,1.070167019682199,0.2151130479619658,15.252498348358316,64.78682375108058,11.85585014913633,0.04286340309936354,0.037522319443016094,-0.008855377493949157,-0.09970704422027875,-5061685.0,86597.45000000001,-0.023512336719883842,-0.04237181807089141
2019-12-17,0.021006728409306147,0.020044747489861917,0.09203128419349639,0.15089511959701316,1.1853263258421505,0.22804502082924072,4.1396981775963155,64.78682375108058,11.85585014913633,0.05282868763092319,0.042409344292074325,-0.011235555150067023,-0.08665279673905754,-16974663.0,1908548.35,0.05416883987780352,-0.04237181807089141
2019-12-18,0.023535108641697167,0.02122398405642855,0.08512504453985487,0.14410677391765245,1.2063282563702182,0.22652864968839265,-1.1080914501769712,64.78682375108058,11.85585014913633,0.0644099450749982,0.03447374450633833,-0.01370132492892484,-0.06440577717261287,-23549655.0,-384771.05000000005,0.0823152562574494,-0.04237181807089141
2019-12-19,0.023180423066620222,0.021450175332282613,0.058505369496778314,0.11615136838010015,1.170486092964103,0.23983879782856243,-0.004315395584399084,64.78682375108058,11.85585014913633,0.08524808431048125,-0.00020372677924029858,-0.013564112829494435,-0.06817249977432481,-36265096.0,-6179731.600000001,0.2214519976147884,-0.04237181807089141
2019-12-20,0.021530093215251747,0.0208216396593269,0.03590694361080522,0.09216255255208877,1.2261803778430707,0.24983850924228934,-9.971638590119056,64.78682375108058,11.85585014913633,0.09645192619251008,-0.023943952564303483,-0.009787510453080905,-0.06801756484361021,-48222450.0,-10774294.9,0.34826277806710815,-0.04237181807089141
2019-12-23,0.022150802340868914,0.020707890454217715,0.04683332761471718,0.10448747863589147,1.3595478604126805,0.25006618819206544,-8.520181409714482,64.78682375108058,11.85585014913633,0.07227116687789947,0.02362962557825976,-0.01420203589914859,-0.06315009913731473,-40410582.0,-7535347.1,0.3086732791408755,-0.04237181807089141
2019-12-24,0.02163839642029751,0.019861134224087005,0.03614355791601535,0.09389783961045019,1.3750775617817503,0.25245292867686503,-6.2401062430218985,64.78682375108058,11.85585014913633,0.08062622043039624,0.008712115511715357,-0.010245977881495727,-0.06262715348871845,-34335412.0,-8130386.0,0.27373371924746737,-0.04237181807089141
2019-12-25,0.020498683887208272,0.018828026673557773,0.035345741028655245,0.09341175059557963,1.216192493211905,0.2504109457255478,-0.5147599713542661,64.78682375108058,11.85585014913633,0.07275141827949994,0.005815224632553573,-0.014454682205584213,-0.06580644598754333,-35597616.0,-6331351.4,0.34090734628080144,-0.04237181807089141
2019-12-26,0.020332952100220632,0.017758700814209303,0.031218378731760234,0.09012867590731503,0.9545909712012289,0.2487607493740433,-3.791414909194941,64.78682375108058,11.85585014913633,0.0740706335714274,0.009723442191363008,-0.018449224497038563,-0.07036563393263717,-37879345.0,-1362442.15,0.33348505537854645,-0.04237181807089141
2019-12-27,0.022303825745367795,0.017395448088119107,0.04102612081879043,0.10285485660776511,0.5238356960762243,0.24132482950337447,-1.7725432553419154,64.78682375108058,11.85585014913633,0.08256448057013355,0.033733478837737474,-0.011438324191342497,-0.0159730141193657,-22738648.0,2815718.4,0.2746787383177569,-0.04237181807089141
2019-12-30,0.02220225831784316,0.016781463644038232,0.02562954630068472,0.08788501695304572,0.49258661248716745,0.24760545872293027,-0.5353172024316848,64.78682375108058,11.85585014913633,0.09022610589533753,0.00553112921292076,-0.01460903256956081,0.08623151691572446,-34216404.0,1817105.0,0.3186837619506411,-0.04237181807089141
2019-12-31,0.02195190003737959,0.01620239361187771,0.010833333549371037,0.07321474357275695,0.5556498306445421,0.2525369630399325,-6.382548264979015,80.22023819982958,16.085221493313554,0.11040939809003647,-0.024351778805511648,-0.01182889564865175,0.01813881224519518,-41682050.0,874106.7,0.3391194218878044,-0.04237181807089141
2020-01-02,0.023573517604473175,0.016148937411932497,0.02972641439577934,0.09542301823048228,0.6764406054481177,0.2603594322323884,-10.207883397658122,80.22023819982958,16.085221493313554,0.11614891878515254,-0.00020731628595460627,-0.019740510368784547,-0.07065134274987811,-44305511.0,93735.34999999963,0.30485584218512907,-0.04237181807089141
2020-01-03,0.02410169953533141,0.016103025404803635,0.026604385214611413,0.09379410101707171,0.8633223309265726,0.25535280484352296,-14.56608294196645,80.22023819982958,16.085221493313554,0.09207965266414275,0.004015736621767685,-0.018642535964833118,0.04681553615571208,-56173678.0,962013.8999999999,0.2788854003139718,-0.04237181807089141
2020-01-06,0.021823936207569943,0.015588762499835995,0.0007067264316594447,0.06664950791900685,1.002663061872935,0.2725521909969548,-12.303321712498558,80.22023819982958,16.085221493313554,0.06406997713513474,0.004386199782999922,-0.012461357124916916,0.03323513548336528,-74756928.0,-2322575.4,0.38438644688644685,-0.04237181807089141
2020-01-07,0.019665905864396052,0.014540581032096326,-0.009186830682613245,0.05626458127596854,1.1347211442952077,0.2742129020899578,-20.636041805300884,80.22023819982958,16.085221493313554,0.08880572984093793,-0.03846204568685785,-0.01232660538724717,0.0367641484191699,-89221821.0,-3767194.95,0.3067773788150807,-0.04237181807089141
2020-01-08,0.018372780037156526,0.013503123721594366,-0.011901794544282815,0.054117144601957566,1.1913450419694136,0.2716165091305112,-14.881391552987296,80.22023819982958,16.085221493313554,0.08524024599058011,-0.026520641315589844,-0.013553928264815385,0.01975054484325836,-84558928.0,-2686502.0,0.3240699238009861,-0.04237181807089141
2020-01-09,0.016086604907943586,0.012387412401513307,0.008939594722828443,0.0772317976362544,1.1893373939884817,0.27739235436480547,3.7173500703248195,80.22023819982958,16.085221493313554,0.06794567565628418,-0.002218019787858738,-0.014514627620427767,-0.040330607290783554,-78475114.0,23759.100000000093,0.34187169106197457,-0.04237181807089141
2020-01-10,0.013087318213494365,0.011977626694182831,0.013342450110769732,0.08084810589158768,1.1467914070455454,0.2434191566179785,23.32209665283196,80.22023819982958,16.085221493313554,0.03291879362072869,-0.0012999227624845844,-0.013247603525914142,-0.033697463325378714,-86159572.0,172129.99999999953,0.33032774031676326,0.0035813160568214375
2020-01-13,0.010587115784670021,0.01186820842425164,0.01855793730943541,0.08430250640282752,1.104595286219265,0.23125631624508014,20.377670225486824,80.22023819982958,16.085221493313554,0.05275494863102148,-0.038016540928020426,-0.007453552172211331,-0.05103025860396849,-86099686.0,4652100.3,0.37375294022224015,0.0035813160568214375
2020-01-14,0.010057578718550326,0.01272338364372009,0.03006900649114093,0.0952230127827244,0.9324783805021083,0.23224064346514195,12.202400521125512,80.22023819982958,16.085221493313554,0.0448516543926083,-0.007562124743651033,-0.011449330638640398,-0.04655634351331191,-67840353.0,7501824.449999999,0.22354340071343648,0.0035813160568214375
2020-01-15,0.006915574301353973,0.013230900168478261,0.012582643258784876,0.073504520717372,0.9814405371958514,0.22221663034598232,-4.221058878656805,80.22023819982958,16.085221493313554,0.02757529914736634,-0.034864144638065975,-0.009004216611227633,-0.04472560523807256,-87338073.0,4870889.850000001,0.19423240033927058,0.0035813160568214375
2020-01-16,0.00266175606676596,0.013225785941344662,-0.002683042531831968,0.05372047389018425,1.0960063598633774,0.22928688855029558,-6.9595880669219525,80.22023819982958,16.085221493313554,0.04594872951758511,-0.0678784038864284,-0.0028316038865485726,-0.05146863201185201,-102998019.0,-1316933.8499999996,0.3753183288595223,0.0035813160568214375
2020-01-17,0.0008062140696329886,0.012873458252483459,-0.006859516313708,0.04667998043593828,1.2450133130663026,0.21803923749506496,-19.128859199484147,80.22023819982958,16.085221493313554,0.04449665428735905,-0.050466654107390485,-0.004528039961922858,-0.06696993928995423,-99186300.0,-5639017.0,0.21236345883932395,0.0035813160568214375
2020-01-20,0.000662449266259193,0.012362889662060917,-0.007451557979447972,0.0444023064423729,1.3619700380626076,0.20778235287824584,-8.060111281975836,80.22023819982958,16.085221493313554,0.03384811241633656,-0.021689941184581008,-0.006600530823554607,-0.06549271430904251,-82849457.0,-8392898.75,0.12090277011367401,0.0035813160568214375
2020-01-30,-0.0037951994461412,0.01053300527691563,-0.054164812153446325,-0.008597898532175737,1.6958175760577858,0.2665902931993786,-12.522433056585228,80.22023819982958,16.085221493313554,-0.0007107490590446686,-0.05168407879581305,-0.0011286438748054906,0.18316526929984817,-116038754.0,-13393618.7,0.2286870298609529,0.0035813160568214375
2020-01-31,-0.005211764535009109,0.009218792391975926,-0.04198775533243231,0.0011283745738401075,1.6668541936040084,0.2705139839831534,-11.287880374800814,78.93988490550178,18.442663965946707,-0.038808881621685276,0.002664683046037508,0.002189853176112866,0.4059176948217648,-131561028.0,-12113696.200000001,0.18388910981082773,0.0035813160568214375
2020-02-03,-0.006782904208427504,0.007835081305582014,-0.054409225791545016,-0.015421934795402797,1.5932003584309675,0.27427208531857306,-17.53590793349462,78.93988490550178,18.442663965946707,-0.026860648035921364,-0.027193605684597277,0.011533355712890714,0.31499025178477913,-141544735.0,-8743338.65,0.17597893290588495,0.0035813160568214375
2020-02-04,-0.007679667055545771,0.007112657704461578,-0.023217609524102536,0.014319768032981205,1.5187207665299571,0.30023221333763406,6.0164038552270185,78.93988490550178,18.442663965946707,0.002231191479426853,-0.026255442979485677,0.011371242706543994,0.160059212521984,-136939277.0,-3960040.950000001,0.12435999544885656,0.0035813160568214375
2020-02-05,-0.009836050336299555,0.006524273735617497,-0.014148112233453995,0.020494433144281256,1.5025281553806389,0.29613458048325514,14.340826752201274,78.93988490550178,18.442663965946707,0.027402522690613385,-0.05846764814620353,-0.0015959680593304881,0.08824477633994389,-138090015.0,-2464824.8499999996,0.042960247451025335,0.0035813160568214375
2020-02-06,-0.007545792704893824,0.0067035008565208285,0.0012042018677755526,0.03458441047412642,1.0632555336644676,0.29981324247609853,21.07559914462218,78.93988490550178,18.442663965946707,0.03537755002020959,-0.04135719600014143,-0.004387859212145795,0.07405679395022996,-133148229.0,3341801.25,-0.003428314505704466,0.0035813160568214375
2020-02-07,-0.006212176275865471,0.006491193086830379,-0.01189949030814524,0.019538255321224197,0.9077941892070598,0.30141067687460094,-1.7104592367885587,78.93988490550178,18.442663965946707,0.00796919922648276,-0.017032937135654236,-0.00146301520025105,0.10397489862233772,-130630223.0,5507676.350000001,-0.04600834492350492,0.0035813160568214375
2020-02-10,-0.005253343330736851,0.006541661450920973,-0.011693662665123446,0.016995995589995424,0.7813514626515434,0.28723032943995497,-7.462732107483099,78.93988490550178,18.442663965946707,0.0025901735569524575,-0.036513540858386984,0.011158027899671241,0.06353639754694317,-134713193.0,5980427.850000001,0.008314920339574261,-0.09923201106910973
2020-02-11,-0.005259648514570726,0.006327808219408295,0.0015862716302944802,0.028100789650158123,0.6846905513481928,0.29124029449716327,-9.329643277114783,78.93988490550178,18.442663965946707,0.0415861963981099,-0.06515027953690955,0.004214028504719414,0.06905174952710345,-137366074.0,4936274.300000001,0.11127478058061735,-0.09923201106910973
2020-02-12,-0.0032360460591870947,0.006372112419950424,0.011702412883501151,0.037254873411416964,0.6952406912559587,0.28286353501408645,-1.1539398204378841,78.93988490550178,18.442663965946707,0.06766296517315507,-0.058626732890543876,-0.002863340867048203,-0.03198535918432608,-115298057.0,4262872.649999999,-0.0308693015820517,-0.09923201106910973
2020-02-13,-0.002107818856951987,0.006801489464585342,0.010862894394247933,0.03532164109237711,0.6876689729860597,0.2812505471268892,4.9229989417515725,78.93988490550178,18.442663965946707,0.04983716157371387,-0.033145308102135784,-0.004559557811508852,-0.004362533253579261,-98952184.0,3558532.2,-0.03926956322628661,-0.09923201106910973
2020-02-14,-0.0008284485006495187,0.007440039314847257,0.010024768027674992,0.033606613616770226,0.6478885881998392,0.2812505471268892,7.688704985345922,78.93988490550178,18.442663965946707,0.047638986288062846,-0.030947132816484757,0.0,-0.03821138691628842,-99195991.0,4332197.55,-0.05218912209433535,-0.09923201106910973
2020-02-17,-5.228089431680255e-09,0.007999505684451342,0.000377269399973898,0.021247852744207273,0.5885419546434452,0.269875951241161,6.8062330534711535,78.93988490550178,18.442663965946707,0.04142696339235563,-0.059204704667311425,0.00016658316322804012,-0.042050325855532034,-115155078.0,5769380.300000001,-0.02274441543371042,-0.09923201106910973
2020-02-18,-0.001435169975595044,0.007780447092135451,-0.02571876401577693,-0.00907221507769367,0.7249717550004823,0.28595755733414735,-4.056050213753629,78.93988490550178,18.442663965946707,0.03363250213108815,-0.08517912535855898,0.0024379638743350363,0.030290396480391942,-158110363.0,-379188.25,0.1282489538515943,-0.09923201106910973
2020-02-19,-0.004152531534584329,0.007252223523515058,-0.009856029597100531,0.0036577310208714352,0.7235697184059122,0.29050267570535454,8.486103873806776,78.93988490550178,18.442663965946707,0.04691687554133961,-0.09084075614244325,0.003103945408144959,-0.00807062597417228,-166342378.0,-1544629.2999999989,0.12764952470921642,-0.09923201106910973
2020-02-20,-0.008071833173750058,0.006238033064120771,-0.00981063321369842,-0.00027445496689616604,0.7460493222832094,0.2848528669641819,6.422179496922261,78.93988490550178,18.442663965946707,0.028823409686982604,-0.08807197747982387,0.009941720968065226,0.06171747383864671,-178588270.0,-2887996.9000000004,0.15391156462585043,-0.09923201106910973
2020-02-21,-0.0111555107224052,0.005202961848856863,-0.009070986895986758,-0.002437676829272974,0.7961629120812637,0.2796996431105864,18.292399741873297,78.93988490550178,18.442663965946707,0.010089957217100043,-0.05420762375858812,0.01337759555384288,0.14719413991680452,-165005237.0,-4407601.15,0.12677556818181812,-0.09923201106910973
2020-02-24,-0.012448154473400846,0.004120319080575821,-0.022154098688570607,-0.018225132148155264,0.9345352617257815,0.27918499194578594,-14.6101506351755,78.93988490550178,18.442663965946707,-0.05394109570465322,0.010592676265329337,0.015167158557806593,0.6123422215064819,-166532920.0,-8415757.2,-0.024622159943949562,-0.09923201106910973
2020-02-25,-0.011497751109372258,0.003734061490376583,-0.014386424433899439,-0.012758635040296513,0.8257951195806417,0.28054777220367283,-11.462102507932038,78.93988490550178,18.442663965946707,-0.08896391053000552,0.05593066876896258,0.014816511710140867,0.7073843815182064,-160531049.0,-3055916.749999999,0.019177530578345925,-0.09923201106910973
2020-02-26,-0.011448099581876151,0.003218313772928587,-0.022931380393459936,-0.024075150937602197,0.9022886052383722,0.2824095271385184,-26.87086767769022,78.93988490550178,18.442663965946707,-0.08696040131581839,0.04341660154926863,0.01545907619625142,0.6131580965078164,-191651032.0,-8014550.799999999,0.04420814256879835,-0.09923201106910973
2020-02-27,-0.008441758022643853,0.0029325278823190645,-0.030526117155627978,-0.03229016067525508,1.1553538459251824,0.22169299099507284,-9.318384774729381,78.93988490550178,18.442663965946707,-0.10084600683798961,0.09926583039991577,0.0038882250964260567,1.1436391440885763,-186393510.0,-11436928.899999999,-0.011038449051528176,-0.09923201106910973
2020-03-02,-0.007546376132690247,0.002620774057357716,-0.04454694317255121,-0.04790481015438202,1.4198807183949684,0.22444807279172288,-12.217518237523493,77.23629076504773,19.798445087098827,-0.013715647031696587,-0.014409723145817566,-0.002681654513962517,0.7592250551996684,-205512353.0,-16517553.15,0.1091170825335892,-0.09923201106910973
2020-03-03,-0.004965688486255657,0.002618664387454265,-0.024952177765436557,-0.028439881677470896,1.4790029810959944,0.23094757719092282,1.772976907030639,77.23629076504773,19.798445087098827,-0.059000784015012187,0.06693720377903034,-0.017827731966046145,0.8465859161187822,-199493568.0,-12438026.6,0.06805569077986573,-0.09923201106910973
2020-03-04,-0.003979234385394028,0.0026163380461837723,-0.015058363773719384,-0.01992168686602887,1.531329392114681,0.2027750752448862,-0.5913352628241597,77.23629076504773,19.798445087098827,-0.042319362690612206,0.028473341044369382,-0.015542305453433936,0.5426904193084059,-194888066.0,-7934004.8999999985,0.06547257640153825,-0.09923201106910973
2020-03-05,-0.002454225965417528,0.0030473744593688653,-0.006688858258934101,-0.013293463092426445,1.4113140428653455,0.20283390925839687,6.294503806047665,77.23629076504773,19.798445087098827,-0.09190267105838168,0.07816192423615953,-0.0092580218149666,0.8041893953165647,-205415438.0,-1851434.9000000004,0.10445957820738139,-0.09923201106910973
2020-03-06,-0.005062153316664697,0.0029692528644282615,-0.028677223233929974,-0.03820847115862969,1.3226227372690336,0.21088313289383415,-2.6501425420519666,77.23629076504773,19.798445087098827,-0.10983745543194146,0.05720593681554076,-0.002236968212979251,0.799304944117892,-241265708.0,-2226764.4000000004,0.25236859914279264,-0.09923201106910973
2020-03-09,-0.007142864480238258,0.002687682767572698,-0.054691711618021326,-0.06724934232487953,1.2682353788472203,0.22971524979401842,-5.043594778240006,77.23629076504773,19.798445087098827,-0.1642386414521415,0.09564110769112333,-0.004295758058007859,1.1561058491321123,-289959385.0,-3415271.9499999993,0.41060181945416385,-0.09923201106910973
2020-03-10,-0.010671789057596906,0.0024041345522404912,-0.04702766373241155,-0.0628230464679802,1.3093323282465266,0.23155749950089524,-1.3913718744113979,77.23629076504773,19.798445087098827,-0.12484152722545816,0.062246096555945374,-0.006362442758841458,0.760229228506306,-303888675.0,-6439819.449999999,0.4963958249235916,0.2154855049254587
2020-03-11,-0.014520604237593139,0.0013331471333350698,-0.058236451674622845,-0.07772355869952086,1.3434962134251969,0.22859842713690645,-4.5282057021188535,77.23629076504773,19.798445087098827,-0.19084653426010212,0.10185703447170769,-0.009525055184223419,0.871040594235489,-325134610.0,-11724607.7,0.4241135535181708,0.2154855049254587
2020-03-12,-0.020143001670096774,-0.0005490792883660812,-0.07728525937436681,-0.10138971796647525,1.5435310568949097,0.2338892466344563,-4.565089777895935,77.23629076504773,19.798445087098827,-0.2893119206852669,0.1669238214641181,0.004006839681386376,1.3662758370120294,-368932957.0,-15758886.149999999,0.49166714066321604,0.2154855049254587
2020-03-13,-0.02443724913009539,-0.0022504321971131445,-0.08336616105742661,-0.11254381182731825,1.7181535971919015,0.23393556876902138,-12.87885489451061,77.23629076504773,19.798445087098827,-0.21224887688323846,0.07792062287650181,0.0012704816785487072,0.6969893149941074,-408542467.0,-14417305.449999996,0.6741941250074479,0.2154855049254587
2020-03-16,-0.030092041503177874,-0.004054419982357327,-0.11788136083442824,-0.15235498684210447,1.6480285536736017,0.2707112111019605,-7.122570426258534,77.23629076504773,19.798445087098827,-0.336192097149139,0.16156551691438947,0.00406869228338369,1.2033921490306165,-449179349.0,-10012627.350000001,0.776355735460444,0.2154855049254587
2020-03-17,-0.03686170680720381,-0.006694627045507896,-0.1362501832544765,-0.17636434239594556,1.666031954052379,0.2811269255316989,-8.133219761330551,77.23629076504773,19.798445087098827,-0.27090404750644803,0.07935031115092717,0.00736300769217868,0.8678642519429748,-480427273.0,-11274729.550000004,0.8666508341744346,0.2154855049254587
2020-03-18,-0.042098683863804325,-0.009820308531458107,-0.1535768961715463,-0.198112390564042,1.7590643081896626,0.2821828228721236,-7.695289655147704,77.23629076504773,19.798445087098827,-0.3329393873489237,0.1403929294840357,0.0004664158654088535,0.7485875614650523,-471005708.0,-13908640.600000001,0.6705845478765085,0.2154855049254587
2020-03-19,-0.04787636220230152,-0.013364203422706897,-0.17458069274213459,-0.22426206975442642,1.74205404597934,0.28147095262090843,-6.225219867946166,77.23629076504773,19.798445087098827,-0.3224450766844531,0.08939080091359142,0.0023290532062367753,0.5449980656539279,-495472392.0,-10396015.600000001,0.6047960626210795,0.2154855049254587
2020-03-20,-0.049461996458381514,-0.015279387907155528,-0.09345724392072033,-0.15278080923667145,1.6213178589725967,0.4578263786994548,15.857669659878127,77.23629076504773,19.798445087098827,-0.3338258104078492,0.17137227275479938,0.004971648963639552,0.34429835029427414,-500365101.0,-5163682.1499999985,0.5433729866301715,0.2154855049254587
2020-03-23,-0.05136308073790759,-0.017876294237688575,-0.1340996279304821,-0.1963096244517495,1.5046115969934128,0.4862934964847726,8.873458416343055,77.23629076504773,19.798445087098827,-0.29027790885339444,0.08251087622752251,0.0014557061275901617,0.19938073857683922,-510165142.0,653235.5,0.5842525475365059,0.2154855049254587
2020-03-24,-0.049697536309401,-0.019110118802832803,-0.08396660587841735,-0.15374727725057274,1.3781984468358335,0.5305606806476312,15.742516934035578,77.23629076504773,19.798445087098827,-0.17177152710590826,0.01582476813388789,-0.005627391051172159,0.15957013292697736,-466543015.0,9361599.15,0.4366854797331965,0.2154855049254587
2020-03-25,-0.046994181988437266,-0.018469463865521937,-0.04457970391086561,-0.12115518859246513,1.258545341441889,0.5507131183586492,1.4542874724994164,77.23629076504773,19.798445087098827,-0.1566568207943816,0.02525726981318599,-0.006492604387769552,0.16297045266412383,-441573655.0,16882624.15,0.2768174634531806,0.2154855049254587
2020-03-26,-0.040939738852729814,-0.016494050234375182,-0.028293760193601525,-0.10947872340602591,1.0187052646667185,0.5537852183873703,12.939589648904494,77.23629076504773,19.798445087098827,-0.10134002158264854,-0.011003960596036921,-0.005260903128602501,0.07658774537130572,-386025181.0,23593598.85,0.14808354155862524,0.2154855049254587
2020-03-27,-0.03921654250401071,-0.01641192734362112,-0.045971094593623876,-0.12907393320849614,0.8132327976174696,0.5581320220828986,7.9957410486253835,77.23629076504773,19.798445087098827,-0.10781171712578463,-0.019876814077487648,-0.002548982515886755,0.13039955155011307,-367820774.0,24143299.7,0.18215072925948506,0.2154855049254587
2020-03-30,-0.03518537821987119,-0.01528184321222074,-0.058527221853515124,-0.14382894880837938,0.7647573146640572,0.5593273182280489,2.0234330555296367,77.23629076504773,19.798445087098827,-0.12465868293533267,-0.006861767205291969,0.0014274089361978604,-0.03519963566409313,-345036080.0,23484445.6,0.1382711776412564,0.2154855049254587
2020-03-31,-0.033946233613429355,-0.014526530642671454,-0.028737259195487055,-0.120406800818781,0.6888472962651578,0.5616564429947413,2.8982493338578053,64.95398908635545,17.871026585940513,-0.11415856985473338,-0.01447061721129228,0.007549081669717461,-0.10764434767940403,-330898480.0,21261126.0,0.1411577028258888,0.2154855049254587
2020-04-01,-0.03488388526038115,-0.014754705530470211,-0.029702505054657363,-0.1257053150341041,0.6078299390524378,0.5586208231726957,3.9163790838393524,64.95398908635545,17.871026585940513,-0.20219381006629056,0.057531976192444656,0.015451766120235133,-0.06843856567483461,-338617382.0,19843715.5,0.21796941779846146,0.2154855049254587
2020-04-06,-0.036652543587115505,-0.015501565611297516,-0.007533926012802709,-0.10999406282058291,0.6094948980113255,0.561624678003003,9.376586699938166,64.95398908635545,17.871026585940513,-0.08139998848306962,-0.05737772388202911,0.01680672268907557,-0.26478472911474343,-327051763.0,16025064.950000001,0.30706116360019897,0.2154855049254587
2020-04-07,-0.034988101832292826,-0.015043829751734242,0.024832043703335877,-0.08338235140527504,0.564919300580939,0.5698953460614034,13.288699521824505,64.95398908635545,17.871026585940513,-0.06736318748793135,-0.02550164654199716,0.006558664850885743,-0.24398179962508496,-270497427.0,18699490.95,0.1107308506326834,0.2154855049254587
2020-04-08,-0.03119940703093882,-0.014106692639835943,0.03536677444994914,-0.07476623415677718,0.5550793374866382,0.5627304145388888,16.3198918580184,64.95398908635545,17.871026585940513,0.052452879470610725,-0.1104991360506915,0.006555000132361766,-0.29184605173057354,-206990330.0,20045425.3,0.004010087229732617,0.2154855049254587
2020-04-09,-0.027984843808135734,-0.01398521184551464,0.032047172757515806,-0.0786295263117299,0.5187660049920435,0.5622687383028364,16.37250226426243,64.95398908635545,17.871026585940513,-0.03306370029052219,-0.036162617768700556,0.0027346614441934314,-0.31614537422119404,-179353154.0,17642469.7,-0.09842383136151678,0.2154855049254587
2020-04-10,-0.0235108945457997,-0.013945103695389193,0.022938866458799674,-0.0872141136704285,0.48742822587830104,0.5612108097129124,11.57644723326544,64.95398908635545,17.871026585940513,0.025080919801430124,-0.09059858806413845,0.010995281332322193,-0.3092130153909477,-162578667.0,15355338.149999999,-0.07682761295326745,-0.15431720297038753
2020-04-13,-0.01798525118794894,-0.013508112769637369,0.021648076227631003,-0.08798276018238003,0.42725040166989553,0.5542312177248679,-3.3398475865633444,64.95398908635545,17.871026585940513,0.16634466442742624,-0.20986867583006696,-0.001430083294343576,-0.2975302140278012,-129502474.0,11779447.5,-0.06817921830314588,-0.15431720297038753
2020-04-14,-0.013234373914490456,-0.013168040135339081,0.045916367795997774,-0.0645872517124996,0.45750113282873145,0.5591557820128222,8.796874844151773,64.95398908635545,17.871026585940513,0.09810524072496918,-0.10580577828283999,-0.0032723244591862377,-0.3444899961544429,-75888016.0,7871854.199999999,-0.1576268773578191,-0.15431720297038753
2020-04-15,-0.007605460826826762,-0.012982885202154622,0.05245398737747507,-0.054372594993984086,0.523624223235234,0.5316177987578609,0.5072003011924977,64.95398908635545,17.871026585940513,0.2688138075789648,-0.21893594115239878,-0.0028564932242465257,-0.2642965841415418,-34054661.0,3818272.05,-0.21376629469521802,-0.15431720297038753
2020-04-16,4.647220174549859e-05,-0.01274950498758511,0.04476280153149285,-0.05518829385078869,0.6146773803612227,0.5173090672064373,3.5009800860463898,64.95398908635545,17.871026585940513,0.1853110870976784,-0.10590191233359958,-0.010947194527103021,-0.253371541349981,-2805039.0,153781.75,-0.23072519083969467,-0.15431720297038753
2020-04-17,0.012599331110853327,-0.011319281086416161,0.10779794233164683,0.012421506227610325,0.887531517937317,0.5499127765230829,-2.0164320582457265,64.95398908635545,17.871026585940513,0.3254484317800588,-0.13515728751339928,-0.003096916745282119,-0.2636058894819913,88875567.0,8388142.450000001,-0.33780487804878045,-0.15431720297038753
2020-04-20,0.025224597316044414,-0.010472115411656664,0.08775373213462079,0.006058624973489482,1.041170952629194,0.5268692215378876,7.26133045442613,64.95398908635545,17.871026585940513,0.2433232301296937,-0.017516961523554864,-0.002987556932378066,-0.1303225980200095,115030180.0,7985386.6,-0.2741924959216966,-0.15431720297038753
2020-04-21,0.030228015828206646,-0.010842673129078537,0.05085054896848482,-0.021151986024554963,1.179135234052849,0.4574720216694147,10.787909275350508,64.95398908635545,17.871026585940513,0.22345087820230813,-0.1308583738710256,-0.009597258238946083,-0.08014544755660402,112073950.0,1806758.5,-0.20507486102111117,-0.15431720297038753
2020-04-22,0.034790830200364116,-0.01107949329970252,0.04006384579115278,-0.022159274864702986,1.1681038102320427,0.4000129201396686,-3.1468585169158843,64.95398908635545,17.871026585940513,0.2533305525861813,-0.10038902147727424,-0.005715366661934396,-0.13239367814487987,120719563.0,63845.049999999814,-0.1793043997214947,-0.15431720297038753
2020-04-23,0.03591941547832329,-0.010450611867766241,0.0402184868995802,-0.015216801833124367,1.1840966287982853,0.3686053551201794,-4.3842891107080675,64.95398908635545,17.871026585940513,0.1158577672938812,-0.011184736538279783,-0.005361356596051747,-0.1264789823379997,108251989.0,2833254.55,-0.12174565194100206,-0.15431720297038753
2020-04-24,0.029818398085921734,-0.010801474122929249,0.031850638984903513,-0.018263741206607197,0.8744835897336439,0.35218511021415,-4.46285610941581,64.95398908635545,17.871026585940513,0.1561828101166074,-0.0948108092979787,-0.009620199406985108,-0.2184118040468843,95830387.0,-8596613.95,-0.03024794027772404,-0.15431720297038753
2020-04-27,0.02272120563550842,-0.010688476669244905,0.042595936432574644,-0.003142851106413723,0.8755353125875716,0.3531178236034298,-2.453609905164896,64.95398908635545,17.871026585940513,0.09692807188736063,-0.03264224161004137,-0.005751488608898847,-0.2533363071743953,84222931.0,-6080256.55,0.035151116951379846,-0.15431720297038753
2020-04-28,0.022352867648728264,-0.009017987034931393,0.03310079947883674,-0.007222207395726478,0.8004434914789026,0.3386737339736585,-8.750094060724024,64.95398908635545,17.871026585940513,0.15077075461796818,-0.06469024473992335,-0.007235087060958767,-0.2190571559967535,87438325.0,-3546780.25,0.026857618915380632,-0.15431720297038753
2020-04-29,0.020872023054963135,-0.007664193115780076,0.03612552828634919,0.002150931937726347,0.8131046961260484,0.32622292147462034,-1.2476881470047303,64.95398908635545,17.871026585940513,0.1633652416665219,-0.04560864330943071,-0.011999851291675911,-0.25097137472456743,115787652.0,-543123.1999999993,-0.06164956290383883,-0.15431720297038753
2020-04-30,0.02120918259120819,-0.006106849114330157,0.04963813518719151,0.02101160154036148,0.8756998464289908,0.32242825125457064,7.90212738050964,66.99529177702144,18.321019769973333,0.1460687740595712,-0.0347548005457643,-0.01332006382726425,-0.16143841040395787,121502418.0,1291166.8999999994,-0.01809322203139352,-0.15431720297038753
2020-05-04,0.02228656132088816,-0.005622408658185236,0.012788646915342889,-0.009354796465941666,1.0434226021864688,0.3444601478420479,2.0436921392389564,66.99529177702144,18.321019769973333,0.16359540778340298,-0.077039066337252,-0.011147862993435731,-0.09326944412591194,81054787.0,-4095012.95,0.04230349344978168,-0.15431720297038753
2020-05-05,0.022566257068438143,-0.005468062304977606,0.01103434233628746,-0.006070614009882695,1.0154704910642296,0.3423647519036744,-5.392971527706379,66.99529177702144,18.321019769973333,0.06065742229233129,0.011938111184174094,-0.021157004616477404,-0.1401562968476329,71036317.0,-6516661.85,0.022636484687083902,-0.15431720297038753
2020-05-06,0.02064460510265016,-0.006385426825518593,0.010497492339978426,-0.0025269099029976596,1.0178677710093293,0.3309289893464527,-13.808522478124452,66.99529177702144,18.321019769973333,0.07718653871015158,-0.03125014166501394,-0.015126327289232022,-0.11283300633649196,42625110.0,-5919278.9,0.10593529554852843,-0.15431720297038753
2020-05-07,0.01723993669266931,-0.006918193238028667,0.0134560571545699,0.004070158413036095,0.9556106409677327,0.33063506796849224,-3.0274182157479927,66.99529177702144,18.321019769973333,0.05185716011615016,-0.007996957543291883,-0.003322602952591236,-0.16965982184792555,29013594.0,-9109582.5,0.11286337807790492,-0.15431720297038753
2020-05-08,0.014391644430884087,-0.008004117271409362,0.010959214441310988,0.005588978126438748,0.8482911141049002,0.3289320681859581,-19.375642677850784,66.99529177702144,18.321019769973333,0.10855762644333233,-0.05732068001473678,-0.009545307286005889,-0.24743475666094228,13614125.0,-13583552.85,0.17413977345586673,-0.15431720297038753
2020-05-11,0.013990251858039392,-0.008040646534908014,0.0191299066848202,0.018987287705923377,0.6551545863073963,0.32540465714056693,-10.596081999272592,66.99529177702144,18.321019769973333,0.10774604972711699,-0.03082322780107738,-0.007549781724127236,-0.24412947239020114,19450437.0,-6066987.05,0.12258443958998488,-0.0227346485534633
2020-05-12,0.01334361754723587,-0.00849808204349357,-0.003967236124286608,0.0007519050343690436,0.7575276537244711,0.3354198926922312,-9.016357475850846,66.99529177702144,18.321019769973333,0.06254922962890452,-0.0033033695582038725,-0.004462761440201635,-0.08395251676032756,-5521938.0,-9731230.299999999,0.15398780537709222,-0.0227346485534633
2020-05-13,0.013143327203332326,-0.008596877074120898,0.0007579381405749123,0.009521557698818977,0.7406894545987643,0.3272111664989558,14.725397374079435,66.99529177702144,18.321019769973333,-0.002470905937416057,0.04457641624666964,-0.0020770611010341167,-0.018473223735237444,-27838352.0,-8623321.4,0.18133423465292164,-0.0227346485534633
2020-05-14,0.011923006935935392,-0.009253196326938457,-0.013634074502723057,-0.0018817690537286868,0.7886917579133504,0.3308453303783945,0.6301068196071071,66.99529177702144,18.321019769973333,0.05530642617502246,-0.03617618444420723,-0.004296982461490795,-0.08224863778901237,-45729787.0,-10546647.85,0.20680248913136134,-0.0227346485534633
2020-05-15,0.01138388040780406,-0.009462203864499532,0.0012599117610947216,0.016900998395200664,0.8401081381549147,0.3350431986770539,4.347764460843187,66.99529177702144,18.321019769973333,0.00592595501734916,0.034213335572271575,-0.0009697788094302773,-0.09200919334267187,-30135217.0,-7229577.75,0.12536177954188377,-0.0227346485534633
2020-05-18,0.0049094130497062075,-0.009566570396529769,-0.022911069950537526,-0.008768861315736233,1.1380936812239388,0.23783702298520068,-11.749853471017794,66.99529177702144,18.321019769973333,0.045085729552324594,-0.09891930847179708,0.0005678657917722596,-0.15510830533944886,-132846996.0,-10985216.0,0.34731076167540254,-0.0227346485534633
2020-05-19,2.8965983849545574e-09,-0.009308384366949581,-0.01578443329820532,-0.0018299277225376157,1.121000515463003,0.2384533360622907,-2.0586300656393277,66.99529177702144,18.321019769973333,0.06478890993623843,-0.10590704729959521,-0.003162953681941749,-0.10242839506583375,-131695133.0,-4912986.75,0.28054481704576095,-0.0227346485534633
2020-05-20,-0.0021902141584648482,-0.008963663632403671,-0.007175911668500426,0.008363321530620128,1.191778042823982,0.2173904487460503,-9.347637491706223,66.99529177702144,18.321019769973333,0.15867696584536017,-0.16206668870352703,-0.006160551750279852,-0.15547778822660963,-103986979.0,-2619920.45,0.15599794062124595,-0.0227346485534633
2020-05-21,-0.0025248224076217275,-0.008165606182057283,0.004050035044766499,0.021791335424275724,1.1918618355640171,0.22105024421773375,0.7083199572591212,66.99529177702144,18.321019769973333,0.06470404378775019,-0.052799311063257415,-0.0071770835261004695,-0.09195736472754308,-85646353.0,2398827.6500000004,0.04730739708318188,-0.0227346485534633
2020-05-22,-0.0050399007031847005,-0.007873172762041362,-0.01393015838272905,0.004333602282088627,1.1795023413256172,0.2304576087822964,1.5906961545387261,66.99529177702144,18.321019769973333,0.08268306091591993,-0.09452782720425901,-0.005922719063940596,-0.11611921908641043,-109752171.0,-2189928.25,0.10047983083929735,-0.0227346485534633
2020-05-25,-0.0026112071839020116,-0.00777220551315672,-0.013597036799198197,0.005884943213439321,0.8928101537370977,0.22982269813753803,0.9767321907591864,66.99529177702144,18.321019769973333,0.058588241569809796,-0.0653913294959132,0.007134525355438903,-0.10520797691002089,-117816948.0,5091762.4,0.08276494754896091,-0.0227346485534633
2020-05-26,-0.0009285277685584626,-0.007105874179268251,-0.0013515969996079457,0.01910878053115193,0.8120675969306085,0.2285979563958126,6.754120631943302,66.99529177702144,18.321019769973333,0.05534362596882669,-0.0637326220472445,-0.0013630893834956082,-0.1024449588016943,-109348715.0,8067609.35,0.02245318946366237,-0.0227346485534633
2020-05-27,-0.0007598422895147807,-0.006436664592873749,0.0020274679816718287,0.02352553924619865,0.7796420447971668,0.22824916101896173,2.3221052110577105,66.99529177702144,18.321019769973333,0.07827417579504847,-0.07827417579504847,0.0020726866057170223,-0.10642356783014141,-103023729.0,6168972.45,-0.025807448616906203,-0.0227346485534633
2020-05-28,-0.002193728206031873,-0.005852297606423775,-0.005580804257250104,0.01571455386096011,0.7821552980295995,0.22793272270457765,0.41489195856088656,66.99529177702144,18.321019769973333,0.003838123206980182,-0.0205601201371316,0.007381288746918679,-0.07107464833579301,-119165832.0,4500655.199999999,0.020981853532080263,-0.0227346485534633
2020-05-29,-0.0037146455524150737,-0.005718716207004201,-0.010253601324871648,0.010110135484744445,0.954791544866545,0.2171653761121708,-9.037027493758586,66.99529177702144,18.321019769973333,0.07003650602108902,-0.11108768227662635,0.009449905318129836,-0.09641818496646974,-156088244.0,5903485.4,0.07102180279856807,-0.0227346485534633
2020-06-01,-0.0032936116460668013,-0.005441304719505003,0.001525361059746911,0.023511468820842707,1.0459818684279503,0.19291341136469267,1.6489274705187853,62.62796516377689,17.578009241032078,0.10951660510368955,-0.10782151102375792,0.0017061049640898496,-0.06083139415959928,-109480040.0,7099110.0,-0.050873452287435006,-0.0227346485534633
2020-06-02,-0.0027036230941957524,-0.005646238204632298,0.00474391683899042,0.028363461091672384,0.9971806528298108,0.19318509223976257,3.033515382598871,62.62796516377689,17.578009241032078,0.1147736218879476,-0.11138998359129837,0.007531224861776931,-0.09690443573980241,-99036604.0,4049406.4000000004,-0.09732142857142856,-0.0227346485534633
2020-06-03,-0.0018587350786787105,-0.0053356950940804905,0.019129930366867245,0.044633841530387526,1.1672350229162984,0.20032820539521745,18.66546397104721,62.62796516377689,17.578009241032078,0.13451615910005854,-0.11762410623439967,0.008307155174545056,-0.12414240966569316,-77424227.0,5203088.35,-0.1137871622860076,-0.0227346485534633
2020-06-04,0.00042276059079242973,-0.004335399215347775,0.03456999413214054,0.06177513724778569,1.228629729014334,0.20756248125176208,8.52897529494723,62.62796516377689,17.578009241032078,0.13249228077423592,-0.10392118506386239,-0.004633794718366557,-0.11047545313038713,-58593060.0,7385304.6,-0.1583971583971584,-0.0227346485534633
2020-06-05,0.004914809720580529,-0.0026171911111101584,0.050678834700220755,0.0803939676621449,1.0358353339685948,0.21550379159456795,26.478232391741393,62.62796516377689,17.578009241032078,0.12849106858840398,-0.08143235904984869,0.0021893518069886486,-0.1498656343399967,-27762480.0,14150430.2,-0.210855873894208,-0.0227346485534633
2020-06-08,0.007710510520555326,-0.0002639440798218339,0.06953662207342617,0.10173426106162728,1.077589634447933,0.22304535079402107,19.403573214500405,62.62796516377689,17.578009241032078,0.1264209349639922,-0.06994273001220508,-0.004256059251554811,-0.10240138207604906,-16021957.0,14398249.25,-0.20062121098720154,-0.0227346485534633
2020-06-09,0.011606210103178454,0.0026965769535979606,0.06858726538987506,0.10342596825405016,1.1533883276601402,0.20619280245425448,18.686811108645607,62.62796516377689,17.578009241032078,0.15815189604367497,-0.07679598828834044,-0.00809583093229116,-0.031986245338234943,23779755.0,13366956.85,-0.2627304964539007,-0.0227346485534633
2020-06-10,0.015066844950308462,0.005374050511090134,0.07571715393586782,0.11326767717892644,1.0162654739318893,0.20747564736380966,1.8741433160476504,62.62796516377689,17.578009241032078,0.185088466827799,-0.0992297006534919,-0.006479145721934532,-0.01870407352384145,40207810.0,11500777.9,-0.2785665748721433,0.28841462940186635
2020-06-11,0.018257116519796838,0.007872500758287016,0.06416545445942953,0.10340179955891665,1.0140533054756828,0.20075937026605187,5.842972927693708,62.62796516377689,17.578009241032078,0.07912939909020578,0.014727322354401773,-0.011340850383201873,0.4310021542075694,73853672.0,9963525.6,-0.3511690329872148,0.28841462940186635
2020-06-12,0.01888861665265784,0.010361998134972855,0.04609793492078628,0.08476138959252112,1.023817360651181,0.20539535719680033,-1.6905900045275644,62.62796516377689,17.578009241032078,0.11932574075311408,-0.05892289620979052,-0.011748555315537423,0.25685629542752175,68923666.0,7154707.3,-0.32125799103534425,0.28841462940186635
2020-06-15,0.019255060039240636,0.012261762917509864,0.021283937738080436,0.05929699623586625,1.0688614636704177,0.19419578338806903,-13.491837880810778,62.62796516377689,17.578009241032078,0.08329124028047663,-0.01604950842523989,-0.010880050288697096,0.1874558185549615,105799632.0,1446770.4000000004,-0.2841020608439647,0.28841462940186635
2020-06-16,0.019093905342343752,0.014500427923861426,0.0354178470752644,0.07401617608431767,1.08883378236628,0.20081649183829367,-17.047611126150514,62.62796516377689,17.578009241032078,0.10705051087953454,-0.026433232640619586,-0.015364094309150866,0.15599190185080533,121329156.0,1945679.0,-0.2745462842700179,0.28841462940186635
2020-06-17,0.01826218534705687,0.015029723940575597,0.031856513058527186,0.0712767294262294,1.0598749656615318,0.2005090556093839,-5.4988485743545255,62.62796516377689,17.578009241032078,0.07784153214190792,-0.006413135794950842,-0.012062278816734384,0.13841605071706847,114656308.0,1337614.7999999998,-0.21860154394299292,0.28841462940186635
2020-06-18,0.016853341406390977,0.01587068917405162,0.035151886539236295,0.07435670750619541,0.9598844254272642,0.19840120119197396,10.232172979365231,62.62796516377689,17.578009241032078,0.10563053213758544,-0.04003034130603589,-0.013052188775176332,0.11392914079536315,109271155.0,-263551.1500000004,-0.18249498534176822,0.28841462940186635
2020-06-19,0.01796444816787901,0.015764066462495868,0.030941254203227686,0.07136032225577792,0.9610059087843824,0.1816761176933463,5.351080624880083,62.62796516377689,17.578009241032078,0.09126064612716256,-0.005588849138792096,-0.009439000977296219,0.17383598987736498,128902934.0,-2126829.9000000004,-0.24357979529246576,0.28841462940186635
2020-06-22,0.018400940705709724,0.014889939179793567,0.019018199800952797,0.06060342284884539,0.8839001298037599,0.18623659250659466,-2.2384690681353305,62.62796516377689,17.578009241032078,0.10045437292797255,-0.023413287263462035,-0.01609688528986908,0.0554992763947209,142313712.0,-611954.5999999996,-0.21988506593973334,0.28841462940186635
2020-06-23,0.01808662796932397,0.013158012714854946,0.02515949698256697,0.06854831815982587,0.8982775670113641,0.18503760515931225,-7.150513230542103,62.62796516377689,17.578009241032078,0.09185336515927922,-0.017335864873312623,-0.02007459347243301,0.036425235631127595,142787994.0,-247458.5,-0.17478854659734622,0.28841462940186635
2020-06-24,0.01844045988511955,0.013240086874753091,0.029383986785888896,0.07419481130317396,0.9561667713085433,0.18565070402820588,-7.0685751486327035,62.62796516377689,17.578009241032078,0.05250336281295831,0.026889879213169987,-0.014245205682810735,0.10665991364763418,162810742.0,2508135.700000001,-0.15434644670050757,0.28841462940186635
2020-06-29,0.0185416742628556,0.012345324609404646,0.00822854557131606,0.052818560307090465,1.0479822933168093,0.19588030469827233,-15.030094906841377,62.62796516377689,17.578009241032078,0.07715580086953433,-0.0074419204108253645,-0.01675271493056041,0.03389942985273819,155780422.0,55195.90000000037,-0.08644767118939933,0.28841462940186635
2020-06-30,0.018220395759966142,0.011859615846880429,0.007664065741825234,0.0537532810271049,1.0887492801483305,0.19211923071299836,-20.516283264250404,64.2427436449806,18.462992461960255,0.07770619648728183,0.0027874087479309306,-0.01666663053056172,-0.014700158977421982,189018956.0,671329.7999999989,-0.09491074819597423,0.28841462940186635
2020-07-01,0.018485129767208786,0.012455373404394359,0.018161127223142615,0.06602256703670456,1.0605364525322263,0.19362706757831114,-14.367731141448353,64.2427436449806,18.462992461960255,0.06713178473229675,0.0159137336046955,-0.01830083927415782,-0.07389128205400404,189165174.0,1537141.7000000011,-0.1008158278485004,0.28841462940186635
2020-07-02,0.01939707378213196,0.01307731472499675,0.028000576709727363,0.07819391413070784,1.017957410619831,0.19688196648273798,-0.9714732090488027,64.2427436449806,18.462992461960255,0.058510865489719066,0.03618071980807569,-0.013585631277218346,-0.10552422075273521,191660112.0,-711005.7999999989,-0.09194691724365311,0.28841462940186635
2020-07-03,0.02054521966694897,0.013160151359656308,0.046783372995107445,0.10031392838844871,1.02813243490787,0.2046153953051045,14.839893185844247,64.2427436449806,18.462992461960255,0.028975940529320177,0.07446581729800483,-0.014696451881063721,-0.10843411635626501,204643380.0,-533764.4000000004,-0.14978283350568766,0.28841462940186635
2020-07-06,0.02275518755954476,0.013611509333358507,0.06794647048508719,0.1252374706081059,1.0187003246226496,0.21390801125567402,21.74066845681933,64.2427436449806,18.462992461960255,0.0477816855597879,0.06563025535701694,-0.013631173913746242,-0.10313612214094127,201394480.0,3508739.1999999993,-0.0641431460476567,0.28841462940186635
2020-07-07,0.023660478515268785,0.014509887752116644,0.06456960642443943,0.12330290870131205,1.045373746838651,0.20908033739054188,30.793834577020277,64.2427436449806,18.462992461960255,0.007989983674490775,0.0873807381997731,-0.01477956833943872,-0.06269407269204869,192845076.0,3885276.3999999985,-0.05365133551690737,0.28841462940186635
2020-07-08,0.023757111527678787,0.015341702875945405,0.06814512283614589,0.12762541545751935,1.0742111274553408,0.20051035801551317,20.33104720764257,64.2427436449806,18.462992461960255,0.02558766287407166,0.055318253755518354,-0.00787531577042222,-0.10891089858016002,180904635.0,2899811.8499999996,-0.044473573334581684,0.28841462940186635
2020-07-09,0.02375978430217126,0.016417485637665517,0.07586670428750418,0.13654836834875297,1.0798716014310448,0.20234726112702428,10.559505631381867,64.2427436449806,18.462992461960255,0.03935258483245074,0.05080394023678614,-0.010448539572402882,-0.0739480626613385,182256785.0,3562439.9499999993,-0.02313501034101295,0.28841462940186635
2020-07-10,0.023273205166274773,0.01731998143662554,0.0819634199514031,0.14394830781077422,1.0884242819484111,0.20201230797184852,0.857617691360602,64.2427436449806,18.462992461960255,0.03248930181294507,0.056775822871720116,-0.008954194823341588,-0.1359138546729534,196437510.0,2048118.9000000004,-0.058645647432084114,-0.12338344055526829
2020-07-13,0.02348076496169963,0.018044762841289613,0.09438333515387183,0.15924967596977724,1.0497390115117364,0.20287323014852854,3.6918344962263916,64.2427436449806,18.462992461960255,0.08391502861496503,0.031018084096655185,-0.0030453813190323142,0.03330385904949292,185012433.0,1129178.1500000004,0.0486092210549236,-0.12338344055526829
2020-07-14,0.02660115669604054,0.019177786847537133,0.11357165394582382,0.18356683634005067,1.0434815474376045,0.20068554295427934,7.695120554662253,64.2427436449806,18.462992461960255,0.08716026241799457,0.0723588488237199,-0.002337010839360887,-0.04230468800228092,177350150.0,-1365602.0999999996,0.11481000324780766,-0.12338344055526829
2020-07-15,0.03126111467821127,0.018846682745711864,0.10258930339430541,0.17817058446271233,1.201935749565882,0.17499588092940918,6.000120285962055,64.2427436449806,18.462992461960255,0.06895868557695217,0.11328317197033155,-0.008113929643225659,-0.08959726698434843,180323295.0,-2395680.75,-0.013756976402624077,-0.12338344055526829
2020-07-16,0.03368983155315126,0.018072927716363176,0.07851272683087827,0.15682078997809684,1.2983545587821106,0.1901370042937173,-3.9680757753352935,64.2427436449806,18.462992461960255,0.04590244807591559,0.09809762774610786,-0.00010177270848010789,-0.07310856812904717,147329234.0,-6339835.100000001,0.04722732991386813,-0.12338344055526829
2020-07-17,0.03756725227984136,0.01847726100128821,0.09814479011325124,0.18281914847219188,1.277005697374313,0.20060954733809702,-0.15518345528818145,64.2427436449806,18.462992461960255,0.04279567157592257,0.1316043512578362,-0.0041072198367875234,-0.13880411224209666,152736579.0,-9306584.95,-0.09551629144105633,-0.12338344055526829
2020-07-20,0.03966391616399022,0.01868280538558744,0.08677889829152895,0.17490487197253302,1.2385609770475132,0.20424464857794433,-0.44762077648260856,64.2427436449806,18.462992461960255,0.0658185558044122,0.09793298644293613,-0.0012207290055986642,-0.16788573085113878,147363223.0,-9697996.55,-0.13820601141886468,-0.12338344055526829
2020-07-21,0.04219256372124678,0.01917610898644374,0.12580827218422433,0.22359527474419552,1.2286854568790895,0.24377297638547743,9.448990324094268,64.2427436449806,18.462992461960255,0.06599588479205232,0.15180970858375886,-0.004967201453436543,-0.1399189795211378,164119318.0,-6533815.5,-0.07390943285623564,-0.12338344055526829
2020-07-22,0.044270613260197815,0.020921763862908203,0.11692845299263592,0.22078827522300037,1.1057920735471118,0.23621778285909162,-0.2553348897051393,64.2427436449806,18.462992461960255,0.0615470450097968,0.16922248792209804,-0.006151947295696347,-0.14692111023525986,149442484.0,-7144555.4,-0.10388629173159558,-0.12338344055526829
2020-07-23,0.047213195809067625,0.02247403903751938,0.09902783638944171,0.20734758932257882,1.0125701556317652,0.24386635195944525,-2.932444485975367,64.2427436449806,18.462992461960255,0.041876910371269505,0.1692343760616537,-0.00011210168828379441,-0.07661805033523685,118608865.0,-4782575.85,-0.10992524331186238,-0.12338344055526829
2020-07-24,0.04892276903356893,0.02332495817219704,0.10112660792463876,0.21569867871561893,1.0602839634552177,0.24387387301482907,-5.374040328459685,64.2427436449806,18.462992461960255,0.04855727497732576,0.1671904704752465,-0.004105176061806715,-0.07197241723451146,108156636.0,-3675147.5999999996,-0.11522228474957796,-0.12338344055526829
2020-07-27,0.0576052097689404,0.026096680813574722,0.191829578896199,0.3280394181955637,1.2234242296022126,0.384092165022804,0.16295314862279042,64.2427436449806,18.462992461960255,0.08267919684906766,0.2778977209819762,-0.002404957220007997,-0.10010185950707436,132898375.0,-1693671.3499999996,-0.02926998740608855,-0.12338344055526829
2020-07-28,0.06488828711079463,0.02826522351272482,0.20074517047640475,0.3515219594179131,1.4393719675546295,0.3823428344769609,4.97320155877928,64.2427436449806,18.462992461960255,0.03203700728029313,0.3577389137471507,-0.00787109186148438,-0.06616498386019344,117597321.0,-5061987.85,-0.11493432923503,-0.12338344055526829
2020-07-29,0.06893539979885034,0.03008783007293868,0.14829935789131624,0.30240879600696435,1.507069581247119,0.4168714620421829,-4.263439607308271,64.2427436449806,18.462992461960255,0.07082942873987652,0.25830436569995396,-0.0028575191880078066,-0.10795253642032311,98888378.0,-4059839.7,0.02564102564102555,-0.12338344055526829
2020-07-30,0.07482894186735464,0.03285152678297181,0.1632274267194082,0.32981037410451247,1.540427930435801,0.4197229201964592,-8.193689630083085,64.2427436449806,18.462992461960255,0.07721673978745436,0.27060992176491094,-0.005732669025491077,-0.07854337849928196,91017949.0,-1197080.85,0.10230109381382468,-0.12338344055526829
2020-07-31,0.07802026203784121,0.03479258036709026,0.12595932729509696,0.29504544312946485,1.4324707613731706,0.4362410877689898,-14.901202363010128,80.35739537349397,26.990787928843872,0.07162881797696774,0.21972182131013063,-0.009245023150630804,-0.08422100525959979,47093765.0,-4868857.85,0.2757127566410431,-0.12338344055526829
2020-08-03,0.07194497815555037,0.03419498842587486,0.08957555376886323,0.25841597245120757,1.343135257802079,0.45102333605552397,-11.89455693046611,80.35739537349397,26.990787928843872,0.06373818634990092,0.1670309514462196,-0.0047876386763747725,-0.08468887130903838,16790054.0,-10482703.7,0.25259548080988403,-0.12338344055526829
2020-08-04,0.06590300503565093,0.033827303558288724,0.10190348050341272,0.27874957268559714,0.9808973607492782,0.4515366823963087,-10.828838377365855,80.35739537349397,26.990787928843872,0.09408993955985379,0.16292647259907111,-0.005308825115785565,-0.0946156993769118,15819041.0,-7619077.85,0.2638198303597543,-0.12338344055526829
2020-08-05,0.06272111352517926,0.03365613479536605,0.09845088133636827,0.28090246888652654,0.8532777218070652,0.45143579106629395,-1.2468892109335314,80.35739537349397,26.990787928843872,0.076984646044572,0.18107968007639985,-0.007259428787939504,-0.11537796522035616,13362322.0,-5828283.699999999,0.26162363431483016,-0.12338344055526829
2020-08-06,0.05883141354950592,0.03349044827870239,0.10112630412910512,0.2896817993465797,0.7652134197870668,0.4514944717298829,5.154623374821142,80.35739537349397,26.990787928843872,0.061741579274991576,0.19912806745840617,-7.157384115874521e-05,-0.11723440543825522,14587561.0,-3340176.45,0.2004923682914821,-0.12338344055526829
2020-08-07,0.05656258166191709,0.03359658132411887,0.08446563629386591,0.27503545666428453,0.7388368882796701,0.45532681827174093,2.3455524172220663,80.35739537349397,26.990787928843872,0.052696199276704325,0.18977158160565044,0.001333128096637104,-0.12572826439990603,-6396419.0,1491778.55,0.255884986044552,-0.12338344055526829
2020-08-10,0.05637768765849848,0.0346000841387846,0.07977457628599367,0.27334673534887194,0.6215438046423498,0.45516357654075923,-4.189710606102807,80.35739537349397,26.990787928843872,0.07150937593298012,0.15698137956125113,-0.0014255105668075085,-0.11128070257498457,-4719948.0,6313796.800000001,0.22570598006644516,0.1596283730540038
2020-08-11,0.05295868030777834,0.03452462501908898,0.05509098538656547,0.24624192016492583,0.6138533317392981,0.460396966599865,-7.3756343457911555,80.35739537349397,26.990787928843872,0.041066967371482965,0.139125344103052,-0.004854686722059687,-0.024221844508871365,-6378270.0,3381356.7,0.12964311726147115,0.1596283730540038
2020-08-12,0.04826526018688085,0.03434602939005129,0.02344889596888939,0.20950292978479934,0.6400048454704358,0.4731724198190025,-10.539149195600778,80.35739537349397,26.990787928843872,0.07899061366034132,0.07527937971849608,-0.0023716839293393965,-0.08510416911832402,-21697360.0,693415.6,0.18267560188632426,0.1596283730540038
2020-08-13,0.045373992073503754,0.03397955067272601,0.03880379125313617,0.23009513506624157,0.6632586631984174,0.4685286181218256,-6.114252695796026,80.35739537349397,26.990787928843872,0.07125277043902378,0.1287471533793807,-0.006133578337405909,-0.0801779278252504,13106152.0,75037.20000000007,0.03220589594307355,0.1596283730540038
2020-08-14,0.04182580349114823,0.03360041780190253,0.02650415039975221,0.21649298839139494,0.642504999652665,0.4665983816529354,-16.256914118419793,80.35739537349397,26.990787928843872,0.06371227941245006,0.0997756346736165,-0.000851372576020637,-0.07653651511438704,-1276705.0,-581977.95,0.20044110696843975,0.1596283730540038
2020-08-17,0.039918172844514384,0.033121358533065075,0.0371340495599359,0.23110842012242094,0.6406593645349958,0.4662763245874592,-13.736208922310063,80.35739537349397,26.990787928843872,0.05550428972923194,0.13302026383845944,-0.0024445067693260603,-0.09999155032170973,10630687.0,208757.25,0.22924879544459054,0.1596283730540038
2020-08-18,0.037690614101436655,0.03338935499674066,0.0262487832626924,0.21721978649816231,0.6777646645601875,0.4468021128156178,-9.162565383327852,80.35739537349397,26.990787928843872,0.05631516856856833,0.07423326937433816,-0.0037797201825618965,-0.08683745672559283,1826083.0,3221716.85,0.12522417976579803,0.1596283730540038
2020-08-19,0.03590621173376345,0.033491921255799736,0.008016962970059039,0.19404846465379202,0.6127346103415006,0.4518554997419466,-4.986166834231476,80.35739537349397,26.990787928843872,0.04528295454426856,0.06799827190665586,-0.001608745597503125,-0.03948177533115588,10095132.0,6181310.600000001,0.1523423091110292,0.1596283730540038
2020-08-20,0.030994619668557325,0.032409453764479484,-0.025306752874924583,0.15259719487197862,0.7019969571807714,0.4669858875093869,-5.865934112749592,80.35739537349397,26.990787928843872,0.05314904123018471,0.03466215474861345,-0.0005334175983221501,-0.02482995270792984,15752747.0,889549.0499999999,0.17854313031535574,0.1596283730540038
2020-08-21,0.028186785371794504,0.03196472204001413,-0.00748211341178298,0.1719104025195476,0.7945910015549157,0.47089337977715606,-1.2296652855512349,80.35739537349397,26.990787928843872,0.07829466684613573,0.02144619565082384,-0.0035920250794884145,-0.02565539534395939,11841658.0,3764273.9,0.17692266921079125,0.1596283730540038
2020-08-24,0.020146642529473135,0.03158744980256984,0.0002921965732286153,0.1742074852845277,0.885105116253299,0.31255855047656705,5.298265747487221,80.35739537349397,26.990787928843872,0.054522903712117765,-0.046277601376345734,-0.0020033280646103435,-0.028025166907818682,-2909370.0,2388704.5,0.0007605243144097606,0.1596283730540038
2020-08-25,0.014042787575474577,0.03144562325277786,0.015542699412291337,0.1841984266109103,0.9830694837566522,0.3045116117890157,9.045108939421631,80.35739537349397,26.990787928843872,0.08865276883493345,-0.08980219223322439,0.0037697261549394234,-0.0356540688521169,-1822423.0,179298.15,0.05665655224729749,0.1596283730540038
2020-08-26,0.011200200964309551,0.031757236588315384,0.03066347461026681,0.1965493718278737,1.0682674911431138,0.28846600105259407,-0.7712605342235648,80.35739537349397,26.990787928843872,0.06833306191143218,-0.0209396197513545,-0.0007505239807833464,0.02047977843673573,11742807.0,626973.85,-0.032435897435897476,0.1596283730540038
2020-08-27,0.008396454713939013,0.032874590205443706,0.03412142478269952,0.19389148190764394,0.988172199096249,0.27193722640930407,4.753004880661415,80.35739537349397,26.990787928843872,0.03380589595815997,-0.010764705428535803,0.0007758076309980488,0.07378718602705098,5265493.0,993091.15,-0.04088607073743156,0.1596283730540038
2020-08-28,0.004968431059403267,0.032955126787017154,0.012039671426737474,0.16258460631743465,1.0488885816294171,0.2726441942484405,-3.4437967600855472,80.35739537349397,26.990787928843872,0.05978720644608715,-0.037460733048138906,0.005596720825513213,0.010852535335200557,6147496.0,-3960376.8,-0.06742687159147254,0.1596283730540038
2020-08-31,0.0057843774515680966,0.032136764674424605,-0.008946360980166294,0.1336598399719607,1.1908359908943422,0.26961139193057565,-5.272700369705433,79.77425316671112,33.436024087580904,0.03819457915802227,-0.012954235853934737,0.0007335255605871449,0.1573181362614461,10257468.0,-7522706.800000001,-0.030903090309030934,0.1596283730540038
2020-09-01,0.006953339278420384,0.031069338384922224,0.00969060982930836,0.14983647964983524,1.2024136562767795,0.2667255671470635,2.171034506760556,79.77425316671112,33.436024087580904,0.04293123414744837,-0.02060476074950013,0.002051469329529265,0.13872180775140644,6907783.0,-5427473.75,-0.023759932114479687,0.1596283730540038
2020-09-02,0.005071670559254002,0.029447505466714326,0.0045821638927589945,0.1386546579595031,1.199417340942636,0.26615393526332265,2.563492973042365,79.77425316671112,33.436024087580904,0.07366498248317943,-0.06434091008145604,0.0013155589597222406,0.14937057948934632,13457232.0,-5490144.199999999,-0.02236806337617958,0.1596283730540038
2020-09-03,0.004017686158941631,0.027890859196634154,0.011424894225583746,0.14056834895281692,1.1247676933779214,0.26260068803600073,6.408968829648842,79.77425316671112,33.436024087580904,0.01328382624509028,-0.010984901187229834,-0.0015406705694214207,0.41984823446651653,12927689.0,-1724743.65,-0.0010663604298253304,0.1596283730540038
2020-09-04,0.002442846404330967,0.026504074134008175,-0.004351610398299567,0.116945468416312,1.0640465386119107,0.2684863926485189,-11.869298844874002,79.77425316671112,33.436024087580904,0.015544767161280282,-0.024782704367648845,-0.0030678924554939924,0.27638378701488153,-8414369.0,-1319696.95,0.07791009728279108,0.1596283730540038
2020-09-07,0.00011616847602792696,0.025700320788232124,-0.010223026623050298,0.10395889846963222,0.8438221742076041,0.26846277678195185,-6.276155416651413,79.77425316671112,33.436024087580904,0.015199982257352973,-0.03701418102940546,-0.003296968955163071,0.25395045171436786,-27371150.0,-79366.69999999995,0.10350669151279002,0.1596283730540038
2020-09-08,-0.0007543771607337735,0.025184796060711657,0.001161367003004487,0.11127602788894993,0.7911481148265013,0.2667519516227591,-3.1136194655501797,79.77425316671112,33.436024087580904,-0.021431290661022784,0.026093207828133735,-0.0002660644980947424,0.2637583006950296,-20873085.0,-1450076.15,0.09989254244573398,0.1596283730540038
2020-09-09,-0.0002900098230776097,0.025161682796498178,-0.009050654028225915,0.0953166415290695,0.8283865811132253,0.2546079120097923,11.043232050908323,79.77425316671112,33.436024087580904,-0.025866265586269366,0.044959555517058325,-0.0024217562908414036,0.14232467966924528,-15408247.0,-5394135.850000001,0.08889821615949622,0.1596283730540038
2020-09-10,0.00028996038924390455,0.02515996552182496,0.008812521697696913,0.1100241135128444,0.8381306476355835,0.24910602877835536,10.751521852780144,79.77425316671112,33.436024087580904,-0.029345074437392205,0.04333098465039287,-0.0005188270615090751,0.16056951145275708,-20105805.0,-4871063.75,0.10980795917453778,0.03830009159310577
2020-09-11,0.0018566679300578597,0.025689214193104687,0.011177378979544291,0.1080085831829119,0.7723941038025721,0.24840493029067134,3.629145929979984,79.77425316671112,33.436024087580904,-0.0292801012766295,0.051528142810197686,-0.0023961071985739713,0.039840593912661766,-11739655.0,-723887.6499999999,0.06776027996500433,0.03830009159310577
2020-09-14,0.003659388173463415,0.02636648035286274,0.020892530127835138,0.1134724493146091,0.8007197739328659,0.2422483392261134,-3.173143665825684,79.77425316671112,33.436024087580904,-0.020587133838673055,0.03438044940200069,-0.0034034572722618783,-0.008267617810828916,-26462886.0,2245088.7,0.1045387733285823,0.03830009159310577
2020-09-15,0.004819980285680202,0.026791643440987403,0.028723367693307952,0.11743534732973022,0.8744706085469205,0.2430690243018251,-4.631401523405238,79.77425316671112,33.436024087580904,0.0020454740125586124,0.025668101738298477,-0.007250547857965528,-0.025866492231824485,-34241577.0,2351401.45,0.05737858616163516,0.03830009159310577
2020-09-16,0.007426315924552965,0.027767679678675293,0.05505656234110416,0.14309495723004909,0.9485659896767753,0.2558354193174807,3.012875813419292,79.77425316671112,33.436024087580904,-0.002376432077107249,0.07372157522648515,-0.0054403687721311655,-0.015296150595468986,-9697191.0,8313137.95,0.010700567038595121,0.03830009159310577
2020-09-17,0.010895362442846099,0.0281955325088377,0.03455743167490178,0.11919830946749738,1.0173674245914754,0.23622328426998787,5.675585032540177,79.77425316671112,33.436024087580904,0.006010831092713609,0.08064354923409223,-0.008022846685378782,-0.006439775222420699,-20980875.0,2551216.15,0.04907892967594463,0.03830009159310577
2020-09-18,0.012323936573923522,0.028256481981171044,0.021606643166977052,0.10209120741402318,1.088084038195243,0.23064253410631835,11.137358160759348,79.77425316671112,33.436024087580904,-0.016994766979552156,0.0686720808778184,-0.006783476730879312,-0.03605015629354021,-41020810.0,551166.3,0.10776852060346775,0.03830009159310577
2020-09-21,0.013289374076497783,0.028270816763642653,0.010735954599946486,0.08633342588973308,1.1010864070667614,0.23318161461970857,-3.3894414284968235,79.77425316671112,33.436024087580904,-0.029328180724137454,0.06300792940564204,-0.013166883335118729,0.026361028889667317,-58465457.0,-1234005.35,0.129146177916853,0.03830009159310577
2020-09-22,0.012450108035820301,0.027944759339601957,0.0032831643971725807,0.07337426607760371,1.087294625121574,0.22942846073653922,-5.629298227925936,79.77425316671112,33.436024087580904,-0.027997488782131152,0.039271462724356776,-0.010969631155643533,-0.016405422892241176,-64378673.0,-2720308.5500000003,0.16000358953650107,0.03830009159310577
2020-09-23,0.008188353328352585,0.026626089918538723,-0.004056379699427336,0.05967014556792603,0.9937809235350239,0.22260963401234976,-13.363886431261463,79.77425316671112,33.436024087580904,-0.05490107239472697,0.041053163398792836,-0.008774324392259891,0.03650244104448528,-84134935.0,-9466687.85,0.20431959719093684,0.03830009159310577
2020-09-24,0.0018870607264321565,0.02512625066827119,-0.026101333481880488,0.02969267888185527,1.1327383099337935,0.23676190550351078,-7.68281418423318,79.77425316671112,33.436024087580904,-0.03275904045576883,-0.009309402614661622,-0.003053078795240527,0.02644417976362124,-117447760.0,-12164623.2,0.2771099854039667,0.03830009159310577
2020-09-25,-0.001619986408245002,0.023671833184011885,-0.02282871270095293,0.02811016092320264,1.0936960864823122,0.22708239592156518,-4.246143435423292,79.77425316671112,33.436024087580904,-0.038115933105720035,0.018178402823496587,-0.0020155066391516208,-0.056053558177772946,-101880413.0,-10730901.95,0.20271541324172904,0.03830009159310577
2020-09-28,-0.0024222470951574646,0.02213168874002882,-0.006382932201778438,0.04227992556892572,1.1304780442518236,0.22501366359631392,1.9651733497017716,79.77425316671112,33.436024087580904,-0.010082170096712084,0.027358468343419706,-0.002717166359315182,-0.06248319962149488,-83140909.0,-7787878.350000001,0.15135448916408678,0.03830009159310577
2020-09-29,-0.0031667331814852423,0.020733972259226345,-0.007348534350191042,0.03713286431747456,1.1186899193594027,0.213584941087717,6.806471832001101,79.77425316671112,33.436024087580904,-0.02697116907905095,0.02321384509512303,-0.007097044462216928,-0.05987186348170052,-88149815.0,-5428822.25,0.16392730146187273,0.03830009159310577
2020-09-30,-0.0021981710344228145,0.019661965631313658,-0.0030135073330812465,0.038038102437483616,1.0390662408057891,0.21352354167206014,0.06015794452849832,79.0737362797597,38.73943676352246,-0.05318575723737018,0.05867425413943739,-0.014110937025762382,-0.05595529136018726,-90286634.0,-1533290.7000000002,0.1535253227408142,0.03830009159310577
2020-10-05,-0.00019332326080168092,0.01903738278970106,-0.004036290346301065,0.033149772479280144,0.8117109553512066,0.21214871077195857,-3.1182650978106707,79.0737362797597,38.73943676352246,0.027450208197516313,-0.030033153295253467,-0.012730047488213936,0.011174968765277854,-98092485.0,7697320.05,0.20118246017408437,0.03830009159310577
2020-10-06,0.0022802006793835386,0.01882603885289578,0.01058895032251601,0.04600224010150157,0.8072351403982106,0.21074041851094952,-3.7082804309712856,79.0737362797597,38.73943676352246,0.03089401238527678,-0.0007956936814559334,-0.019597634702632316,0.0685998927860926,-66800714.0,8615560.100000001,0.11188049482611073,0.03830009159310577
2020-10-07,0.003659582931720015,0.01855611039241038,0.016378757991059173,0.050563691968361746,0.8394382132130495,0.20936552878341155,0.03603389197279938,79.0737362797597,38.73943676352246,0.05247369016859338,-0.006859991002918564,-0.017630616861823434,0.02211049769554071,-46470348.0,8209705.4,0.10074455019957007,0.03830009159310577
2020-10-08,0.0066518411896739175,0.01837105267624996,0.036426545280340346,0.0704080883434609,0.9371159324579803,0.21913891491169532,-0.7011674693363759,79.0737362797597,38.73943676352246,0.11739951535666804,-0.060586499148017614,-0.023620370903711274,-0.030811068376775982,-18953479.0,12293210.75,0.08570088709992585,0.03830009159310577
2020-10-12,0.010445386577499284,0.018506730807144333,0.048205149807706044,0.08272770989443069,1.081780103988732,0.21855526176779896,8.246764453939264,79.0737362797597,38.73943676352246,0.12162087194571036,-0.03842513500758793,-0.022087732559811557,-0.07185962614582847,11795722.0,13662136.9,0.036888563388968176,-0.06491216032744795
2020-10-13,0.013957882177182069,0.019120406131464582,0.04925104856707,0.08291308177928433,1.1264936404530503,0.211628730831306,14.197940074283295,79.0737362797597,38.73943676352246,0.1367539454523672,-0.06885571234942733,-0.022915867758291242,-0.028290297593591373,11613695.0,15484197.25,0.03109874152952563,-0.06491216032744795
2020-10-14,0.015321631260587621,0.019093619161468633,0.03950061944558317,0.07194469219816133,1.1408074940993866,0.21450535171552826,17.511731126525667,79.0737362797597,38.73943676352246,0.1314518639467226,-0.07413397195159832,-0.01479403038453253,-0.015127507844496192,248311.0,12086519.049999999,0.04563890368306778,-0.06491216032744795
2020-10-15,0.014723480252430136,0.018968571547768244,0.02424154348665897,0.05428035746431207,1.151308548650118,0.2197523295530271,3.585365930991003,79.0737362797597,38.73943676352246,0.1051357317806807,-0.0722869298932578,-0.01926095157300234,0.004039213608142628,-10168271.0,8690773.35,0.05633518832163875,-0.06491216032744795
2020-10-16,0.012632067263412455,0.01797894258251465,0.01446000213267567,0.042218227909219024,1.0800472466538447,0.220981111193269,-2.5005871942998183,79.0737362797597,38.73943676352246,0.08136755894132786,-0.06684094128068985,-0.013391456940504698,0.016974302428590996,-13028951.0,2475675.75,0.09718035112608625,-0.06491216032744795
2020-10-19,0.008783673789962282,0.016991741572699094,0.03343122720760799,0.05885175755130572,0.9792348381001955,0.20595716061529895,12.026245978517835,79.0737362797597,38.73943676352246,0.08668029514734465,-0.08228955641726055,-0.014488793975509062,0.07637545432725126,-25877720.0,1587476.0,0.10098633607818286,-0.06491216032744795
2020-10-20,0.0057026388235624425,0.015558883915416568,0.0184611167977055,0.04093382525792756,0.9032344156932764,0.20482464594026747,7.352940947614719,79.0737362797597,38.73943676352246,0.08735509174231293,-0.08178081813229365,-0.015993817523605403,0.07690615636522334,-9983540.0,-2318097.6,0.05566948645646419,-0.06491216032744795
2020-10-21,0.0038880949579191025,0.014532917206191856,0.02193910506337951,0.04277786806097987,0.8687419429764931,0.2015018098668299,5.184561587318093,79.0737362797597,38.73943676352246,0.09546177959862101,-0.0751913913370974,-0.020572008743828918,0.045811266233894775,8627753.0,-255373.45,-0.02614033661273274,-0.06491216032744795
2020-10-22,0.003948769197921359,0.01230356485243068,0.024717014867139377,0.04606449346051355,0.7674686396318445,0.19819391902691438,-8.849969360041541,79.0737362797597,38.73943676352246,0.10034439299219367,-0.06625356784629721,-0.011342822795831875,0.025482028850043956,29217515.0,2259003.25,-0.060374519973078855,-0.06491216032744795
2020-10-23,0.004914153915099309,0.010386492654308646,0.01624424134411484,0.03839661835661055,0.6446017846445617,0.19806649527943854,-5.237542323730281,79.0737362797597,38.73943676352246,0.08254518722400972,-0.04822017351430352,-0.009931431131354196,0.0037892344589446664,35554481.0,1999720.1500000001,-0.06633659536610836,-0.06491216032744795
2020-10-26,0.006550723903692178,0.008609096411034224,0.009874288929693316,0.032603711144798674,0.5699802995595411,0.196120136782289,-4.042185713107642,79.0737362797597,38.73943676352246,0.08546615386982004,-0.04740386797076401,-0.015499629672307447,0.1743849218983343,45566967.0,-1662845.55,-0.10738255033557043,-0.06491216032744795
2020-10-27,0.00897647659109764,0.0064229922697511856,0.0004478659334522885,0.025117438912179147,0.5890702128060052,0.17367393562971176,-12.749911026473711,79.0737362797597,38.73943676352246,0.07147646749051151,-0.014738600677421054,-0.020399246712206387,0.19611214183931658,78704330.0,-4234653.7,-0.15627416047598242,-0.06491216032744795
2020-10-28,0.010208124841633297,0.004553496143368448,-0.00848593604829057,0.01742745677482826,0.581791693592095,0.1769468333027531,-13.809017984057249,79.0737362797597,38.73943676352246,0.020726908660151366,0.02644294861395058,-0.02358178576866199,0.4095251117346926,69857930.0,-7071783.7,-0.1315878952737164,-0.06491216032744795
2020-10-29,0.009121130764419646,0.004181976569962019,-0.024716859691890886,0.0004977316235152359,0.6766144815235285,0.17836586877493385,-26.71732425841539,79.0737362797597,38.73943676352246,0.020561847291975965,-0.007815533577375522,-0.022863561959389433,0.2896696225041149,43801252.0,-11218239.0,-0.08739202043628791,-0.06491216032744795
2020-10-30,0.00753193911092667,0.003774855892015751,-0.03598297015636972,-0.01128213093416238,0.8216959324992277,0.18344410015005216,-30.561461675983693,79.0737362797597,38.73943676352246,0.0016186623891361052,0.0007019734215558682,-0.025237106044846525,0.2786494068992106,22391666.0,-13588459.3,-0.06867171322855492,-0.06491216032744795
2020-11-02,0.005947085466451463,0.00294968746577601,-0.02844384757661546,-0.003607931419308903,0.9156103706062427,0.1849656470123737,-23.456090651312294,78.94378408107693,42.381165339137226,0.007107440929616793,-0.0013336266629939697,-0.010605756509017406,0.22652576999715346,18840385.0,-12334958.05,-0.03987603305785126,-0.06491216032744795
2020-11-03,0.004196543655925449,0.0026806133035785482,-0.017105898456843304,0.008653483035934021,0.9749987030717886,0.18988217009550523,-1.194744262136922,78.94378408107693,42.381165339137226,0.0031233867518116742,0.016529805833192412,-0.012506917601286194,0.15979379863594761,17991804.0,-10249399.6,-0.050075198249931674,-0.06491216032744795
2020-11-04,0.003126431117694229,0.002622757187935981,0.001780855791013397,0.02847897655541634,1.042845659997559,0.1948754490430765,22.217494577807706,78.94378408107693,42.381165339137226,0.04521078906965337,-0.02131995255333785,-0.003852943615433313,-0.035441099953558555,14019389.0,-6593153.25,-0.0518858022531663,-0.06491216032744795
2020-11-05,0.003403482767838445,0.0024146183115964664,0.003113917913054576,0.030063173193101166,1.018997219376388,0.19331239211785575,24.28903910049663,78.94378408107693,42.381165339137226,0.06884106171667703,-0.05078230869029987,-0.008862381418886844,-0.09964906185890168,18491214.0,-100380.29999999993,-0.0916983368780726,-0.06491216032744795
2020-11-06,0.003235708369156142,0.0030629938404627558,0.0065060486640157065,0.03247332456384522,0.9628880122601472,0.17608305320678622,10.124478997272867,78.94378408107693,42.381165339137226,0.07347128967443317,-0.07457521897512331,-0.0028553900745481586,-0.18645174569121242,4343911.0,7518790.25,-0.09704124973004102,-0.06491216032744795
2020-11-09,0.002788634352938788,0.004318239431596193,0.02002231354644271,0.044503935915567595,1.0344039521999997,0.17368747378953087,9.35322685547861,78.94378408107693,42.381165339137226,0.02634503178017744,-0.02960561420989316,-0.0009090265853097801,-0.15826291081641694,2337084.0,10834408.600000001,-0.06832713754646835,-0.06491216032744795
2020-11-10,0.0006129346541833279,0.004925529987982597,0.004566235528548748,0.02646955735875439,1.079119396872915,0.1819963142737616,-3.3343333292510025,78.94378408107693,42.381165339137226,-0.0032096246141679607,-0.02059975436957695,0.0005382709728345425,-0.18763104645898124,-21161167.0,9292346.15,-0.0011344521378554573,0.046627030851864815
2020-11-11,-0.0007791519670403956,0.0054158401371339725,0.018157345177271966,0.038851216824199425,1.081232248401407,0.1877512163480385,6.21698504292354,78.94378408107693,42.381165339137226,0.03890453456980625,-0.0432619403967448,-0.008617848244617643,-0.2281232735930137,-10156306.0,7771610.899999999,-0.03287231124867762,0.046627030851864815
2020-11-12,-0.001112096865356946,0.0056975488653015684,0.019817379616544162,0.04012461760412702,1.1265796025545045,0.18153465984896514,-2.0913716983929547,78.94378408107693,42.381165339137226,0.027912245336871644,-0.01687482086297587,-0.007288146523797945,-0.1633525150305015,15413054.0,6796075.1,-0.08703951135712917,0.046627030851864815
2020-11-13,0.0003892660943885287,0.005901935626140779,0.027237240841250614,0.047964535332554716,1.160667825387447,0.1801196204375377,11.21878730270386,78.94378408107693,42.381165339137226,0.04544623551935989,-0.016493046259483668,-0.010475780363024989,-0.23214996533103477,22229937.0,4289936.550000001,-0.03862938419266204,0.046627030851864815
2020-11-16,0.0035038927247463478,0.006539790615662263,0.07299232657903569,0.09543128010818595,1.3323675022936934,0.2368250827870364,20.9736681607505,78.94378408107693,42.381165339137226,0.07759493481772517,-0.019671342191196706,-0.010148749596779916,-0.24531470523160293,37635398.0,5471482.9,-0.009081942960466827,0.046627030851864815
2020-11-17,0.008575553469116808,0.008370606068008123,0.07221728046927178,0.09581832504775441,1.4535480442854836,0.22802514422627465,20.85844891523945,78.94378408107693,42.381165339137226,0.06837895897585833,0.008117641091001548,-0.006902732216915175,-0.22795807724784364,39057574.0,7273594.899999999,-0.04075438099477924,0.046627030851864815
2020-11-18,0.013701664326660134,0.009970023943063223,0.09230754811859555,0.11862639929996478,1.4831545411604077,0.23873699382857275,25.77037038121884,78.94378408107693,42.381165339137226,0.06899541134105114,0.028134596701114845,-0.0007713517486345189,-0.18286203151615285,38364231.0,7961910.05,-4.1744938426235834e-05,0.046627030851864815
2020-11-19,0.017034057190314256,0.011435157567750882,0.07279685733004444,0.10021588159533674,1.464401409233811,0.2479366923904947,10.77235009814936,78.94378408107693,42.381165339137226,0.08427514760752075,-0.007352030616012417,-0.0050913623035790945,-0.2010371413467037,16929649.0,3176715.55,0.04542007246987434,0.046627030851864815
2020-11-20,0.019566417540860827,0.012348144796055937,0.06422422133786694,0.09343910105938012,1.4453906182609133,0.24669383241169496,4.925314607687724,78.94378408107693,42.381165339137226,0.08273347137657683,-0.0030874443969879373,-0.006764068400404666,-0.17515006425921106,8534546.0,611638.7,0.05708840831883344,0.046627030851864815
2020-11-23,0.021725866955170457,0.012248280657098043,0.07729858926481732,0.11012518079680088,1.184723543595371,0.24902947154298435,-3.938243924022075,78.94378408107693,42.381165339137226,0.12423923190647135,-0.02090583135908819,-0.001983687941937262,-0.197663102341905,15922308.0,-4523230.600000001,0.03796376186367567,0.046627030851864815
2020-11-24,0.02280254669433118,0.011374299040860118,0.06234821324099783,0.09800049468885998,0.9815813362926303,0.25066448959098525,-8.333243337531854,78.94378408107693,42.381165339137226,0.13390359006876418,-0.033232644844950476,-0.00275902842127429,-0.21755796583479084,12528991.0,-6231603.35,0.0068924302788844205,0.046627030851864815
2020-11-25,0.02258241494955398,0.010575517590113869,0.04669280403363573,0.08464823860539224,0.9188699227027196,0.25307694653290025,-10.247227700644373,78.94378408107693,42.381165339137226,0.16970913507105623,-0.07286226675564067,-0.0037306575893940597,-0.2042837655227854,7796165.0,-10082308.65,-0.0055599060297572,0.046627030851864815
2020-11-26,0.024356871527572002,0.01056846719356463,0.04515103488079908,0.08648820083392833,0.8580776551379643,0.24126353616273516,-10.734445120808218,78.94378408107693,42.381165339137226,0.13863337263987052,-0.019640095083360842,-0.003596556295845321,-0.17917222307462743,22348365.0,-9061851.45,-0.04228205222643733,0.046627030851864815
2020-11-27,0.026551077127259376,0.01056519117474902,0.03882318766136337,0.0842247680365316,0.8770942115424738,0.23375486545011198,-6.515187976878423,78.94378408107693,42.381165339137226,0.17158701467245918,-0.039642812971449226,0.005080103584354401,-0.16738248599329078,35408633.0,-8864490.25,-0.04650823735238374,0.046627030851864815
2020-11-30,0.026254399197976404,0.010280101700399785,0.0159100833916753,0.06341887895369851,1.1587086267921551,0.2482301637332386,-2.789831148555507,80.99256969165398,48.23864602674854,0.17849885608539995,-0.07516930710495551,-0.0022950028553242463,-0.15005269650048167,2232531.0,-14242520.75,0.0161394448030987,0.046627030851864815
2020-12-01,0.02655869984797707,0.010482367957221761,0.03065671610519817,0.08219302292150601,1.1569364031074503,0.2523845067810899,-1.6559515555433535,80.99256969165398,48.23864602674854,0.17674673255313667,-0.06563573233939479,-0.0014566439057986935,-0.1147575759897549,421374.0,-11792401.5,-0.006836745709042469,0.046627030851864815
2020-12-02,0.027080755391035265,0.011128153882293336,0.04420609254795824,0.09914322802595457,1.1806479726426988,0.2508745335483496,3.094114703919857,80.99256969165398,48.23864602674854,0.1393034749453832,-0.030414532218374868,-0.004252589714674904,-0.0812628850535825,2016764.0,-7148902.2,-0.022989778220598556,0.046627030851864815
2020-12-03,0.026289053711739237,0.011416094554008997,0.03503918733895522,0.09179873990330972,1.2092538179865677,0.25285478576822573,1.1524863502600198,80.99256969165398,48.23864602674854,0.09119140523278713,0.010803961425999375,-0.0038771983806338284,-0.06368933918047125,-14847738.0,-5872653.3,-0.001688994664312271,0.046627030851864815
2020-12-04,0.025439474571211897,0.012056671006601896,0.04205507898760725,0.10197962217010911,1.2600116691841003,0.25399624130127024,-6.627915492214711,80.99256969165398,48.23864602674854,0.10428305705948615,0.007319214894039305,-0.0050120271805857985,-0.07698451604500713,-11430492.0,-1060314.6,0.027505381487682445,0.046627030851864815
2020-12-07,0.026428446147500933,0.013490274464039567,0.0587569318915794,0.12241756864101942,0.9312925724835215,0.25930157912653723,-5.104974660537252,80.99256969165398,48.23864602674854,0.12372727655731408,-0.0026804445118824294,-0.01256346981917067,-0.044907332996197244,-24635635.0,6809411.35,0.03459420636820676,0.046627030851864815
2020-12-08,0.028816311985708536,0.014750404267500043,0.07130078908573212,0.14046175314369658,0.9413091555875008,0.2495919305404594,-2.934824931196715,80.99256969165398,48.23864602674854,0.16262851415822666,-0.0007660668414812832,-0.021847748200720774,-0.0640628121653475,-10253229.0,6612028.65,0.0045821257930602766,0.046627030851864815
2020-12-09,0.030133393438419868,0.01520833869261628,0.05632007776786154,0.1282410309807768,0.9041310549474592,0.2543168765200692,5.9550184399814015,80.99256969165398,48.23864602674854,0.08901181494645316,0.04884384225172789,-0.012642020652296693,0.010596069618064474,-26335386.0,2910134.9000000004,0.027750769729379288,0.046627030851864815
2020-12-10,0.030822100232372123,0.015170509429119596,0.034395753423770666,0.107942578639617,0.930745079797534,0.2657513346196718,-2.8376449765395577,80.99256969165398,48.23864602674854,0.10298454960371473,0.014919473821757956,-0.009319940650718617,0.028545342827228263,-50587145.0,2948203.65,0.06732176458289785,-0.06006887190032517
2020-12-11,0.031023415916992515,0.015095599069255797,0.0368212163804992,0.11364904342815689,0.8939520343924793,0.2656328805118902,-4.2057429158764705,80.99256969165398,48.23864602674854,0.07782941958580314,0.03905379913537521,-0.008627546161568134,0.0641162873244662,-54993084.0,-561430.7999999998,0.01466879623402817,-0.06006887190032517
2020-12-14,0.02760183609366441,0.013706068356764382,0.018291103001386647,0.09431654061039405,0.8832744342713377,0.22479227208387426,-9.097307131220724,80.99256969165398,48.23864602674854,0.06428288854319186,-0.014696223263483299,-0.010463495101234788,0.12266675386700647,-88501621.0,-994863.3500000006,0.02878115539335635,-0.06006887190032517
2020-12-15,0.021824684231556445,0.012359315707409372,0.008403188856720244,0.08354067005439793,0.9116243029673848,0.22777075350749798,-3.752714606813008,80.99256969165398,48.23864602674854,0.08859694996618939,-0.050492081378820775,-0.014136403541776366,0.03913198285350059,-94063124.0,-2832349.2,0.04737996793519539,-0.06006887190032517
2020-12-16,0.01680971451479106,0.011674268364859493,0.02287491356295414,0.09806453593766042,0.9492055589439382,0.21942525106498545,0.8233205800384695,80.99256969165398,48.23864602674854,0.09595779069331067,-0.06577650281657177,-0.014139850731446302,0.02454350610021518,-93135921.0,1176810.65,0.0420389079068213,-0.06006887190032517
2020-12-17,0.0133332643830151,0.011538242724827211,0.017779981317583758,0.09207991818358574,0.9359533540143682,0.21232677115486231,2.297051629151767,80.99256969165398,48.23864602674854,0.08089576932908193,-0.03907403325606573,-0.014535627473227009,0.0012784339028805852,-78676636.0,2339131.5999999996,-0.011566983717556045,-0.06006887190032517
2020-12-18,0.010297379976116187,0.011582345348005244,0.01929721686955332,0.0934358195874748,0.9020602483449287,0.21111715320735563,8.50480411352379,80.99256969165398,48.23864602674854,0.08187829788079637,-0.03166853897483679,-0.012602213587698419,-0.010346186030387977,-60980884.0,2889850.2,-0.05263364163662021,-0.06006887190032517
2020-12-21,0.010075361418965324,0.012728501107242418,0.02903453951493836,0.10296494978894383,0.9259780063039376,0.20674018948544387,4.575402867000278,80.99256969165398,48.23864602674854,0.05858396650130038,-0.014209557777179693,-0.012525276649895,0.14778403121137781,-54808896.0,5751874.6,-0.018881368008550004,-0.06006887190032517
2020-12-22,0.0101565098463328,0.013885536809339466,0.013114635707102794,0.08459933797797659,0.8599817323807196,0.21059113509116925,-3.8328940696362466,80.99256969165398,48.23864602674854,0.05172841822466756,-0.012099422855687658,-0.013251363918212467,0.09886619239167017,-47244203.0,6120840.55,-0.052625331381315976,-0.06006887190032517
2020-12-23,0.011089987128549042,0.014548709452917107,0.010662678583858182,0.08125585765743192,0.7236830620727138,0.20582393403673507,-9.279826466469956,80.99256969165398,48.23864602674854,0.047414869214201794,0.0028879810025510544,-0.011824028704366496,0.05222766641267058,-36160924.0,3510545.2,-0.04586975352389955,-0.06006887190032517
2020-12-24,0.011367356242349861,0.014886864410528155,0.01030242769660422,0.08029710818601843,0.6242540033837769,0.20574762339990843,-10.70529504209344,80.99256969165398,48.23864602674854,0.05768698295670771,-0.009624944909936817,-0.012120686905895628,-0.028736379337061618,-26861895.0,3761609.75,-0.06172364727146873,-0.06006887190032517
2020-12-25,0.01134015019735586,0.015095985968637373,0.009844175969584755,0.07928703997122537,0.5044403432850341,0.2055581703801119,-8.040904827691975,80.99256969165398,48.23864602674854,0.045098697729910375,0.0050184890939286575,-0.013879502202873595,-0.03024567469082567,-17683334.0,2449618.0999999996,-0.05164373088685015,-0.06006887190032517
2020-12-28,0.012803248170535242,0.015032577494765912,0.014057008947190693,0.08452416927490039,0.4875375610964418,0.19221786908873725,-14.630704023159609,80.99256969165398,48.23864602674854,0.03033991450692075,0.04671913570841291,-0.020302983384102524,-0.0250696074489633,21240595.0,16974.25,-0.14704221375123538,-0.06006887190032517
2020-12-29,0.013573722847924486,0.014862910276801554,0.011329596912676777,0.08131300146520054,0.4848868231927743,0.18300474275444067,-8.63430279571741,80.99256969165398,48.23864602674854,0.010451251070586753,0.045726271162774834,-0.014367033456839207,0.03157752970002709,24606846.0,1368534.7,-0.13608202601355024,-0.06006887190032517
2020-12-30,0.013943806126212595,0.014837475127340783,0.028096452860949982,0.09893877151489851,0.6510588470668782,0.1842233597284892,14.12653072046244,80.99256969165398,48.23864602674854,0.0248200413978934,0.03244649517964793,-0.012236157805452286,0.014095814751634801,29927758.0,4673284.5,-0.10934431182958149,-0.06006887190032517
2020-12-31,0.01510397957217065,0.01509731626647469,0.03430015947734393,0.1059646846043903,0.7440453780213673,0.1838015876728764,19.911189763512795,82.32717059576053,56.024249707932256,0.029214182025734114,0.04241685024486097,-0.013044558563905517,0.009899229980489217,39826103.0,4731254.25,-0.11819894643749762,-0.06006887190032517
2021-01-04,0.016161266786490134,0.015163067362586298,0.042403054801846696,0.11518032827378112,0.9147907984924782,0.1833570316458877,29.752982955834916,82.32717059576053,56.024249707932256,-0.0035159193622587015,0.07435112788942178,-0.011775946013224625,0.18102992441329188,33448520.0,6922105.6,-0.09268311607697077,-0.06006887190032517
2021-01-05,0.015478810376115948,0.015122932115021004,0.05095363468650137,0.1243787965225682,1.0207474545380033,0.17277620493296336,21.46205858044769,82.32717059576053,56.024249707932256,0.010888514358411205,0.04876013764254972,-0.0040756936750463435,0.09992187429465602,34065058.0,6439269.300000001,-0.11172818080141922,-0.06006887190032517
2021-01-06,0.015453487815280652,0.015240673802698017,0.06169039305176052,0.13539668579155628,1.1982573972764738,0.16591710572721474,20.56649809613407,82.32717059576053,56.024249707932256,0.004150859585614564,0.04870010144991266,-0.001607145581926761,0.07793183770328437,35912689.0,6564901.35,-0.11208140033526959,-0.06006887190032517
2021-01-07,0.017280888240018867,0.01591258245811911,0.08763276686765599,0.1641433573024723,1.2130112812516107,0.18589768553428282,12.652040652961304,82.32717059576053,56.024249707932256,0.07394771005402978,0.01792249910462873,-0.014019154508367104,-0.03836643356331439,49292003.0,3001614.4499999997,-0.015491347707832448,-0.06006887190032517
2021-01-08,0.02064342202565924,0.017256081880653994,0.10898227838394023,0.18977001577068972,1.3524934032734865,0.18609017097937527,6.459389680257203,82.32717059576053,56.024249707932256,0.07418600439113221,0.06418461850213619,-0.011195703572778659,-0.07127013237420209,60536998.0,1534175.5000000005,-0.04117531831537713,-0.06006887190032517
2021-01-11,0.023981760401909837,0.01900756064200482,0.10915258814197229,0.19238234206952393,1.4034974904729811,0.18603718149098758,6.507712462990895,82.32717059576053,56.024249707932256,0.09831064024343994,0.03902527809516987,-0.006020591896751304,0.03556530130987953,53562702.0,-1966383.7000000002,0.042003231017770704,0.07995779863065033
2021-01-12,0.029240321679650037,0.02073238456775963,0.11340968916042607,0.20112715342586007,1.4521956292396334,0.16754606832748686,9.859194363218876,82.32717059576053,56.024249707932256,0.09201279836683418,0.07708156751813,-0.005723467332778842,0.006319145938587744,55059683.0,-3974003.55,0.04377796589672278,0.07995779863065033
2021-01-13,0.03650164198818012,0.022976143838946427,0.12878412725537183,0.22310887353141215,1.4594311955996329,0.16559505630457605,8.33339349847455,82.32717059576053,56.024249707932256,0.07826174559237842,0.128025464848462,-0.004766607611591311,-0.040584068966833024,54676308.0,-6516597.0,0.13591137965760325,0.07995779863065033
2021-01-14,0.03969960145970431,0.024022959112850437,0.0960931267237094,0.19115922757387974,1.5406253714361637,0.19663720222190154,-3.500510922692797,82.32717059576053,56.024249707932256,0.10175883157005927,0.06016426872691749,-0.00284717506308263,0.002717040215430481,13258650.0,-11349588.5,0.1489924281879733,0.07995779863065033
2021-01-15,0.04158310383167403,0.024566768521857768,0.10325868120307448,0.2032875627395768,1.5975705820785744,0.1942619319650599,-11.207005220571617,82.32717059576053,56.024249707932256,0.07725677440740664,0.1058144151282332,-0.004566869242144556,0.044299052772983495,22766923.0,-10287061.35,0.14850152905198777,0.07995779863065033
2021-01-18,0.04381929202946639,0.025133164808020945,0.10443957492986355,0.20895805872231435,1.571524935086803,0.19355759822130233,-11.017070623257922,82.32717059576053,56.024249707932256,0.08247792924554331,0.10771823908432188,-0.005179908040679915,0.03813017779696919,13355044.0,-8868477.799999999,0.17192735696851869,0.07995779863065033
2021-01-19,0.045870318818853145,0.026489833370931117,0.12942447093312898,0.24140750818689685,1.5441280613256152,0.21160579718912445,2.6167761802496727,82.32717059576053,56.024249707932256,0.12595322094748918,0.08916301066912213,-0.006631403276760817,-0.004710930573097959,10574075.0,-6414395.55,0.2003146937787461,0.07995779863065033
2021-01-20,0.0486496742009463,0.027899700020959945,0.15114335625533376,0.2725162043716784,1.5281809958570083,0.20628408463164513,2.423129299580239,82.32717059576053,56.024249707932256,0.12429803241322568,0.1468221698635932,-0.007995681556548506,-0.07052870007633068,8363414.0,-5922119.100000001,0.2003090673683332,0.07995779863065033
2021-01-21,0.0558230295136679,0.030784251476939223,0.18018404625261583,0.31369776313497905,1.4733893317310987,0.22350004532323461,3.3246693834561114,82.32717059576053,56.024249707932256,0.1500405312893216,0.17215988972796947,-0.008560042921920585,-0.07777490844017032,-8962159.0,-2293554.8499999996,0.2970329715676969,0.07995779863065033
2021-01-22,0.059568648404854804,0.03283141484517387,0.12439390967668239,0.25808568075879224,1.4460140191466915,0.28276773378658127,-10.36567468280927,82.32717059576053,56.024249707932256,0.11786604560344216,0.15468345562197405,-0.006262692918635349,-0.053031946308972636,-70852295.0,-12762713.85,0.38843347815394713,0.07995779863065033
2021-01-25,0.061317369684060014,0.034183810263448806,0.08520508824672447,0.21906996952781665,1.5082026345941069,0.3101027459071846,-18.119650552314695,82.32717059576053,56.024249707932256,0.11961500518908896,0.11913282062266295,-0.005776524062382493,-0.0012919658438216221,-98748721.0,-15917865.55,0.4168648474343988,0.07995779863065033
2021-01-26,0.05989378447334523,0.03412783157163639,0.048606546457757874,0.1812936189293984,1.5688269936098977,0.3357207321410528,-25.80274327972201,82.32717059576053,56.024249707932256,0.10475165455245339,0.0933068722674324,-0.00068002076995477,-0.01142315160595357,-119055781.0,-18894178.15,0.4460398907556071,0.07995779863065033
2021-01-27,0.055778002357815555,0.03304840897862844,0.03640035356910958,0.17088272457647025,1.4514416234885512,0.3371046703270735,-17.193144019539908,82.32717059576053,56.024249707932256,0.05006476563240492,0.14411002975924592,-0.006724342014946538,0.5509012901030336,-129485824.0,-18496679.400000002,0.494820717131474,0.07995779863065033
2021-01-28,0.047260037955333074,0.030263219559311542,0.006363227803880386,0.1386934336629408,1.4192468444206234,0.3529077436992836,-17.599028156108616,82.32717059576053,56.024249707932256,0.05436875050537959,0.09039356363954854,-0.0068125020769203015,0.2399187040246837,-164339757.0,-16688859.35,0.5821636062932021,0.07995779863065033
2021-01-29,0.03993421078227075,0.0277298537165298,-0.015410275266815132,0.11474087795990949,1.2591380788805253,0.36253173714998765,-14.728153123785276,82.32717059576053,56.024249707932256,0.03275982047039894,0.08233459195875215,-0.004894894013385054,0.3299037572181089,-186748705.0,-7119287.35,0.6090786203287839,0.07995779863065033
2021-02-01,0.035487764593017654,0.02618813446556209,0.011589276902577704,0.14667148187328555,1.1621431967699005,0.375727863483368,-8.258897860268156,84.58271873765375,65.8931845726537,0.07788849290545596,0.062036630551454364,-0.0018892636413425645,0.20742662844069376,-193589511.0,-694150.8499999996,0.5702740838927609,0.07995779863065033
2021-02-02,0.034160449356015206,0.02578299036634225,0.0386195297885389,0.17959849339350167,1.0683392200922954,0.38809632340377964,0.7237374742641123,84.58271873765375,65.8931845726537,0.0740738701019048,0.09197788767386794,-0.0053627848254026445,0.020114927271237894,-188994772.0,3604462.5999999996,0.4958753039249739,0.07995779863065033
2021-02-03,0.03227165688653496,0.02579907902479951,0.028487366931301383,0.16927457324066084,1.0408077370201498,0.389586491274443,7.446617034057269,84.58271873765375,65.8931845726537,0.05477805852620543,0.09276266551262258,-0.003469866654803644,-0.08168991594412842,-198294613.0,4513508.65,0.4625922023182296,0.07995779863065033
2021-02-04,0.03089414255290542,0.02627532452282582,0.018435743354666786,0.1575396468675558,0.9072717362431661,0.38277610754764224,1.7380792978946502,84.58271873765375,65.8931845726537,0.024317304009193075,0.0854168741608754,0.0012217174567634714,-0.12633435276747698,-207660878.0,7185034.300000001,0.32050768737988466,0.07995779863065033
2021-02-05,0.029987482808791936,0.02722778358317833,0.02224018307792929,0.16047761123422447,0.8082554635925427,0.37482206303511967,0.06023457007869126,84.58271873765375,65.8931845726537,0.016530064855686977,0.07312534793271075,-0.0008557757624360063,-0.16129158213195705,-215210899.0,9629131.549999999,0.32589687014791213,0.07995779863065033
2021-02-17,0.030132462449919198,0.028421709433499226,0.06557383840197231,0.2098741041548803,0.8828892904351285,0.4068011287690326,-0.6518683576560491,84.58271873765375,65.8931845726537,0.07014332838572157,0.06513118597478873,0.0008209557411658075,-0.13147104259011388,-199296659.0,9535154.75,0.2932220234545817,-0.1594918915118264
2021-02-18,0.028184052082324187,0.028347970447041036,0.05490258548854338,0.19790078462561203,0.8144964062947975,0.40816114119253943,-3.132166377215775,84.58271873765375,65.8931845726537,0.05313552737044813,0.06361542565411216,-0.003640208436274217,-0.08993424955351353,-200278306.0,6536189.100000001,0.25257791681149344,-0.1594918915118264
2021-02-19,0.025222409478250447,0.027807615975108977,0.038216141796623825,0.1773662438863342,0.8252881332299578,0.4071935368795835,-12.281460541230814,84.58271873765375,65.8931845726537,0.07737763450051971,0.0003077967523066327,-0.0041890359838374636,-0.10745008741844098,-204051568.0,5268405.800000001,0.15174296960885147,-0.1594918915118264
2021-02-22,0.024770573587593218,0.0271431849097712,0.030274230083264346,0.16829020654561014,0.8201364304801639,0.3969879984597675,-8.24470056844494,84.58271873765375,65.8931845726537,0.015175255860524928,0.08279800321573583,-0.003933149260822333,-0.05116426348931893,-173479410.0,4823608.1,0.11785216178521618,-0.1594918915118264
2021-02-23,0.023695911583470394,0.0262977011480801,0.012798449120783035,0.1468442934611191,0.8353153496687712,0.4004417050676547,-0.6280709745263664,84.58271873765375,65.8931845726537,0.030443322636438452,0.03611241108008101,-0.006342244729778068,-0.0625887058214765,-189020241.0,5540428.450000001,0.1604714737103703,-0.1594918915118264
2021-02-24,0.018643507411404744,0.024192489198511555,-0.013884345005725161,0.11358948177395367,0.7088839083041821,0.4120126801252097,8.739770734318185,84.58271873765375,65.8931845726537,0.06381043964515398,-0.03415615357594315,-0.004720811103210432,-0.12908622716223328,-203443536.0,1142075.8000000007,0.14342193511948875,-0.1594918915118264
2021-02-25,0.01366578315113424,0.02292943306288485,0.0012612799281048579,0.12669152199380807,0.6850748451989909,0.39919947913585596,6.16674096979262,84.58271873765375,65.8931845726537,-0.0304398362177698,0.04319892322513508,-0.011871868424833898,0.16560083286620864,-206275413.0,3228657.45,0.07982924943699365,-0.1594918915118264
2021-02-26,0.00660828489665389,0.021233801721406573,-0.041366917211161765,0.07154776622238475,0.8389988488236498,0.4140713946138844,-1.2605075035248987,84.58271873765375,65.8931845726537,-0.005646578862650298,-0.057723118410028196,-0.005373509617026984,0.1133684180683006,-262821682.0,-4116887.0999999996,0.22540798218448788,-0.1594918915118264
2021-03-02,-0.003090823544711579,0.02020483201409468,-0.03171951019639387,0.07291989331869146,0.9085263805654663,0.3831251932300584,2.8158325692819233,84.12227365133715,73.95815400679265,-0.01954874160597775,-0.07554772258359743,-0.0025456847279160533,-0.04527986561288356,-245663963.0,-4895375.249999998,0.10845980083357198,-0.1594918915118264
2021-03-03,-0.008374169851071126,0.019575515645337094,-0.008922977629559568,0.09148374127086299,0.9546956339227142,0.3754016658775566,-2.945105740059063,84.12227365133715,73.95815400679265,-0.032142800988061215,-0.009460002227230424,-0.0078257863733735,0.04666222017873118,-189270100.0,-6891795.4,0.04608118081180801,-0.1594918915118264
2021-03-04,-0.012306751417034465,0.018752243247240123,-0.03993587100866192,0.051116896283737924,0.9774028712797808,0.3840304455126932,-11.479194019927029,84.12227365133715,73.95815400679265,-0.08040376631206447,0.02985086877897236,-0.008285744466207778,0.10951455125530947,-198817604.0,-9989235.0,0.04130750192028687,-0.1594918915118264
2021-03-05,-0.01419112977011368,0.018139493729697417,-0.03870738497617907,0.04736642563698378,1.1045000200412023,0.37434330928658355,-15.032642620603596,84.12227365133715,73.95815400679265,-0.036618879009963634,0.010687016700757668,-0.0038323907829426185,-0.04537008839636486,-205087520.0,-14355012.600000001,0.07709257404492775,-0.1594918915118264
2021-03-08,-0.012338858018532487,0.01790015752482107,-0.042204056243524336,0.038807082783846994,0.9065440465045621,0.37453078040253074,-13.025539526915288,84.12227365133715,73.95815400679265,-0.039086889077361686,0.01144446567164703,0.0003403003004973648,0.008912629534480826,-209081685.0,-3768886.9499999993,0.047076646840983116,-0.1594918915118264
2021-03-09,-0.0077907858366363224,0.01707307287215334,-0.046550563658711575,0.030658720491361268,0.9729071860429241,0.3661427618542781,-2.2516716654815028,84.12227365133715,73.95815400679265,-0.0009914947715287115,-0.008991910134524161,0.01252999586136827,-0.03633298733445854,-208643914.0,-7069641.699999999,0.03929346806400602,-0.1594918915118264
2021-03-10,-0.005178455660452362,0.016041481791574757,-0.043805392789118616,0.03107414403295349,0.9867334292991451,0.36111700430203436,-17.572173944205232,84.12227365133715,73.95815400679265,-0.002687840155325638,0.012840285318644673,0.01143469591478219,-0.07576970272792263,-193365600.0,-7607542.6000000015,0.03419961518658021,0.21208030999395588
2021-03-11,-0.002795519474464329,0.01581509094086844,-0.02442928332628369,0.048525725693920406,0.9532011345587663,0.34745277371286554,-9.988526435690112,84.12227365133715,73.95815400679265,-0.00095337232163617,-0.002319818515017613,0.007178322830120765,-0.08681699580944544,-200058099.0,-618820.4500000011,0.04367715935083316,0.21208030999395588
2021-03-12,-0.0029590551247722415,0.015167983168235068,-0.014999721557850692,0.05403365172422468,0.8288522272877586,0.3248689509419585,-2.592138556013559,84.12227365133715,73.95815400679265,-0.02698755570482103,-0.001493588543645341,0.0018139065990621095,-0.12882374530219182,-205237026.0,4386674.100000001,0.06664151162453202,0.21208030999395588
2021-03-15,-0.0031232437713449423,0.014516314265366115,-0.01831628562663162,0.04620292408670791,0.7887492476424636,0.32506127991047906,11.932870414736144,84.12227365133715,73.95815400679265,0.0164874532609538,-0.04664620056729174,0.010327398058897375,-0.1514689127606632,-203555529.0,5881785.649999999,0.11188160422670501,0.21208030999395588
2021-03-16,-0.0037657152729920857,0.014391408490337246,-0.01399389290515078,0.04677355434890698,0.6823266968036418,0.32518767735393367,7.9901640391479205,84.12227365133715,73.95815400679265,0.020575633751885203,-0.04290414348686866,0.011222375395148143,-0.1581051713238482,-200741629.0,8419528.85,0.12877111063945912,0.21208030999395588
2021-03-17,-0.006288660470869537,0.014192000291508872,-0.022484932114864062,0.03277836579019594,0.6885005222122844,0.3251433662159859,6.611629698663755,84.12227365133715,73.95815400679265,0.04117571187609714,-0.08156576866501852,0.011955713644724586,-0.17906467701164624,-213061493.0,5582482.65,0.17864406779661013,0.21208030999395588
2021-03-18,-0.01081789122095372,0.013646488923113152,-0.021103995486546668,0.02670723593260386,0.6438641440289025,0.2637253578847497,0.5113222230581016,84.12227365133715,73.95815400679265,-0.06356348801600487,-0.024724268466218002,0.006333771307001745,-0.07889963719751787,-226617834.0,5589266.499999999,0.171866834711506,0.21208030999395588
2021-03-19,-0.014730154532393135,0.01318848788113924,-0.03378177398818992,0.00544494155313688,0.7763389987560004,0.268233922839234,4.21072127683729,84.12227365133715,73.95815400679265,-0.043034304861135464,-0.057843824024351065,0.01740768996543718,-0.10284133153852064,-242854440.0,1141513.0,0.17704190176671908,0.21208030999395588
2021-03-22,-0.017770899108885886,0.01327837571615739,-0.026026421231324516,0.006179677890085918,0.8142424228658777,0.2685474482479141,0.303649707241064,84.12227365133715,73.95815400679265,-0.04526499906235504,-0.04150087104163702,0.018854483129862487,-0.18596132202426016,-240189715.0,-251524.05000000075,0.1983188619988916,0.21208030999395588
2021-03-23,-0.020973123291712522,0.012997319204195109,-0.02009102816479306,0.005414604903040909,0.7904053674314315,0.26938676600360656,-2.7662054963717964,84.12227365133715,73.95815400679265,-0.0347516766511885,-0.047660071809116134,0.014361532901964624,-0.11875152727926475,-239926758.0,308949.7000000011,0.20093574547723025,0.21208030999395588
2021-03-24,-0.024007357935298,0.012206167767034577,-0.044870122204618834,-0.02697574496788858,0.9983124967787217,0.2832194300473971,-8.755344651834243,84.12227365133715,73.95815400679265,-0.04212547733567917,-0.05559893910352376,0.021345275609587988,-0.07585001263909474,-293281149.0,-5290457.3500000015,0.2612047603022609,0.21208030999395588
2021-03-25,-0.02323942855053873,0.011505780038024004,-0.04276270310366538,-0.03049639092499339,1.1381322543852717,0.27330759179803343,-8.56779457396474,84.12227365133715,73.95815400679265,-0.0703135645839581,-0.00591944860420035,0.02263893513595794,-0.13355350466415913,-296854659.0,-8234733.050000001,0.32557421585576685,0.21208030999395588
2021-03-26,-0.021411877943423495,0.011152908473749371,-0.014311339542237695,-0.0073276318436121595,1.01893457154163,0.28509851382421997,14.036905794678354,84.12227365133715,73.95815400679265,0.03571670745364153,-0.1027778434842358,0.030860763340937902,-0.1566049307051683,-292392097.0,-2373039.750000002,0.31532092386229227,0.21208030999395588
2021-03-29,-0.0172560123693384,0.011082955937877151,0.0011029764617113567,0.00521908242336413,1.1088582910899418,0.24411454124911533,19.614216609607546,84.12227365133715,73.95815400679265,-0.004234629412624202,-0.00326890274058933,0.029551642195265293,-0.05733701162400745,-222460956.0,-2589171.5999999996,0.15742397137745967,0.21208030999395588
2021-03-30,-0.013716454938888466,0.011154565287520433,-0.001445542988069258,-0.0006549846373784733,1.1475168841371772,0.24353883240922727,17.857718699926146,84.12227365133715,73.95815400679265,-0.008593425166771751,-0.007096988902419055,0.025468201668983115,-0.09950862978691583,-220780596.0,-2310311.1999999993,0.1875717566016073,0.21208030999395588
2021-03-31,-0.011306501207730883,0.01138617876961975,-0.015498704044631089,-0.019557357470706107,0.8782404796051326,0.23524690769013656,-7.82309891276163,82.94688432669687,78.23487744162645,0.05019520878610195,-0.10260070185584647,0.025273951028720543,-0.09402948617487746,-227926076.0,8112018.000000001,0.1701941528389208,0.21208030999395588
2021-04-01,-0.007114148073869295,0.012095475477000356,0.009367026520582664,0.0028980124936809153,0.7969991558541889,0.22497717537349907,-8.464719863611045,82.94688432669687,78.23487744162645,0.14427734413394444,-0.13851172345937934,0.02360749956840391,-0.1688847375406097,-170573592.0,13854777.8,0.09122203098106718,0.21208030999395588
2021-04-07,-0.002640170712973417,0.012658423622783785,0.021799629255329314,0.013493122553103315,0.7916233152586696,0.22957550756211745,-0.6335590267877151,82.94688432669687,78.23487744162645,0.11836342067534034,-0.09923213981461543,0.022248629168163392,-0.16196616518250184,-123887672.0,11686069.2,0.04024435989496822,0.21208030999395588
2021-04-08,-0.0008054647711803191,0.01285026645081555,0.02532711990104172,0.015662036874361508,0.7455839981086448,0.22881153837679777,12.365189326842035,82.94688432669687,78.23487744162645,0.19491811049339436,-0.16563661839541388,0.015142821843357579,-0.1546345142193622,-102921396.0,11216072.399999999,0.006576402321083252,0.21208030999395588
2021-04-09,0.0014471706116202254,0.012736103642130186,0.018824533480105352,0.008265347956644388,0.7548356139196085,0.2287653481552916,7.870643529180754,82.94688432669687,78.23487744162645,0.12356552674813659,-0.09415724620914734,0.003100798614122491,-0.15208166992865743,-95119913.0,14041405.65,0.012787254670754367,0.21208030999395588
2021-04-12,0.005048467881564685,0.012654659449392213,0.009593464168010688,-0.002120569318161709,0.6919157034149502,0.2312167870002568,0.728366811111627,82.94688432669687,78.23487744162645,0.13163177443540808,-0.11408187906837997,0.008778110724380062,-0.12839545671151092,-98685827.0,8690118.95,0.02371634314339377,-0.13794590191818945
2021-04-13,0.004630565601507769,0.012013931121680265,0.009721220577331269,-0.004069489383257036,0.6301506276105294,0.21989169749499624,6.400858477766604,82.94688432669687,78.23487744162645,0.08527160261721756,-0.08777181838198744,0.006793872840266779,-0.130003159911977,-101338627.0,6384518.35,0.0780973631935562,-0.13794590191818945
2021-04-14,0.003709290312862229,0.011292401206288858,0.021361295532077617,0.005461999409385759,0.6604536211858889,0.22187733929364648,6.7938123353784405,82.94688432669687,78.23487744162645,0.08390631904842549,-0.08308167580211001,0.014738782942481432,-0.10357200920353829,-99974443.0,5485377.15,0.06231269742703627,-0.13794590191818945
2021-04-15,0.0031228802968007526,0.010491803678496989,0.03213956433856241,0.014954427166859043,0.703551132188416,0.22452895605649106,10.67965972651551,82.94688432669687,78.23487744162645,0.07891691279613133,-0.061675063817731024,0.006679518445252164,-0.11767839840280782,-87433753.0,5851663.65,0.06527345009132901,-0.13794590191818945
2021-04-16,0.0016212923928113545,0.009369176315485056,0.017175394750441577,-0.0010935823925889915,0.7988534805709683,0.2308969451718563,10.476533094677215,82.94688432669687,78.23487744162645,0.0595247419475986,-0.0603435851241253,0.002434625044321681,-0.12648497428772956,-78581909.0,2166104.25,0.02405417418359601,-0.13794590191818945
2021-04-19,0.0006658035589445913,0.007925444875636517,0.005586635944643813,-0.01323966717694757,0.8225612861397721,0.23142471296847542,4.206294369942832,82.94688432669687,78.23487744162645,0.020296558376878604,-0.02195231297409206,0.0006551582005418499,-0.06570837153772253,-75797694.0,2625886.1,0.030035150306909397,-0.13794590191818945
2021-04-20,0.0007924302404058623,0.0065161079676167985,0.00391909366906168,-0.015423308754397543,0.8613112476497591,0.2311835580143577,-5.159089183784772,82.94688432669687,78.23487744162645,0.048790063357848634,-0.048790063357848634,-0.003210728782033878,0.017373794623398112,-55557041.0,932960.2499999998,0.03790438768827764,-0.13794590191818945
2021-04-21,0.0008337415344011998,0.00461933967802316,-0.012839962056839611,-0.031868757830085366,0.9419037034033204,0.22950209144403888,-22.10810260763578,82.94688432669687,78.23487744162645,0.06504676449251745,-0.06335515672704184,-0.013332309981780477,-0.03785359001686698,-62412063.0,-1627930.65,0.02410133867776665,-0.13794590191818945
2021-04-22,-0.00020844469290328207,0.0023209333230043505,-0.014342675277647961,-0.033199795575562296,0.94394817162402,0.2292701917894382,-17.488325213582286,82.94688432669687,78.23487744162645,0.01807277612529945,-0.02144537362631116,-0.014306340631663028,0.02915286385275709,-59071517.0,-3061365.15,0.01698613059061871,-0.13794590191818945
2021-04-23,0.000500237756034076,0.0013657114351282658,0.003333480248709752,-0.015538488733640131,0.8367968058836189,0.23866951609474643,1.6439850311225754,82.94688432669687,78.23487744162645,0.0677207083593303,-0.05425246170340059,-0.007852722492512565,-0.03890414705498715,10654830.0,-2639908.5,-0.06796846573681015,-0.13794590191818945
2021-04-26,0.003418657517224061,0.0009852659708828068,0.013794399438282163,-0.002767176791776577,0.9691312222540862,0.21205725631238695,9.02300504453293,82.94688432669687,78.23487744162645,0.10030231925207245,-0.0412744917145067,-0.013062010756310194,-0.011958472863878043,41395335.0,-1708626.95,-0.11723880944617826,-0.13794590191818945
2021-04-27,0.0063370467559941595,0.0005783932175719356,0.010854383789267247,-0.002915935772187115,0.9791189007285059,0.21163677160575955,3.4882178371574497,82.94688432669687,78.23487744162645,0.08977736770752887,-0.028907365068639113,-0.023619468113269315,-0.01020238537593737,41892371.0,402619.24999999977,-0.1148475956077244,-0.13794590191818945
2021-04-28,0.007253668680287233,-0.0001263066055902376,-0.003393638728044164,-0.015390459053372899,0.9073479724501953,0.20047511324770606,-15.763590092369583,82.94688432669687,78.23487744162645,0.02324644277285115,-0.002907395330164153,-0.021264207600433127,-0.02162831514878935,30997391.0,3419801.8500000006,-0.07328083216800374,-0.13794590191818945
2021-04-29,0.007505047394329105,-0.0010214122540522703,-0.006787093355738877,-0.01747369749288935,0.9030743051500882,0.1937919249679684,-11.579064776377685,82.94688432669687,78.23487744162645,0.04840852177198984,-0.046738945502873275,-0.02807366500445241,0.005969585538933923,34897259.0,3699551.25,-0.09056193353474318,-0.13794590191818945
2021-05-03,0.0060833703432013105,-0.0036013235264900603,-0.025925825189935546,-0.03495782220657689,0.9793090222809668,0.20638970982081498,-10.240982364560622,84.21069730765217,81.6371808805963,0.00946932503063036,-0.024544614357657757,-0.023871694057202353,0.04985519302637778,30030269.0,-910711.45,-0.08618901777316901,-0.13794590191818945
2021-05-04,0.0035732575545564266,-0.005420400963574676,-0.021279961782150088,-0.02856288919874493,1.0362497401639617,0.1982365280295192,-0.9965896222172859,84.21069730765217,81.6371808805963,-0.032202181385673545,0.03901678085846416,-0.018181413364484422,0.11668431748200458,8040478.0,-1746897.1,-0.05302688898903407,-0.13794590191818945
2021-05-05,-0.0007456964893901549,-0.006806091587500026,-0.029850886631773346,-0.037227564860652346,1.0783250832924254,0.1776237018349592,-9.303382516674993,84.21069730765217,81.6371808805963,-0.060888794050755646,0.03264934584353374,-0.016958923478375798,0.09207035262874144,-7380487.0,-3077006.05,-0.032438967921179174,-0.13794590191818945
2021-05-06,-0.0036420813868684836,-0.006947671336466394,-0.02467402248225098,-0.033207173896474616,1.110593181343907,0.17011522300482637,-9.75889180443042,84.21069730765217,81.6371808805963,-0.06130183520660837,0.02359669948508436,-0.019232007723903766,0.04506446902354507,-13401730.0,-2718052.1,-0.0410570780960231,-0.13794590191818945
2021-05-07,-0.004883312714070048,-0.006113579171073669,-0.0035767276691133477,-0.013077738497674324,1.079552434496273,0.18646580899842136,1.5127886506934516,84.21069730765217,81.6371808805963,-0.057320532132876245,0.034481830422650406,-0.014193837029960132,-0.050841639553377824,-4161348.0,-1533651.4000000001,-0.0543171919036638,-0.13794590191818945
2021-05-10,-0.0058809152325595545,-0.004138540528662469,-0.018496862420038514,-0.02929907380434784,0.9545895316446621,0.19420353710883742,7.742918658795666,84.21069730765217,81.6371808805963,-0.0993828919340215,0.06495658324988807,-0.021779541223058252,0.10869871559524079,-10379987.0,1722358.15,-0.052314299759385285,0.009386658883813848
2021-05-11,-0.009025455107404571,-0.003110276057425972,-0.04578887138897669,-0.058509229014885755,1.0170459995428516,0.21882215306481562,4.951317195584167,84.21069730765217,81.6371808805963,-0.08664563183906637,0.030447334419114958,-0.026971917403371792,0.21475055748759309,-27429523.0,-1966696.4500000002,-0.056553763029793314,0.009386658883813848
2021-05-12,-0.011359869952711987,-0.0031988890135597452,-0.06063887783402093,-0.07541368727187088,1.4118544259237462,0.2261187010228302,-8.757876774779227,84.21069730765217,81.6371808805963,-0.12345130348818545,0.049071523689484975,-0.016785495294235897,0.4892583536936316,-33354742.0,-2209526.9,-0.0825361568944194,0.009386658883813848
2021-05-13,-0.014870823410092113,-0.004709377917054785,-0.07741626976174276,-0.0948247122082277,1.5269387852773832,0.2285379063507581,-10.826030526046246,84.21069730765217,81.6371808805963,-0.09954943964062124,-0.006660027652655609,-0.013715212537965926,0.22816329247934602,-43544761.0,-3364713.1500000004,-0.07390652400437137,0.009386658883813848
2021-05-14,-0.018880469871971364,-0.0062746743543748255,-0.0556121098411047,-0.07648265807419304,1.5662660349821305,0.23642067937091132,-4.516603330128035,84.21069730765217,81.6371808805963,-0.08862149319281332,-0.011539929048914321,-0.014000991853325817,-0.007125912928593008,-47728563.0,-4847038.85,-0.1159160825054214,0.009386658883813848
2021-05-17,-0.02224628740258289,-0.008086258208681363,-0.0643374879387533,-0.0878451996402795,1.7273651131781642,0.23632853799181344,-11.137164987953753,84.21069730765217,81.6371808805963,-0.09174388215014972,-0.008256271873198662,-0.010104349667546142,0.031461645359642756,-29204551.0,-4067676.45,-0.12431383562693088,0.009386658883813848
2021-05-18,-0.022058816355150508,-0.009184798336545152,-0.022556257328923336,-0.048117296826114014,1.6119279192397706,0.2877212891346223,5.197490258242354,84.21069730765217,81.6371808805963,-0.0762693464699622,0.02485983236102063,-0.007106704936499231,0.10449771538951337,-18323478.0,1573384.3,-0.1451345913871699,0.009386658883813848
2021-05-19,-0.021303384800166712,-0.010429515845897422,-0.028194408737783623,-0.053990223182886855,1.1265207090396543,0.28855030363751333,6.602233242928797,84.21069730765217,81.6371808805963,-0.04297706669111123,-0.015162639299441616,-0.005741846842628462,0.13766929205114456,-20715245.0,1718769.85,-0.1644540911614759,0.009386658883813848
2021-05-20,-0.018046883281861537,-0.010670707735923815,-0.02610792403067478,-0.051608584141805386,0.9576074953700193,0.2840198483545966,14.115711103121,84.21069730765217,81.6371808805963,-0.044006514171993194,0.0017769682722449387,-0.004820502943609473,0.05166757072731579,-7176203.0,2883987.9499999997,-0.17748450711292874,0.009386658883813848
2021-05-21,-0.014411675387448681,-0.010854791366468882,-0.014278300268907676,-0.03952854701767702,0.9152645666599061,0.2875187455443534,7.862619959515065,84.21069730765217,81.6371808805963,-0.02587469758749472,-0.004582304495645784,-0.00105429072329144,0.02146857163159242,-4500637.0,2855676.0500000003,-0.1734855449994892,0.009386658883813848
2021-05-24,-0.012185785094656367,-0.010985639692288229,-0.020013939025894417,-0.04579455398539358,0.726062282885266,0.27852918601361926,4.0481566389062,84.21069730765217,81.6371808805963,-0.023146844976223435,-0.03333182848083338,-0.004888521871525997,-0.06976745307303948,-13079038.0,1771887.5,-0.15501132134398665,0.009386658883813848
2021-05-25,-0.011876306072566633,-0.010946651793806965,0.008214535977531343,-0.019074070066944962,0.6710483425597858,0.2921157322338949,11.681346043295768,84.21069730765217,81.6371808805963,-0.0355633357157048,-0.008699014013890727,-0.0006991978752436401,-0.05040321172516427,-9624698.0,2582130.6999999997,-0.15985120303925704,0.009386658883813848
2021-05-26,-0.011054960450081364,-0.009422145222148225,0.013864725652490587,-0.014674354770186852,0.6261354292310352,0.2926961869183861,5.1807857082467805,84.21069730765217,81.6371808805963,-0.026236936311179626,-0.014746916431057522,0.0004494697690256011,-0.12455871522226768,-12295117.0,4796019.25,-0.16856936609362883,0.009386658883813848
2021-05-27,-0.010649297694022834,-0.008333608693033302,0.010416875415069499,-0.018337853223899383,0.7532980652300594,0.290008801977236,2.325734642162125,84.21069730765217,81.6371808805963,-0.00604688728363989,-0.027175658524070112,-0.008215891422544308,-0.15467354066013078,-16113852.0,3987834.2,-0.167840313443109,0.009386658883813848
2021-05-28,-0.009977655126245476,-0.0065966011228157225,0.025195570940119694,-0.004465716465963136,0.764021350062887,0.2948970938493954,1.1182960029541533,84.21069730765217,81.6371808805963,-0.004977343140124879,-0.011689137109346048,0.00014396249313675114,-0.1518433061615903,-9892413.0,4860679.65,-0.16147549697034125,0.009386658883813848
2021-05-31,-0.0062974558715953866,-0.0046560114507617715,0.03654804649881061,0.007615022659904261,0.8477358621301914,0.28883327023051786,11.93148495034999,91.70154119787074,83.15480562331521,0.03682596362857593,-0.021519931437824047,-0.008133860782079783,-0.14850376890803005,16525553.0,5685442.55,-0.1928588393634708,0.009386658883813848
2021-06-01,-0.0033722620561154157,-0.003711967729709752,0.037653995631864196,0.009912807204768942,0.795222329166806,0.28843039639181683,24.5134117760962,91.70154119787074,83.15480562331521,0.0496013989502706,-0.03775730575230063,-0.014585984990114542,-0.08692105136240631,19938443.0,3570832.85,-0.20135363790186123,0.009386658883813848
2021-06-02,-0.0003466177051542631,-0.0027641694798687276,0.03155345637402311,0.004946812674173813,0.8187106571729702,0.28642589654363904,24.60632313901953,91.70154119787074,83.15480562331521,0.0506428461164945,-0.03354867606477829,-0.011163991966668618,-0.10453115266172598,22990037.0,2461498.55,-0.1959481016696799,0.009386658883813848
2021-06-03,0.002170134802922176,-0.0014226333892062664,0.032481439732429715,0.006707827260641151,0.6180839416794722,0.28629777143370083,11.206915836191918,91.70154119787074,83.15480562331521,0.023798022125070206,-0.0084659164394425,-0.012228782516497838,-0.07501405218545178,24635209.0,3529913.1499999994,-0.17692720923986027,0.009386658883813848
2021-06-04,0.002693310665056453,-0.001058500747742539,0.031106538244954438,0.005034805498110324,0.5585362880499867,0.27689944531576294,10.82571890167084,91.70154119787074,83.15480562331521,0.0328113361117921,-0.03948885692883808,-0.01160010294277547,-0.15749505538496814,10138503.0,1757539.25,-0.16431861284204818,0.009386658883813848
2021-06-07,0.002170317362014552,-0.0008072224973691983,0.025640810991466936,-1.671869984905662e-05,0.4899124941367663,0.2707086488395608,-8.333508682299524,91.70154119787074,83.15480562331521,0.0756796332316132,-0.07058655175552642,-0.007811849247377767,-0.15043331477416422,9767629.0,-636607.45,-0.17139425045728796,0.009386658883813848
2021-06-08,0.0031233834544597103,-0.0003602317274622858,0.018854949231250334,-0.004928000999900486,0.4966297400266947,0.24605091816996702,-3.4480497660788387,91.70154119787074,83.15480562331521,0.06559452431172219,-0.03407071753030211,-0.003912529365463713,-0.10576773275688482,29135724.0,-2955502.5999999996,-0.17618455886325568,0.009386658883813848
2021-06-09,0.004507612939499715,-0.0008378942401941815,0.011391030214690161,-0.009424199457964912,0.5759048345478263,0.234954657067785,-13.176266692435306,91.70154119787074,83.15480562331521,0.10779162395928865,-0.061363433663382594,-0.01182430447397842,-0.038378870940439284,30123058.0,-3956812.6999999997,-0.15593276293708214,0.009386658883813848
2021-06-10,0.008228656123177119,-0.0011179746737716482,0.029209414168381822,0.012907485745264591,0.6670913993420933,0.2244029224580893,2.4511353316665634,91.70154119787074,83.15480562331521,0.10444930636133654,-0.009385383900480493,-0.008724704268740502,-0.117929028071877,52797928.0,-2549303.8,-0.1558220587831719,0.3213874928857925
2021-06-11,0.012477234523139058,-0.0012854127928543081,0.030381004678407004,0.0181676140854621,0.7441380680261073,0.2185750028446088,6.792131990534884,91.70154119787074,83.15480562331521,0.07668833733926328,0.004101782065658588,-0.01358411539155302,-0.1350963196040212,61372497.0,-55293.05000000028,-0.16357206012378422,0.3213874928857925
2021-06-15,0.017411622270117184,-0.0013115176714078467,0.03703676022855075,0.03004986636240619,0.8551507277460091,0.2089011457675988,6.840052676693432,91.70154119787074,83.15480562331521,0.0918389471502783,0.017450355382373273,-0.0115558044728713,-0.05231212269508193,59043779.0,1375137.0499999998,-0.1412035687212082,0.3213874928857925
2021-06-16,0.018681845354999844,-0.0011268684244210645,0.027339013798311437,0.02325567545906304,0.9835548424344087,0.1617517349799776,-2.450799778087031,91.70154119787074,83.15480562331521,0.09281194765906209,-0.03511996035555587,-0.01757312788269072,0.01966289991743145,49493019.0,2254018.45,-0.13390729265967594,0.3213874928857925
2021-06-17,0.019978788420990035,-0.00036597162404159936,0.029677667263553677,0.029011003022407316,1.018158330946045,0.15605923544220796,-3.8502118077296785,91.70154119787074,83.15480562331521,0.08182357503931659,-0.008605770647872157,-0.010280537902940257,0.009756237187908988,57832088.0,3333209.1999999997,-0.11049356612094485,0.3213874928857925
2021-06-18,0.018729928094491845,0.0003947909496893701,0.021253638492701288,0.023498689244899736,1.0449546332598447,0.1585370797915418,-8.454717632177967,91.70154119787074,83.15480562331521,0.028276855081625252,0.03962811878919559,-0.007382343157947724,0.1774744448510187,60409228.0,1026976.3999999999,-0.09996034530091813,0.3213874928857925
2021-06-21,0.015869514115341023,0.00036461645137525445,-0.013651915955485018,-0.010236928966127828,1.1650628249091879,0.20209690333345184,-25.106478104740752,91.70154119787074,83.15480562331521,0.03928111423022784,-0.017607454284651602,-0.006064304681170696,0.024217059703113383,28945110.0,-5302088.7,-0.040910916787689655,0.3213874928857925
2021-06-22,0.011735540201941147,2.3498212470209366e-05,-0.02313131749883565,-0.018349060174933374,1.1520027127791486,0.20200033639988355,-34.0248972691805,91.70154119787074,83.15480562331521,0.019996910502929843,0.001831388541978729,-5.363970293414955e-05,-0.04142693733436246,18559636.0,-7906874.8,-0.04145747990267046,0.3213874928857925
2021-06-23,0.010129307791812392,0.0006004975741044932,0.004377168372530853,0.00991185482611949,1.2129884988084287,0.20719391059888329,-12.53534887214115,91.70154119787074,83.15480562331521,0.019954269631907717,0.00486371847405076,-0.0022168560177280305,-0.0541323925795516,15915216.0,-5410425.6,-0.05303815355628827,0.3213874928857925
2021-06-24,0.007211524253104708,0.0009085457231607225,-0.004686142124814365,0.0009331317557095078,1.170236602711738,0.2098271080950162,6.4821332592537,91.70154119787074,83.15480562331521,0.03591874798977157,-0.023186740317872268,0.007699393539839949,-0.07067413736059582,13604477.0,-5344482.649999999,-0.02627178596694324,0.3213874928857925
2021-06-25,0.004906965705044725,0.000596882570423273,-0.003957208829114476,0.002532318388986659,1.1609537509428556,0.20870155996715817,11.264355717254574,91.70154119787074,83.15480562331521,0.026021821632611797,-0.006344358646119375,0.008605611471115493,-0.0880695974852418,24480221.0,-5227670.85,-0.04084748997900367,0.3213874928857925
2021-06-28,0.004061854710047481,0.0006260149054527383,-0.005846949571259326,0.0010204926342519884,0.9488625046765858,0.20337930073178956,-1.171196684038371,91.70154119787074,83.15480562331521,0.042861214435935935,-0.03871187176875224,0.0028358656765870016,-0.07720231618920796,14506824.0,753060.6000000001,-0.04345207910750504,0.3213874928857925
2021-06-29,0.003053700149193018,0.0010228926348181194,0.0025386751262369443,0.009490439308883544,0.9599435536568138,0.2011637040032039,6.623497808418868,91.70154119787074,83.15480562331521,0.05093582283378595,-0.05015006017862311,0.007096275870831947,-0.05994187945018277,14338496.0,4950567.4,-0.012260912211868535,0.3213874928857925
2021-06-30,0.0017892021573652345,0.0007123854677326346,0.0025833440903459555,0.009192920455448372,0.8665340556876823,0.20107930504672114,7.387879105945061,91.0345246432254,83.43022836558208,0.05386665066914631,-0.05475468226345426,0.013053873255350235,-0.06541504823411384,14668627.0,3585005.85,-0.003773834745762761,0.3213874928857925
2021-07-01,0.001201114238412794,3.6582619803161645e-05,-0.0008254704040282144,0.005985696520497638,0.8876306180008269,0.20061344280982538,-2.5580812304825002,91.0345246432254,83.43022836558208,0.030678977886692715,-0.02990501140320867,0.008563629955091745,-0.0806509364701738,16227130.0,3324174.5,-0.012333840354473935,0.3213874928857925
2021-07-02,-0.00022771230669576287,-0.0006113516257360786,-0.008787878883471307,-0.00194684533483537,0.8884081430910435,0.20276626523685357,-12.00310123083809,91.0345246432254,83.43022836558208,0.05626933699960235,-0.06559844224054823,0.012162324893398857,-0.09703707483129441,13545193.0,1897408.35,-0.011519759814639596,0.3213874928857925
2021-07-05,-0.0005629165891321599,-0.000977435938603847,-0.003600908234178614,0.0036983359634309354,0.9780557253613333,0.20362212162226997,-16.928602989148857,91.0345246432254,83.43022836558208,0.031638381945257255,-0.03423943718798916,0.011374229630720656,-0.09337024683687006,17658466.0,2011869.4999999998,-0.013713729940022734,0.3213874928857925
2021-07-06,-0.0003961538566786096,-0.0014283472751584364,-0.0021210423671169714,0.005837040416466676,0.856459923446643,0.20283475870835427,-5.037143475176244,91.0345246432254,83.43022836558208,0.0364261898094238,-0.03227669368004982,0.01571761708312791,-0.01100880831799071,18132302.0,-296079.9,-0.010213831504727988,0.3213874928857925
2021-07-07,0.0002746888220303155,-0.0019629303713653,0.0006233235313924883,0.009478185831261348,0.7849997475923736,0.20209325740345166,-1.2342733767864473,91.0345246432254,83.43022836558208,0.028541069557390886,-0.015867614242287553,0.00992293836139213,-0.02288966763263716,22012395.0,-1130582.55,-0.028069254984260272,0.3213874928857925
2021-07-08,0.0006085385813568818,-0.0021891286496894045,-0.009852814549109485,-0.0003080807751692983,0.8069274950238063,0.2047635962039963,0.11966012902858836,91.0345246432254,83.43022836558208,0.020367416770978863,-0.01279095123790186,0.010682559751694631,0.1421701206149484,22695328.0,-2291786.5999999996,-0.023141357843616595,0.3213874928857925
2021-07-09,1.9856768090118473e-05,-0.0023598409443849814,-0.015550503655935912,-0.006391703170429754,0.8939318306792962,0.18923133327681857,8.219693029390669,91.0345246432254,83.43022836558208,0.025711681224008354,-0.04670798646584151,0.006497598468820254,-0.02758577608085901,-672488.0,-2719319.2,-0.0061766522544780544,0.3213874928857925
2021-07-12,-0.0003992095134444833,-0.0024736620238580086,0.0001700075483260439,0.009592063262472531,0.901097571066488,0.1970482071590031,20.866229608019864,91.0345246432254,83.43022836558208,0.03393704149385113,-0.04480008278422143,0.01427921119136566,-0.029702969050518904,-3191866.0,-997141.3,0.019061583577712593,-0.16106118878975817
2021-07-13,-0.0005617600358969043,-0.0020499830048112677,0.02373821123500412,0.0334413771788921,1.1587099902290137,0.2109085766981041,20.618599322854493,91.0345246432254,83.43022836558208,0.023196076410284094,-0.022344140473750773,0.01166557381710498,0.02699464672345081,18752675.0,3513766.8499999996,-0.011576981836700084,-0.16106118878975817
2021-07-14,-0.0003031476473260115,-0.0014559039982204513,0.032942900393134175,0.04328678998642496,1.2922053917288392,0.21206483431013382,18.61416293859422,91.0345246432254,83.43022836558208,0.027544406798482912,-0.010116943488346353,0.01661757095464167,-0.015019009980797977,31859582.0,5105127.699999999,0.013208131255804334,-0.16106118878975817
2021-07-15,-1.7387657418219613e-06,-0.0006351163175127923,0.03393099204911692,0.0445593907319118,1.3008379084610515,0.21131209457406736,7.196318789371766,91.0345246432254,83.43022836558208,-0.004322779850909786,0.017524037014765348,0.010427087465904927,0.02829162876139893,33024397.0,6639407.550000001,0.014466177669111735,-0.16106118878975817
2021-07-16,-0.00012607811589853774,7.100332079536072e-05,-0.006996516369779744,0.002044356672670128,1.449217742130486,0.25723476097979164,-10.947042297636663,91.0345246432254,83.43022836558208,-0.002334459509164888,-0.02088281258605207,0.0070326980258166305,0.12298004487513757,1753652.0,4444983.2,-0.00399918660611398,-0.16106118878975817
2021-07-19,0.0003387413363445058,0.0005501439610907338,-0.01871510761675087,-0.009680243566698483,1.5260809842723462,0.2318268759386737,-27.138282804453375,91.0345246432254,83.43022836558208,-0.007717546569855682,0.006002475172170452,0.006875201893274063,0.3505402052631109,6127320.0,-2297362.0,-0.04107735429620796,-0.16106118878975817
2021-07-20,0.0005481270291955886,3.8450048304758223e-05,-0.020649097952844628,-0.010862778229568229,1.2868084744933137,0.229724312055578,-27.630763518655478,91.0345246432254,83.43022836558208,0.0017328962336984333,0.0034571727267151964,0.004644382792633905,0.17346176604917987,10929501.0,-9090002.850000001,-0.034574724462581585,-0.16106118878975817
2021-07-21,-0.0011795559373940269,-0.000953539910209211,-0.013074640347268072,-0.003417080093359901,1.2130752064857684,0.20446646921331227,-3.9429937803960797,91.0345246432254,83.43022836558208,0.028628004996711587,-0.04543484095382444,0.0017459388411646959,0.06020243378609576,-7174814.0,-12062803.3,-0.014060220188353845,-0.16106118878975817
2021-07-22,-0.0017681252590110892,-0.0018311777003942073,-0.003036228082725293,0.007275785996870753,1.2215746572941188,0.20594698171407474,9.332527511298103,91.0345246432254,83.43022836558208,0.001727172217880657,-3.2109512794420425e-05,-0.0026075200617327043,0.041875280581341705,1679300.0,-11017243.2,-0.057131534625672886,-0.16106118878975817
2021-07-23,-0.0010958551176065128,-0.002227002997085854,-0.012658213284296803,-0.0025393743221475544,0.9130870124205276,0.20905038678075777,4.8786620003267345,91.0345246432254,83.43022836558208,0.011901994878099176,-0.02205448234948315,0.003210821967553068,0.008324573707920505,-7630521.0,-5498968.350000001,-0.04802653399668322,-0.16106118878975817
2021-07-26,-0.0018546825360418158,-0.0025383146483599303,-0.02027020066541041,-0.010571993027337996,0.762716982173817,0.21100756024982836,-1.7045042092968785,91.0345246432254,83.43022836558208,-0.013908523925325045,-0.003040630536980782,0.005472595100311839,0.025132646314125824,-12313522.0,-1594090.5,-0.03667870514562144,-0.16106118878975817
2021-07-27,-0.0033712718721479154,-0.0021724115230373074,-0.019027411446672762,-0.010415273771540104,0.7963845829507867,0.2082090501786033,-9.132235613715295,91.0345246432254,83.43022836558208,-0.03968507043682823,0.014474928825295885,0.008311736577983453,0.11804114195900262,-24098883.0,-133240.4500000002,-0.03846408474015228,-0.16106118878975817
2021-07-28,-0.0038802414502747853,-0.0018069268417659973,-0.019392161231424534,-0.011853140979791232,0.8555590452283719,0.20816793945436982,-1.7952513459097332,91.0345246432254,83.43022836558208,-0.021779777104578124,-0.005111295215766698,0.0053092028737598,0.049885281292580325,-38263915.0,13812.75,-0.042898916727586944,-0.16106118878975817
2021-07-29,-0.004807721902206788,-0.0013278059845278055,-0.011780694086586949,-0.005038237550654946,0.8272925017708057,0.2099897332385547,5.6881870757607444,91.0345246432254,83.43022836558208,0.011587021469016578,-0.028450431868279336,0.0029117611646880537,0.008489575950249885,-40112017.0,-2217131.5500000003,-0.035186983159797736,-0.16106118878975817
2021-07-30,-0.004978913468082035,-0.0010459335141837852,-0.016198715556223948,-0.010029179639936226,0.8532837222645232,0.20871881081002908,-0.38450185952338245,91.0345246432254,83.43022836558208,0.012274438138545785,-0.025879702477920374,-0.0012195701812149906,0.02995564793850379,-37840691.0,-1575331.45,-0.056091119181247984,-0.16106118878975817
2021-08-02,-0.004222990693607543,-0.000733819610500274,0.0008482672914877334,0.007226234870219078,0.8752695373178929,0.21738665491160875,-5.703230693043352,90.33221861387007,81.60246249250997,0.0185956187912506,-0.02028781312083905,-0.0004974890695093048,0.08539231867872961,-31340910.0,656360.7,-0.08868581947275,-0.16106118878975817
2021-08-03,-0.0027907089412725957,-0.0003641514067696607,0.0074626846638504805,0.013840357024464154,0.8955952640263057,0.2186566607797918,-11.775864450942471,90.33221861387007,81.60246249250997,0.026826523111259437,-0.023448076081506564,-0.0017125957107975154,0.0017214009206005423,-21362076.0,2226000.4000000004,-0.09590226690190073,-0.16106118878975817
2021-08-04,-0.0012702150618303385,0.0006858366987493164,0.01068335403864112,0.016462815537190246,0.7770433983703128,0.21865449127411687,-3.7071386367502726,90.33221861387007,81.60246249250997,0.05370460550809475,-0.050337646464493346,-0.0016704487416596692,-0.0070452172520665745,-16356223.0,5169386.75,-0.09473684210526312,-0.16106118878975817
2021-08-05,0.00025426398562790846,0.0017637458490231594,0.009998258675829146,0.015357035968081285,0.7269359427057641,0.2152195217096118,17.3630631007958,90.33221861387007,81.60246249250997,0.0625695894817142,-0.04896409781962707,-0.00598598110765991,-0.04061291254945063,-9429949.0,5450890.850000001,-0.11631243535417568,-0.16106118878975817
2021-08-06,0.0015266076475338602,0.0032100965293506986,0.0009317041929540642,0.005518468136217104,0.7081898923155788,0.2160312802061527,21.161108699612264,90.33221861387007,81.60246249250997,0.040770061106090605,-0.028783285320240548,-0.008354746665073076,-0.10327598562994436,1686137.0,5068115.15,-0.1363383598835498,-0.16106118878975817
2021-08-09,0.0017812065591651,0.004543029326389743,0.0075354611434005556,0.011168341007059237,0.6805269166666534,0.21031993063346088,24.501446254566524,90.33221861387007,81.60246249250997,0.024332633252674096,-0.02095977084803624,-0.004604495558800381,-0.07304231601092617,-6927597.0,4072307.85,-0.12133177179186883,-0.16106118878975817
2021-08-10,0.0002544545947747817,0.005589900041982046,0.0021197323269688683,0.0031128889120568123,0.6842648998175918,0.1924434822904151,-1.0479938139060678,90.33221861387007,81.60246249250997,0.017589639380366284,-0.04394854599458553,-0.006209020420879896,-0.06830914915264068,-31904047.0,3938208.75,-0.10036408600673219,0.10332041111291623
2021-08-11,-0.00186530237697901,0.005386696489970143,0.0023785620053511517,0.0008388873331752949,0.7081586190214368,0.18788176390671488,-9.844011231499046,90.33221861387007,81.60246249250997,0.018773676503978765,-0.056293956683082125,-0.0068880942510380905,-0.10231499581353239,-39427845.0,4055174.65,-0.12190650779101742,0.10332041111291623
2021-08-12,-0.004914367906404492,0.004898970469133134,-0.0020437006030261085,-0.006546061619949149,0.7210067604805257,0.18819099637530104,-11.899282428389512,90.33221861387007,81.60246249250997,0.029592189235957855,-0.07519474368869838,-0.006261051537205131,-0.13108906124775263,-45455773.0,3358251.25,-0.1280042846622481,0.10332041111291623
2021-08-13,-0.0061817036935045136,0.004044187429324978,-0.009884271394746603,-0.015477315544805508,0.8630403978708123,0.12505491380436293,-4.491956800419729,90.33221861387007,81.60246249250997,0.06027439343614138,-0.07385689724952949,-0.0029842665303504434,-0.1316322076645114,-20718649.0,1087641.05,-0.10296719749557648,0.10332041111291623
2021-08-16,-0.006180685159413778,0.003276687089473307,-0.004941475917318099,-0.010767309327461734,0.9271079965496911,0.11925651495116443,5.020315451048845,90.33221861387007,81.60246249250997,0.055640770726425925,-0.05220473488426136,-0.005862990017854286,-0.07743371204195246,5464702.0,214228.7,-0.125520763338261,0.10332041111291623
2021-08-17,-0.004578235617834509,0.002539295982121072,-0.00519572197455585,-0.011279431670536987,0.7880509276553848,0.11904600613084132,4.0382483026172125,90.33221861387007,81.60246249250997,0.02064279233314492,-0.015479406075687097,-0.01024313493935125,0.030376235845138377,6616675.0,-1170217.15,-0.13489765351972038,0.10332041111291623
2021-08-18,-0.003567825976205251,0.0017757650600458866,-0.021313008027385543,-0.028028706027220414,0.9853348846102986,0.13126622793834547,-9.245624161940363,90.33221861387007,81.60246249250997,-0.024301002470543565,0.005497431927364849,-0.0035607937877292217,0.22801022294339987,-10947017.0,-6178027.550000001,-0.0872460648459572,0.10332041111291623
2021-08-19,-0.003916938696374228,0.0005053149361951797,-0.04428092450415998,-0.05279796814061622,1.1770783667676856,0.1520865525691873,-19.67153295781391,90.33221861387007,81.60246249250997,-0.007225152098215282,-0.046920429989946055,-0.004270142881299899,0.21988290791736328,-43643693.0,-8388677.549999999,-0.03302861546005398,0.10332041111291623
2021-08-20,-0.006049795384135804,-0.0007358246833006086,-0.05357900691597027,-0.06392975101989719,1.3020709786522893,0.15384198395462007,-34.789719771928944,90.33221861387007,81.60246249250997,-0.007182813171979219,-0.04922738435856344,0.0007965084709504744,0.04082545132769346,-56560634.0,-10220859.7,-0.02626994634520241,0.10332041111291623
2021-08-23,-0.007411846631125057,-0.0017216650006775525,-0.028409640365415788,-0.03960370945935965,1.3918470390366322,0.1817542263108469,-10.737137777386465,90.33221861387007,81.60246249250997,0.019863191485430365,-0.0440012635761986,-0.0016881264356188863,-0.037084887190496775,-54158859.0,-11426535.850000001,0.004712113916213845,0.10332041111291623
2021-08-24,-0.008346842545931134,-0.00287428120010158,-0.01743544363228641,-0.02880396766098144,1.5814625522335322,0.18648414668129254,0.28700378860570197,90.33221861387007,81.60246249250997,0.04024288878751703,-0.054036155145869125,-0.00520550758561289,-0.027311019031379415,-49795187.0,-10130797.65,-0.04575185899201317,0.10332041111291623
2021-08-25,-0.006905376700425029,-0.0029859507858785795,0.004378080852839437,-0.006435189622328758,1.4711172806144108,0.2039583966278236,23.643734449399872,90.33221861387007,81.60246249250997,0.030588732952326447,-0.02022582693390418,-0.004667385486864961,-0.04751093992660894,-33266898.0,-4700014.300000001,-0.04478700135402558,0.10332041111291623
2021-08-26,-0.003248418585340322,-0.0022807534986278876,0.018867913821718766,0.008808738796090761,1.449457440014642,0.20958055034991271,20.497930559421086,90.33221861387007,81.60246249250997,0.011145282803695755,0.007722680657637149,-0.0005054313185973713,0.06533971415304969,-25272451.0,715138.55,-0.03542924561038241,0.10332041111291623
2021-08-27,0.001200161367149094,-0.001348215084810335,0.02577269555729955,0.017143060132918393,1.2752228203470746,0.20981995285523264,17.46798627339482,90.33221861387007,81.60246249250997,0.023810280610461643,0.008948194056137337,0.0025713759056482655,-0.0683265446244892,-12197809.0,6015089.45,-0.028855234164597232,0.10332041111291623
2021-08-30,0.0036906532704321744,-0.0003869269382198923,0.03471847965743607,0.026969238503379164,1.2650636208326524,0.20421275371684983,13.18670074541567,90.33221861387007,81.60246249250997,0.02041455381695756,0.005008894686393983,-0.0018300207694241788,-0.07106173773205607,615224.0,10013370.600000001,-0.010857019189150163,0.10332041111291623
2021-08-31,0.006098070433746943,0.0009422584901626275,0.04831816123769349,0.04152621680558859,1.40250548592054,0.20904124715379194,9.741850562320458,90.61669203925916,81.71746578603955,0.006200225850892194,0.027469702124875095,-0.0068658237851140225,-0.05017148919871157,16346839.0,13568959.850000001,-0.029565537555228283,0.10332041111291623
2021-09-01,0.0070392069565324315,0.0019888315752644857,0.045094183033098055,0.03905348682593476,1.3963329031006724,0.20927737429492663,11.023575919983351,90.61669203925916,81.71746578603955,-0.01075095354004274,0.03927446172320104,-0.01011116743683449,-0.06649279538498011,17140018.0,13575957.9,-0.020721526535479984,0.10332041111291623
2021-09-02,0.007032566181873342,0.002610420359836096,0.03389542489973165,0.02820299561447028,1.2314066579445129,0.2130514523082925,5.357335223312354,90.61669203925916,81.71746578603955,-0.0038370699987766432,0.022293484031572053,-0.001555144236410566,-0.046706177521787205,17739266.0,12694773.5,0.011402680762695905,0.10332041111291623
2021-09-03,0.00787736315236458,0.0031197919280753967,0.05343653242600134,0.049528346257585606,1.3178628230441358,0.22172301719844775,4.46887224136475,90.61669203925916,81.71746578603955,0.005521561372310746,0.043547663895801,-0.0035994614703735994,-0.04742556166314501,48128493.0,14811257.749999998,0.02583039806082632,0.10332041111291623
2021-09-06,0.009663053709079744,0.0036570427642174867,0.06885740225511844,0.06720076270590905,1.3586615738018606,0.22786737748670088,5.693243504034328,90.61669203925916,81.71746578603955,0.009156494200496912,0.05134746376511523,-0.007738382759651885,-0.046567712066278535,65164188.0,13377511.4,0.08012490955481932,0.10332041111291623
2021-09-07,0.010670962927584888,0.0034303311338814875,0.05245377767091778,0.053180214866101944,1.1750062586480507,0.23219097485716303,7.418703896480196,90.61669203925916,81.71746578603955,0.018119147557932314,0.036026095277155834,-0.0090874599806956,0.049829240332946494,61856113.0,8352055.549999999,0.05883475870494803,0.10332041111291623
2021-09-08,0.011678427713011813,0.003147137338181894,0.04314133272888668,0.04593206886203819,1.1901120500095026,0.2339880994788813,10.996154585844181,90.61669203925916,81.71746578603955,0.007982858652882507,0.04116965530499139,-0.00844529997820942,0.03405585911303937,64288154.0,8299001.899999999,-0.0018557179308744676,0.10332041111291623
2021-09-09,0.013541107144013607,0.0028508398127598095,0.040248824950065834,0.045549286857554855,1.151633124824797,0.2316457973707217,13.104755969836276,90.61669203925916,81.71746578603955,0.02350771753096792,0.032806392417094044,-0.004346653398074829,0.07250838008873269,65316805.0,7335130.15,0.004107485604606609,0.10332041111291623
2021-09-10,0.014527210158653452,0.0027226848591603175,0.04170153899816964,0.05005479525332876,0.9471026617255996,0.22776665752870395,9.868544364347045,90.61669203925916,81.71746578603955,0.024473431230474407,0.04609461142661675,-0.006004307445408474,0.1767019141567768,73893684.0,1510062.5999999996,-0.004058872619679854,0.11102794948206829
2021-09-13,0.014059452756957165,0.0027347139571716667,0.02731130431280051,0.03730337834712438,0.7046942104031408,0.23357026069909026,-4.154158798059953,90.61669203925916,81.71746578603955,0.03823466977154921,0.014847579425168789,-0.005663881527094294,0.07811766043266088,68109644.0,-2328927.2,-0.0035730751498386226,0.11102794948206829
2021-09-14,0.013768074509526612,0.003254205778611062,0.02149641603428877,0.03291391724759678,0.6166823371474239,0.23435130507562332,-15.238131003562629,90.61669203925916,81.71746578603955,0.05912817416276761,-0.009470423773757952,-0.005408445383555671,0.07847479675119884,75054479.0,-1952434.1500000001,-0.005886426592797811,0.11102794948206829
2021-09-15,0.014071479228850334,0.00312595981143886,0.008724566430346838,0.022459281029705305,0.5468219278524616,0.22754012350662015,-21.76260361588613,90.61669203925916,81.71746578603955,0.08006965946627997,-0.022578246734476615,-0.009455456675901197,0.017091410322686667,99681620.0,-4630766.2,-0.05118284324563338,0.11102794948206829
2021-09-16,0.014934095168569219,0.003117226027533983,-0.0019968944955377167,0.014904837964365477,0.5848618809567331,0.2041182206829905,-20.307824058035287,90.61669203925916,81.71746578603955,0.0734670959770709,0.004762619921103495,-0.008242876728629334,0.05441316874263017,116359873.0,-6180242.25,-0.05976528542451465,0.11102794948206829
2021-09-17,0.015697630058558863,0.002911019898928179,-0.006170959452605878,0.014570839052474771,0.7461363485182331,0.19545117837450818,-18.194523982898495,90.61669203925916,81.71746578603955,0.05056346141850909,0.04133953721595751,-0.01159964521599477,0.16661058211953345,130731567.0,-8217893.149999999,-0.032417346500644095,0.11102794948206829
2021-09-22,0.01496100457004168,0.0019713714739592308,-0.03117047524601787,-0.009065076823939021,0.8993904650763321,0.2027351605992327,-23.990988701826062,90.61669203925916,81.71746578603955,0.02094847399051769,0.019099296164848623,-0.009023679735094658,0.15790062504081445,117861314.0,-10077210.5,-0.0691862654479477,0.11102794948206829
2021-09-23,0.014064652908455455,0.0008650735078289722,-0.029355907594791748,-0.00556269464115515,0.9501814003409458,0.20030170551973922,-16.216967987215092,90.61669203925916,81.71746578603955,0.033496860513137605,-0.0008465467140881255,-0.007071379078201101,0.029594583557840014,111348695.0,-10929148.55,-0.023810382769941185,0.11102794948206829
2021-09-24,0.012590394132608092,0.0006885192911671038,-0.014121732139702713,0.011187291984663495,0.9233196772881194,0.19323506457696246,-2.1922361802105144,90.61669203925916,81.71746578603955,0.024127106156704548,0.002747247363811045,-0.00746067188921673,-0.021634280025168488,107544092.0,-10168069.399999999,-0.03249373023661539,0.11102794948206829
2021-09-27,0.00981351616096179,0.0006604731109643766,-0.008400912681465906,0.0176161308730089,0.9410222415037087,0.18725966195467383,5.847497830346384,90.61669203925916,81.71746578603955,0.0222674679251178,-0.004186925989291268,-0.00566255792348358,0.034264151051328635,101902853.0,-8535030.65,-0.05468215994531789,0.11102794948206829
2021-09-28,0.0054007052884024204,0.0005753320049487179,-0.02139432913255174,0.0038476682197158287,0.7926974038566212,0.19159979177807665,-9.778559793354816,90.61669203925916,81.71746578603955,-0.03551923069682006,0.03168498738387315,-0.009399413979097826,0.2580147743845681,86230266.0,-7806574.5,-0.042065835914427696,0.11102794948206829
2021-09-29,0.0016853233938924155,0.00037818947836639464,-0.04270383024147723,-0.019582202615673394,0.8340551495213528,0.20467015715365564,-21.98529070086922,90.61669203925916,81.71746578603955,-0.05298216612505913,0.01602291871856165,-0.0048397783991067644,0.19999997767996253,42343734.0,-7176570.9,-0.011486708237610777,0.11102794948206829
2021-09-30,-0.0024284429342102884,0.0002369214794380947,-0.04023116997338325,-0.019324760186149127,0.9278248495279722,0.19518408596016198,-14.282276072109383,77.6282513318709,78.59165111478308,-0.04670654242619521,-0.0043690151902221475,0.003000463541042331,0.20942871030239665,11762294.0,-6119093.100000001,0.03388094244413242,0.11102794948206829
2021-10-01,-0.006701266862679087,-0.0004114349728984871,-0.0473042626139407,-0.02899574284471081,1.0552541080808229,0.19708349699500916,-2.6451190108141134,77.6282513318709,78.59165111478308,-0.0408153124381786,-0.018544489692906896,0.00971748946774964,0.08861088642081015,-8230415.0,-8310421.85,0.0443370376008525,0.11102794948206829
2021-10-04,-0.010231946722477039,-0.0011162689701633343,-0.04807624018229874,-0.032015232119674185,1.0714201408151276,0.19545976187289157,-4.088042727080321,77.6282513318709,78.59165111478308,-0.06779194128120791,0.01442000269742394,0.002977759409226177,0.16489088088386067,-15448439.0,-9116099.65,0.021278978609026833,0.11102794948206829
2021-10-05,-0.01376812791543403,-0.0016234958401287643,-0.04448315114664669,-0.03175978284175537,1.228254800535111,0.17407409420759734,-3.4424650669667187,77.6282513318709,78.59165111478308,-0.05935483182326806,-0.013865853638309389,0.00925554195078182,0.06742837117003772,-61248498.0,-9215645.5,0.02565995938711474,0.11102794948206829
2021-10-06,-0.01667208535662131,-0.0019335149566622385,-0.041579321561273204,-0.03292549051350837,1.1555762018404712,0.15486546135883456,-1.2183761962432413,77.6282513318709,78.59165111478308,-0.05599126160567991,-0.03497739250410248,0.009562789713071451,0.040428070876448126,-83791290.0,-4401719.5,-0.00920212953495747,0.11102794948206829
2021-10-07,-0.01745642746377466,-0.0023548135434937304,-0.023179371527331332,-0.017010002025800608,1.1336496669325977,0.1678234515956873,13.463315837369976,77.6282513318709,78.59165111478308,-0.04247411369598553,-0.022309897048766514,0.015178097762467146,-0.0352522459162101,-82079682.0,-3219549.9,0.002920708181588738,0.11102794948206829
2021-10-08,-0.01792160319121293,-0.0028610340000665294,-0.028229130793585334,-0.024513512485421475,1.0338456548466577,0.16854795957510552,11.176810801597071,77.6282513318709,78.59165111478308,-0.03890537729119459,-0.02794962345919061,0.013674659462516114,-0.07511885062510516,-93151543.0,-813238.8499999996,0.08160972964598345,0.11102794948206829
2021-10-12,-0.018714074731108313,-0.003507497948402863,-0.024834465275176118,-0.02351352010347734,1.0609465669198137,0.16854795957510552,10.868554830343157,77.6282513318709,78.59165111478308,-0.06272492362775661,-0.004130077122628584,0.01345463589105056,-0.024426187869509182,-97124604.0,-878032.3999999994,0.07198837787208023,-0.11884527833561687
2021-10-13,-0.0190345156782983,-0.0036770604938865916,-0.027645245110843847,-0.029885250489093778,0.9425100173505006,0.1660777977656508,4.791549265893565,77.6282513318709,78.59165111478308,-0.06553473798073672,-0.01228075536246176,0.018063950327312117,-0.0786644871458262,-104509976.0,1777950.0,0.08242239573414589,-0.11884527833561687
2021-10-14,-0.017621239015253875,-0.0033135203437062873,-0.020970801512148345,-0.026312033549965873,0.8033293169280146,0.16577745759000553,5.128250444058779,77.6282513318709,78.59165111478308,-0.045928881677697486,-0.018123427496218758,0.012621867201956238,-0.16144431238758242,-101486955.0,2611769.75,0.09084249084249074,-0.11884527833561687
2021-10-15,-0.015158416133797056,-0.00201976252847307,0.02605741090205615,0.018944136671528597,0.926963263517184,0.24383063513508516,17.88614906406427,77.6282513318709,78.59165111478308,-0.039131552150477256,0.022378742307881172,0.012644946803555435,-0.18287551260950785,-70411526.0,7654497.3,0.02140175703394087,-0.11884527833561687
2021-10-18,-0.012934219272756217,-0.000809535820446042,0.010187527714701064,0.0017450371825988326,0.9403197387978823,0.24839805405731075,4.72022558416716,77.6282513318709,78.59165111478308,-0.03663842277334639,0.013055447561074907,0.013185922326110155,-0.1785237836250174,-71664202.0,8233993.1,0.016000621383354785,-0.11884527833561687
2021-10-19,-0.009486124380826801,0.0005452678126904755,0.0273091301178903,0.018387031713633074,0.8830784361942331,0.25526380022477985,14.871784053190623,77.6282513318709,78.59165111478308,-0.02652871484732844,0.02652871484732844,0.012186427760931595,-0.2032479112892871,-60186246.0,10034735.3,-0.005855612913167385,-0.11884527833561687
2021-10-20,-0.005592874296085508,0.0014227927820539988,0.024060274860703754,0.014543424720912544,0.9044319927193523,0.2555588696142869,10.319185863479618,77.6282513318709,78.59165111478308,-0.013720475690160994,0.010387317552764341,0.004813449972270956,-0.20314831741596892,-52577327.0,11334081.35,-0.056282819318097754,-0.11884527833561687
2021-10-21,-0.0014072719742997358,0.0021308326743698764,0.019762453371095192,0.010618283028200247,0.9659572656008507,0.24082524757568946,16.818565951746216,77.6282513318709,78.59165111478308,8.801031853078456e-06,0.017056164341851865,0.0031531332227170417,-0.21602421717121897,-34416882.0,10950713.9,-0.0686281721221037,-0.11884527833561687
2021-10-22,0.0004916636449075351,0.0021577006013731442,0.025553183685718704,0.01675029395082458,0.6666849516774189,0.24155528653322983,13.333442133607122,77.6282513318709,78.59165111478308,-0.02521220064095342,0.04562030848760146,0.004136642776069843,-0.18729588265930094,-27363324.0,4616092.8,-0.07616689456373116,-0.11884527833561687
2021-10-25,0.0012841372669845925,0.0024111441587391863,0.014021660391074752,0.004416594006506792,0.6475798387826457,0.23795817796594068,1.1120583622016298,77.6282513318709,78.59165111478308,-0.0178145500441923,0.00945311942918059,0.005490353266327075,-0.19196204519299817,-31331799.0,4842205.75,-0.05563695105000188,-0.11884527833561687
2021-10-26,0.0010273177874021205,0.00260735572980289,0.024544960609071374,0.014046281509656793,0.6678251149879223,0.2396026216897918,5.168518626860575,77.6282513318709,78.59165111478308,-0.015231721162241585,0.010248485747109903,0.0028564484681876667,-0.14643593455036757,-25570000.0,4761861.2,-0.04696122083951748,-0.11884527833561687
2021-10-27,0.0016268740505120162,0.002775222606405003,0.02410702251479339,0.013427859747508963,0.6588224891914277,0.23452154658181723,-0.7574558035522045,77.6282513318709,78.59165111478308,0.013848746819786761,-0.005430785485645462,0.005138506624529748,-0.07757498472252129,-19001313.0,4170207.25,-0.061846755395142505,-0.11884527833561687
2021-10-28,0.0020532407259978265,0.0024641672076259487,0.015965284301163705,0.006442436603217811,0.7087052550045678,0.21863514393337563,-3.6143969897467016,77.6282513318709,78.59165111478308,0.05361475609164068,-0.02775244287918799,0.000879682134462545,-0.08706813749285412,2128193.0,2143221.15,-0.07606610594658403,-0.11884527833561687
2021-10-29,0.0018802184770611576,0.0017865551662558897,0.0065682784109666196,-0.0019783508075017385,0.8183134841388288,0.2213495405958865,-6.13254864145928,77.6282513318709,78.59165111478308,0.05929238493392752,-0.04205088102798005,-0.0032036027603898898,-0.08458830274274069,3319374.0,439592.49999999994,-0.06051376146788989,-0.11884527833561687
2021-11-01,0.003676509946095125,0.0012232969715646176,0.005196357528943776,-0.0018854952103552316,0.8503783726000927,0.21736108352542505,-6.8730718492100635,78.28741261042879,75.97885935799457,0.07515687658881975,-0.04728251365195968,-0.0007148634801236176,-0.06378366516122458,14114709.0,-338376.44999999995,-0.06603257898764625,-0.11884527833561687
2021-11-02,0.005644446342793467,0.000660015209092811,0.006888605283416929,0.001534916166647444,0.8173378483067801,0.2166543206595935,3.9267632873634994,78.28741261042879,75.97885935799457,0.11597266782162952,-0.08100738559332754,0.0016970551138819623,-0.0670197199716584,20466095.0,-1704607.35,-0.06550425850787733,-0.11884527833561687
2021-11-03,0.006924293336906933,0.0001534548865787703,0.005178959749026346,0.0014310751834873616,0.8181619396145781,0.2166543206595935,2.9892140219749805,78.28741261042879,75.97885935799457,0.11245485223487495,-0.07748957000657297,-0.0008535844149358818,-0.10499953619203055,38472553.0,-2706924.8499999996,-0.08462922966162711,-0.11884527833561687
2021-11-04,0.007000785166370008,-0.00021243349788182972,-0.004662966616127219,-0.006878662365440303,0.8621128067670567,0.2193991647340265,-20.439616127055935,78.28741261042879,75.97885935799457,0.14726795036123708,-0.11924701866980247,-0.0029242225335398553,-0.0695151992443664,39253224.0,-3128939.0,-0.0889972243968401,-0.11884527833561687
2021-11-05,0.007847826285587596,0.00015367306550488855,0.015657832161780717,0.01478110839177083,0.92557325867087,0.22598616881258807,-4.629840901746839,78.28741261042879,75.97885935799457,0.14722034375985582,-0.11273768006914908,-0.0027512604769061033,0.002402577111606425,60419715.0,1075548.4500000002,-0.11105917883080463,-0.11884527833561687
2021-11-08,0.008774201623210567,0.0006604373499846752,0.0167202883133717,0.017743149923442923,0.9586184676293943,0.2226403698252008,-10.102185626905204,78.28741261042879,75.97885935799457,0.17160003796424417,-0.12464321136886691,-0.0049484609762615595,0.05237422243312667,67935775.0,1896608.4500000002,-0.13174574753804835,-0.11884527833561687
2021-11-09,0.010119939790355486,0.0014768765666858439,0.028792835344944326,0.032154279519293234,1.163145117793884,0.22679853002426717,22.42031827087493,78.28741261042879,75.97885935799457,0.1958435521108104,-0.13323456568815684,-0.008622415832619579,0.09351460756672707,92971887.0,4118301.450000001,-0.15374465049928676,-0.11884527833561687
2021-11-10,0.011885569809409108,0.00232124950677809,0.026931707109319386,0.03286533640443379,1.2276008633165352,0.22375756545281128,5.459600166449157,78.28741261042879,75.97885935799457,0.1566893804811682,-0.08488571389311028,-0.01412791557100379,0.1516231930967677,99980699.0,3855045.45,-0.17899996481227343,0.10203787249745289
2021-11-11,0.013310755482898472,0.0031661308987538713,0.014056434311735916,0.022030993835432302,1.2193116061708786,0.22873723658635808,3.0769018183830354,78.28741261042879,75.97885935799457,0.14379079052399923,-0.08619883618338098,-0.008589421028975863,0.08316977151884158,97992106.0,4385593.100000001,-0.1855360361952565,0.10203787249745289
2021-11-12,0.011934028010681575,0.0034742780138898874,0.01037129229302622,0.018009674193444822,1.15532195872177,0.158778009586847,-1.0169548862006437,78.28741261042879,75.97885935799457,0.14484933988900717,-0.13818246919669264,-0.006688317299344382,-0.000827985967829114,64227818.0,1684150.6999999997,-0.13007729615034858,0.10203787249745289
2021-11-15,0.011146795203258291,0.004090687086787998,0.015533569056005288,0.02369893779024243,1.1217031202046774,0.14667589066428763,-5.302517107450868,78.28741261042879,75.97885935799457,0.1362683275660237,-0.10575988433400552,-0.00781072889055523,0.010881212022569444,65888763.0,946942.4499999997,-0.13592752570620392,0.10203787249745289
2021-11-16,0.008924094084474468,0.004816078458169058,0.018024084389857958,0.02552595618750057,0.9149371622835404,0.1352147473127121,4.999623503816601,78.28741261042879,75.97885935799457,0.14134467700941022,-0.12467766660388047,-0.0070377379221110425,0.0014682972996065671,61977657.0,-2272305.85,-0.13427109974424556,0.10203787249745289
2021-11-17,0.006460323112163452,0.00556728643769909,0.017005712569299627,0.023790403025675942,0.945505776324184,0.1343583640301051,4.705782596898416,78.28741261042879,75.97885935799457,0.13550390154553216,-0.11543684633423457,-0.0009200085406843028,0.041577921288464284,60168913.0,-2265587.8499999996,-0.12887931034482758,0.10203787249745289
2021-11-18,0.005103768201791214,0.006263846131148523,0.020560963745501527,0.02740086206492832,0.9522723982079667,0.13399290055413554,14.978965867532622,78.28741261042879,75.97885935799457,0.14299611820669167,-0.11447291277444438,-0.0023484135929766614,0.06245470266632806,60982421.0,-1221188.2499999998,-0.12363765597851839,0.10203787249745289
2021-11-19,0.006273020168798819,0.0069886916797218665,0.02734592132350664,0.03437697167381898,1.0953571879344093,0.13484260629610742,15.926005389065033,78.28741261042879,75.97885935799457,0.1607403496223414,-0.1307401522497038,-0.0004349702356669649,0.07374099374893074,66595879.0,391744.8499999996,-0.09432754620369632,0.10203787249745289
2021-11-22,0.006597651918064409,0.006870659107992522,0.020492540646317704,0.0284188563616106,1.1322294608496386,0.12800628915441706,6.202991607887867,78.28741261042879,75.97885935799457,0.13404421042647074,-0.09694464481308906,-0.0015806525767571022,0.1358990301977342,66312076.0,44674.60000000009,-0.11158405601082022,0.10203787249745289
2021-11-23,0.006842444765388481,0.005940141503661139,0.014420574961744141,0.022812507486162457,1.1193390525117701,0.12622011105199835,-6.22807599269899,78.28741261042879,75.97885935799457,0.13011352205321747,-0.10841105873027712,-0.001319824176179929,0.13689021730020132,59362967.0,-7725.149999999907,-0.10965139959270054,0.10203787249745289
2021-11-24,0.006168690807651179,0.004425536141517917,-0.0008284731875186465,0.007582845757038169,1.111220651712333,0.13815579424519703,-13.022539311864243,78.28741261042879,75.97885935799457,0.15168927824020018,-0.14501172537378726,-0.0016153550195711075,0.08486846902341337,52724532.0,-904961.2000000002,-0.08455897086522668,0.10203787249745289
2021-11-25,0.00541078488823486,0.003055597890601144,-0.001490283823083014,0.007562051266959387,1.044775125035315,0.13564905004924083,-17.84737237534496,78.28741261042879,75.97885935799457,0.12538564623574633,-0.11194030830039492,0.00018728256569700008,0.07841429429433369,52547542.0,-2064722.1,-0.08919587958156994,0.10203787249745289
2021-11-26,0.004405269193651257,0.0012714366112365752,-0.013571476533368222,-0.0037119545345875326,0.9557846549488295,0.13893973834569373,-22.796737249890242,78.28741261042879,75.97885935799457,0.08862240901185459,-0.07845266482117164,0.0014932926700899074,0.6036309026696226,46954830.0,-5670390.1,-0.08769188703566266,0.10203787249745289
2021-11-29,0.0028208412978218914,-0.00011970675144568742,-0.01878081502420295,-0.00825146024199211,0.9684081403333675,0.14034235436987544,-31.653532420036093,78.28741261042879,75.97885935799457,0.11529598502909444,-0.11021150760376819,0.001337359491200063,0.263308428770576,46318122.0,-5947337.9,-0.08310897811073392,0.10203787249745289
2021-11-30,0.0020719219434159513,-0.0009257689552144899,-0.014142548556989001,-0.0030044032579645556,1.2362015089124683,0.14095513878103652,-19.061087810073246,78.09619426674992,73.50505594853382,0.08012709846932453,-0.07337036297400368,-0.001996325000173216,0.4514880818113018,37125429.0,-6985081.65,-0.06473694504204963,0.10203787249745289
2021-12-01,0.00240262350559281,-0.0015913336343466495,-0.008182727789760343,0.004167670648563303,1.2157533296760432,0.1427207816103253,-0.6947093525149839,78.09619426674992,73.50505594853382,0.06144001061927451,-0.04792698915613447,-0.010043628328514465,0.5931605066776644,39468365.0,-5407948.85,-0.05108340870659478,0.10203787249745289
2021-12-02,0.00405692505338549,-0.0019779070102361783,0.014265478289090522,0.029649306432807783,1.413479857283894,0.16229946568703355,27.76653353265457,78.09619426674992,73.50505594853382,0.025582938172518332,0.02211697963392467,-0.006657171619376623,0.3864775340819825,69120710.0,-1307679.7000000002,-0.09081676497011837,0.10203787249745289
2021-12-03,0.004220415512859907,-0.0018940344518057052,0.0020601081217261168,0.018275900827339518,1.414053120508073,0.1514176626765223,15.999685980631924,78.09619426674992,73.50505594853382,0.012775016866698241,0.0005585027509222851,-0.007010100412917497,0.469679175525995,45902472.0,1590939.0,-0.043356926188068745,0.10203787249745289
2021-12-06,0.0038056948101677112,-0.0018663129509106848,-0.010962050739717665,0.005331837575488616,1.4048580386372165,0.15875925996835857,-0.8927416996868089,78.09619426674992,73.50505594853382,-0.0008571461584087059,-0.0024654896836868723,-0.0062126708768913685,0.27208480880806296,31957049.0,823330.1500000001,0.004330611234842907,0.10203787249745289
2021-12-07,0.003142783065772992,-0.0018931110640374661,0.0009069791538507066,0.017322229524886438,1.102988423249569,0.15500943536680237,-10.964345795490424,78.09619426674992,73.50505594853382,0.0495136067105475,-0.05606034066079213,-0.005107700168964557,0.014741297319611178,10273124.0,2882778.5999999996,0.023936954781069497,0.10203787249745289
2021-12-08,0.0016530133903524433,-0.0018937571990284522,-0.0065185322664392895,0.00942688645255942,1.0870905952519416,0.15733240617740346,-6.961927243297964,78.09619426674992,73.50505594853382,0.07349538330134786,-0.08983504333475423,0.00040745053987900626,-0.08000279685090854,7879058.0,2142266.1,0.03913080747471276,0.10203787249745289
2021-12-09,-0.0004947815246446105,-0.0016453358099691204,0.0032175347341155958,0.0196074881549632,0.8171610529799225,0.15793810491366303,0.8930033136615592,78.09619426674992,73.50505594853382,0.0305566038414975,-0.02725655859885312,-0.004621982668200464,-0.011293620348149081,11781429.0,-2771729.25,0.04131585799843762,0.10203787249745289
2021-12-10,-0.0010713125833547164,-0.0014517679163229618,-0.0018149673963321583,0.01472458848657866,0.7196005769559362,0.15852531956391966,-4.301881075071577,78.09619426674992,73.50505594853382,0.03166950108709976,-0.030013959301412374,-0.004176014733161093,-0.1483835490922695,10858856.0,-2656124.4000000004,0.05932314125179672,0.04798506921259316
2021-12-13,-0.0014835666843417347,-0.001090900870830876,-0.007841478463213526,0.00810738221839224,0.6665021812389145,0.15829656483374524,0.17184333337135627,78.09619426674992,73.50505594853382,0.005451052821252134,-0.016964150604508954,-0.005230133710006801,-0.08255225845521186,7148715.0,-1077721.95,0.09688122096881213,0.04798506921259316
2021-12-14,-0.0020611711500653925,-0.0008622424028915046,-0.010244231987274102,0.004780985384383747,0.6977072530229463,0.15792006816247367,3.547385312067661,78.09619426674992,73.50505594853382,-0.016839402984621388,-0.0011931934826313606,-0.00023786446234141945,-0.023356487505528108,-233824.0,-1263121.4000000001,0.09636990286916425,0.04798506921259316
2021-12-15,-0.0020628993534541665,-0.0003824821000506746,-0.007772644228888813,0.006457880623450575,0.7032400991456161,0.15815192453524132,4.249829031098727,78.09619426674992,73.50505594853382,0.026888068482534777,-0.043281843666487685,-0.000593458658537771,-0.1435231043243271,-7203323.0,-1913452.25,0.10386397373037659,0.04798506921259316
2021-12-16,-0.0026577291269008646,0.0003441489146909622,0.005536497824407076,0.018897580161809546,0.7908213862882054,0.1644631226806885,14.565698222390886,78.09619426674992,73.50505594853382,-0.03426699092213237,0.025760907271777156,-3.602831550586494e-05,-0.09269348384624664,-6024524.0,-1432031.6,0.1074663182084441,0.04798506921259316
2021-12-17,-0.003416876051397907,0.0010994525642131004,0.009545689234484627,0.021643589021933283,0.9270139933016134,0.16200811500425263,13.930067576092746,78.09619426674992,73.50505594853382,-0.038593867034157125,0.025317023273290773,-0.0017514073061526414,-0.056203387183109556,-10836994.0,-75781.5,0.0514575971731448,0.04798506921259316
2021-12-20,-0.00401698957162967,0.0012673879510278626,-0.0042485888744701675,0.006418283339988492,0.9563077626438448,0.16917504469722472,4.940230722868016,78.09619426674992,73.50505594853382,-0.029822366111420084,0.006657450214122673,0.001230549751241261,-0.007356896035339199,-15147402.0,-341574.9,0.09206107553844078,0.04798506921259316
2021-12-21,-0.004124013513764835,0.0012324331850358063,-0.004903389416991406,0.0047984684438853896,0.913307567837055,0.16861170456088365,-7.936852939649626,78.09619426674992,73.50505594853382,0.005964411293262195,-0.02598257661727843,0.0016528362516223805,-0.09130227331191282,-19164001.0,132587.8500000001,0.12616047001838804,0.04798506921259316
2021-12-22,-0.003320183729547952,0.0014774128557592517,0.00011668579941777259,0.009600567786284387,0.8289038189399032,0.16167656993156992,-20.518643087918356,78.09619426674992,73.50505594853382,0.005661461353869246,-0.006055235594458086,-0.0007639319118449839,-0.19432615687105442,-13599643.0,1131983.55,0.08317646543798984,0.04798506921259316
2021-12-23,-0.002411294815708055,0.0016722311540070117,0.009633284902453933,0.018878131334721042,0.7753765444654234,0.16550415734331392,-2.3309181551352154,78.09619426674992,73.50505594853382,0.016118791076790373,-0.006516061732533052,-0.0020419318996101055,-0.2222583492632495,-2855010.0,1339308.3,0.06566719270559362,0.04798506921259316
2021-12-24,-0.0008413173542715227,0.001810442854847262,0.005402034548813154,0.014757120458498113,0.684854878052941,0.1599574493543254,5.918609668558524,78.09619426674992,73.50505594853382,0.04664731197273109,-0.028558499908462487,-0.005042351978288617,-0.20388310294387438,11431562.0,559484.5000000001,0.05775817777016612,0.04798506921259316
2021-12-27,0.0016470179521285895,0.0027048059577307183,0.0074136012974982185,0.01713126325757683,0.6490836766628812,0.15855716223790225,10.952061691262855,78.09619426674992,73.50505594853382,0.0329800921138359,-0.006351669599868437,-0.006268443395560985,-0.20701485451208637,19459318.0,2316946.3000000003,0.05919400825567056,0.04798506921259316
2021-12-28,0.004476168075195501,0.004047582852036583,0.020531339947099436,0.030921046480832836,0.8593193935428877,0.1652535230571045,13.052362979166382,78.09619426674992,73.50505594853382,0.041471653575352985,-0.004841602634080733,-0.0022309550251482513,-0.19589231621853662,46126178.0,5622916.699999999,0.022124634044332847,0.04798506921259316
2021-12-29,0.006058653896258394,0.005109455494536499,0.020603203289568436,0.03125432438978325,0.9956323371258075,0.1642530927714506,4.475918815556788,78.09619426674992,73.50505594853382,0.0494915955274553,-0.018097370739536656,-0.0015845295802024983,-0.19685371570935423,47099863.0,6350377.449999999,0.038209697472026516,0.04798506921259316
2021-12-30,0.00581040909990504,0.005608579867750606,0.018708278889647753,0.02824255229602707,1.0926555495187231,0.1392215753889311,10.931189856354848,78.09619426674992,73.50505594853382,0.037057632785040484,-0.03245310068962137,0.00046729333584272226,-0.1576542662830486,21351518.0,5922085.5,0.08270321361058608,0.04798506921259316
2022-01-03,0.007058240312930812,0.006360420845038606,0.04298386727509817,0.053418589289228394,1.5135692908674003,0.1595304405815964,12.443300003032626,79.80669038859821,72.32693206345846,0.058530053397860105,-0.0159224546548411,0.0008454609791745948,-0.1645696830697386,56052718.0,10007657.9,0.11867416395383246,0.04798506921259316
2022-01-04,0.010625827545280088,0.007725109642060038,0.07906729588280505,0.09261217679272404,1.8583405277768703,0.19782641317360902,24.605259871051352,79.80669038859821,72.32693206345846,0.054980547169444005,0.04338731417827413,-0.0011750760568477459,-0.1263916573724499,99634859.0,13474547.850000001,0.07814874132479166,0.04798506921259316
2022-01-05,0.012602152656817514,0.00860967738550778,0.06518693077219688,0.08029061825903686,1.947530052185574,0.20196165807025798,16.471122884730647,79.80669038859821,72.32693206345846,-0.027296742792228157,0.10306760397430215,-0.005195434064341531,0.0250149142752641,106979756.0,10218162.600000001,0.10268757459768696,0.04798506921259316
2022-01-06,0.014737193936165979,0.009407505126460922,0.05149822447544651,0.06808163825510406,2.0379552222536392,0.20277193542672367,-4.194848524925476,79.80669038859821,72.32693206345846,-0.013974206486300988,0.08866736965883082,-0.0052698803556823215,0.01954874673986061,96500124.0,7591264.999999999,0.18511033202722205,0.04798506921259316
2022-01-07,0.016884471301455265,0.00986926464056223,0.03274356715248861,0.04965044948239744,2.069406408273172,0.21226826955151432,-20.921050700870147,79.80669038859821,72.32693206345846,-0.02144593938245165,0.06901068640068908,-0.0003871895683992266,-0.017440936526658193,84809461.0,6268457.750000001,0.23314161873801775,0.04798506921259316
2022-01-10,0.01808702914109614,0.009634487727618421,0.043936913795495115,0.06320832612803845,1.780814249196205,0.21434063121941785,-5.867463331464791,79.80669038859821,72.32693206345846,-0.027915515606111052,0.09561906937985754,-0.000996884099926043,0.01419346179813601,85537718.0,-493067.50000000047,0.290119649685457,0.10808108494774471
2022-01-11,0.017506527796985104,0.009058838787052432,0.05241861249299238,0.07455027435925199,1.4496016459285932,0.2132442637502389,4.051433987217763,79.80669038859821,72.32693206345846,0.015994528896585036,0.07218783482992785,-0.0013424460373062663,-0.032758040101800855,96924492.0,-6108584.199999999,0.23484573502722328,0.10808108494774471
2022-01-12,0.018912718394477616,0.008627038791078406,0.06149870119026661,0.08752843064560416,1.2268848863055917,0.2137777997498583,13.355137939170213,79.80669038859821,72.32693206345846,0.02814668190890135,0.07876291539204372,-0.004285259989762702,-0.06376191456938882,117134738.0,-5100553.100000001,0.2595329468441252,0.10808108494774471
2022-01-13,0.020393992296959342,0.008336007545589552,0.057684530199374834,0.08721309495435288,1.107788977731827,0.21381200362720204,2.994567693481798,79.80669038859821,72.32693206345846,-0.031165617203957274,0.13790507223814596,-0.006680065515552003,0.07625454198700643,133823484.0,-1500120.6000000006,0.2762428687856562,0.10808108494774471
2022-01-14,0.023458516710731,0.008738175896624227,0.06955288034488727,0.102925674191361,1.3037376952450468,0.215971989619549,3.863113370518491,79.80669038859821,72.32693206345846,0.03565550368134196,0.07508838318989941,-0.006261795572922946,0.020636128461685086,172578717.0,7191657.550000001,0.17678411587598664,0.10808108494774471
2022-01-17,0.026240498817191028,0.009829500209538865,0.08052504089777807,0.11835593310018006,1.3535413181738967,0.21928251057393294,4.028102064288831,79.80669038859821,72.32693206345846,0.03710943433459568,0.08809637370998269,-0.007914915857035631,0.027136993199091877,186885468.0,10307645.4,0.1745851711825246,0.10808108494774471
2022-01-18,0.027037571357623733,0.010032734670566916,0.04202730821790162,0.08185287085620643,1.3678474992809733,0.2451028225815414,-8.782875593994817,79.80669038859821,72.32693206345846,-0.0013797868100517974,0.10840318632904444,-0.0145001870184841,0.2200867714452093,178167782.0,6241323.9,0.1367009717495593,0.10808108494774471
2022-01-19,0.02635654361960852,0.009877996519266144,0.0248375405616739,0.06710099164376784,1.3366016168022836,0.2516785711756993,-16.444226463166956,79.80669038859821,72.32693206345846,-0.06354447523374318,0.15902207343694486,-0.010756633624259937,0.26720154379607775,182414184.0,3109567.8000000007,0.104500199123855,0.10808108494774471
2022-01-20,0.025202038113410423,0.009558771359170387,0.01607627198431252,0.06062701882406749,1.3185426345007543,0.2538120574560306,-18.800641302236585,79.80669038859821,72.32693206345846,-0.10204986994790388,0.18705020107373171,-0.006584879394599619,0.33496791454851327,170478882.0,-740863.0999999996,0.1423837044820757,0.10808108494774471
2022-01-21,0.02252109503812804,0.008717431142462474,-0.0022569690866356303,0.04295468315013612,1.067068639909086,0.2619700380360245,-13.784202301711389,79.80669038859821,72.32693206345846,-0.12653878865236123,0.1842943204183518,-0.0034390918016911076,0.46346412706216866,149705090.0,-10863422.1,0.16779103249691496,0.10808108494774471
2022-01-24,0.02024997779660554,0.008149974719073865,0.012560094653600978,0.06058985411517083,0.972447362618594,0.2666326972963204,-14.580327544164348,79.80669038859821,72.32693206345846,-0.11505470051689726,0.19618062908078382,0.0024072554188103723,0.4721449134553894,150364358.0,-13691377.3,0.11973284760170011,0.10808108494774471
2022-01-25,0.01786558257698674,0.007643412099889614,-0.008737316498001267,0.0395883844777717,0.9722786540026976,0.27827973654943633,-15.93522265161836,79.80669038859821,72.32693206345846,-0.17048105102958555,0.22823658279557613,-0.0005563700198285559,0.48490550284913175,127598894.0,-13203810.100000001,0.15379670550421864,0.10808108494774471
2022-01-26,0.01496513598266036,0.007331397818995054,-0.018064001973523838,0.030178384825683018,0.9330964534384175,0.277051962461385,-6.700201383518383,79.80669038859821,72.32693206345846,-0.1465836921577225,0.18073014130433307,0.0005165275021097315,0.47243781065236035,99038775.0,-13697794.95,0.17136544048447155,0.10808108494774471
2022-02-07,0.012408295748940203,0.007075244985415448,-0.02104358977021351,0.02729105296501806,0.9444016673011129,0.2773147737079728,1.613228312062354,78.00647541076063,72.12359547555906,-0.13677722784304924,0.1676214845635582,0.009624092649971328,0.039043701989855344,90648692.0,-11793102.0,0.14342168289956891,0.10808108494774471
2022-02-08,0.010662316625739306,0.006929311498406631,-0.032804649126051535,0.014770948711412322,0.887121674266315,0.28077880916692466,-2.867371766846432,78.00647541076063,72.12359547555906,-0.10549239181010406,0.1266307108754139,0.007553245557106569,-0.03451690314008906,82943915.0,-10509769.35,0.1626919566683862,0.10808108494774471
2022-02-09,0.006977845196194839,0.006106144719177221,-0.025253881521490898,0.02186679964410694,0.8527184127350006,0.26656369267212554,-4.681616284446314,78.00647541076063,72.12359547555906,-0.09274387858550215,0.09591376521873585,0.0037217330163656914,-0.1079130702538273,48191565.0,-10033843.05,0.11254724111866965,0.10808108494774471
2022-02-10,0.003711476142640542,0.005990646831971829,-7.685198906857543e-05,0.0462951936422039,0.8177614414127107,0.24224995986786335,-4.8847446996667685,78.00647541076063,72.12359547555906,-0.1179595665611749,0.10728903891429387,0.005647125009295095,0.05216835394004834,25607043.0,-3222431.55,0.10002285366039465,-0.14661076963581066
2022-02-11,0.002084333678311777,0.005850465279292536,0.001463656947413766,0.04673150608614794,0.8425590763361819,0.24010805301893967,1.8309764879450867,78.00647541076063,72.12359547555906,-0.13263849088859336,0.13263849088859336,0.011299146003000304,0.18410804326750912,23524528.0,-711925.3999999999,0.027134965661391508,-0.14661076963581066
2022-02-14,7.711378685968641e-05,0.005360396644681351,-0.018035986422241235,0.02503203603756914,0.733351632226428,0.24855818475937225,-6.241433095177868,78.00647541076063,72.12359547555906,-0.13784460698945777,0.12697504512535152,0.011218884994057099,0.20338118255720022,29288831.0,-1320142.55,-0.03351547001705357,-0.14661076963581066
2022-02-15,-0.0010010472865793368,0.004979398520698079,-0.02412684885670239,0.01778270970980621,0.6639146501475407,0.24321768497487345,-16.71483201057878,78.00647541076063,72.12359547555906,-0.06371172947280679,0.06213454735689672,0.00875446754279019,0.07580897582181527,31478956.0,-1358008.8,-0.04576179532242797,-0.14661076963581066
2022-02-16,-0.0009239091876749795,0.00521724203797285,-0.004315791361502908,0.03744010002941136,0.6510977387668417,0.24908618887859804,-2.8012245846767456,78.00647541076063,72.12359547555906,-0.06561744215983745,0.07028317501390524,0.005882520072399089,0.006484791667854576,34849675.0,-627043.3500000001,-0.12177709787423907,-0.14661076963581066
2022-02-17,-0.0008473921524364714,0.004942309173478662,-0.00539719149399051,0.034732248622691746,0.5829929612590098,0.2449950585263204,9.631027715613627,78.00647541076063,72.12359547555906,-0.11684862895480241,0.10763183844914848,0.007677868041044311,0.14182425186965145,29072882.0,-2022835.9000000001,-0.12120321379580634,-0.14661076963581066
2022-02-18,-0.0026192121075309114,0.004614572404294726,-0.015988174388606797,0.02108511567910118,0.5666420705985655,0.24254585665940018,14.704854833570899,78.00647541076063,72.12359547555906,-0.13249989549015617,0.0976514211318803,0.007590387106773733,0.10447760355572601,6728573.0,-2939435.85,-0.09519950730932547,-0.14661076963581066
2022-02-21,-0.0043163239881788265,0.004530421298511066,-0.021520477372294223,0.012399452010953336,0.5565268546368859,0.24319642090347493,2.9037721726290115,78.00647541076063,72.12359547555906,-0.11216106373945234,0.06828814831659469,0.009833848378135945,0.0883633275816266,-14868118.0,-2896930.3000000003,-0.11251955681854464,-0.14661076963581066
2022-02-22,-0.007708315503599694,0.004179298384162758,-0.025867909968881175,0.003939720618918334,0.669697506041457,0.2334842198094265,-9.172651778687062,78.00647541076063,72.12359547555906,-0.13960381172842118,0.0726396443613152,0.008938577714078022,0.10901529309525004,-70242856.0,-1011626.2000000002,-0.08750821145800924,-0.14661076963581066
2022-02-23,-0.01240750845807348,0.003239210848561224,-0.024580501534242693,0.00047473460744228493,0.7346936841567909,0.22158715747474095,-2.820825515935006,78.00647541076063,72.12359547555906,-0.15966990840963569,0.07475072638254443,0.010872261181950726,0.16750410322773612,-108379397.0,-3574925.75,-0.007510460999248902,-0.14661076963581066
2022-02-24,-0.016422489379007314,0.001953236864078374,-0.05306903547921647,-0.03293033855630847,1.008249506062807,0.22628017825938476,-11.317342633955377,78.00647541076063,72.12359547555906,-0.08802225748398074,0.00040897319728017134,0.016372677627781496,0.1252133742753344,-138976055.0,-11511271.649999999,0.037477906431482966,-0.14661076963581066
2022-02-25,-0.018537098442440777,0.001016866856884937,-0.04934300555110292,-0.032796256619473545,1.2952410159711996,0.22495400117971392,-1.8049666163212308,78.00647541076063,72.12359547555906,-0.044161581234332226,-0.03229119745226927,0.020024589619054955,0.016842961094316364,-186838019.0,-17141140.45,0.10824259032234806,-0.14661076963581066
2022-03-01,-0.019972127403860698,0.00045467373173552943,-0.04581370109850673,-0.03289340153411347,1.4770636281433578,0.22534987417952582,-3.463670527425421,64.97473865631628,68.78971173318132,-0.05433862288969171,-0.017858179117367645,0.01553672551090246,0.21077779815423445,-201052266.0,-19401135.3,0.09923583103375089,-0.14661076963581066
2022-03-02,-0.019653544152891007,2.625863033762985e-05,-0.04754369158395309,-0.03771652237399768,1.527052326806333,0.22116330276160973,-1.705184708980184,64.97473865631628,68.78971173318132,-0.005423949278195117,-0.056978637242744545,0.015610715968002342,0.11320343785396385,-209223507.0,-20713122.450000003,0.1273028285603579,-0.14661076963581066
2022-03-03,-0.01919627029882225,-3.122010232308669e-06,-0.042087581968178724,-0.03633971536527952,1.5627044144712243,0.2066280981528142,-15.173034419255657,64.97473865631628,68.78971173318132,-0.04028504529470056,-0.0378159094225079,0.010086261596163215,0.10262994279154702,-230761488.0,-19111503.200000003,0.1789755268770561,-0.14661076963581066
2022-03-04,-0.018342881583993057,0.00034109797102890984,-0.04974837166539805,-0.047664942863705054,1.4646702512213112,0.2017206175976502,-20.36657611204116,64.97473865631628,68.78971173318132,-0.027434881627665275,-0.044327870743370745,0.013974909146543313,0.15517987012749898,-257445382.0,-17645461.700000003,0.15237829932446556,-0.14661076963581066
2022-03-07,-0.01920201003413949,1.891903084299103e-05,-0.07566397872514294,-0.07765085523377402,1.3538371593423228,0.22515032954278133,-16.878225669533222,64.97473865631628,68.78971173318132,-0.0904226792953845,-0.003916829395157695,0.015452361079042243,0.30605373393060414,-305713540.0,-17235283.4,0.18056380340238243,-0.14661076963581066
2022-03-08,-0.021248020385879827,-0.000995519301586284,-0.09127603288145231,-0.09764304503600053,1.3761466010182526,0.23329014710871027,-5.194708177159939,64.97473865631628,68.78971173318132,-0.08558276707364199,-0.027803232805588385,0.01711872888794841,0.23168083997488145,-346000780.0,-18950331.200000003,0.19207540582998783,-0.14661076963581066
2022-03-09,-0.02290015331122368,-0.0021948814461748064,-0.07874484011368474,-0.08855363459225593,1.4090737599297862,0.23813638635136955,-10.200704932053895,64.97473865631628,68.78971173318132,-0.07155322705445588,-0.023988269598273604,0.017156609731357575,0.11617510065917967,-365971339.0,-19413573.05,0.20023207399064868,-0.14661076963581066
2022-03-10,-0.022595295193351305,-0.0029132474820361535,-0.04436324527479762,-0.05760606760909806,1.437667342658464,0.27127781026838316,7.417892511360023,64.97473865631628,68.78971173318132,-0.12115047291338155,0.048480258615949734,0.01664433496847595,0.021767031110299498,-370176823.0,-16998490.65,0.17198858618112634,0.17037184602166056
2022-03-11,-0.024914204903299937,-0.0036322842285683617,-0.05822636826787437,-0.07632144956116975,1.3545806184224765,0.25470867151522747,8.035784652937622,64.97473865631628,68.78971173318132,-0.11084250572326482,-0.003179427552816305,0.018717978222994702,0.027465912572264443,-409630381.0,-11897560.149999999,0.22489612188365649,0.17037184602166056
2022-03-14,-0.026478433285662507,-0.004032936490485172,-0.05711701957837784,-0.08034726111225549,1.1100032912857218,0.2532111669904896,16.060580032807692,64.97473865631628,68.78971173318132,-0.09442091969393063,-0.025579157738554903,0.021008773156411475,0.05378378005370623,-431608537.0,-3134271.549999997,0.3076419928049712,0.17037184602166056
2022-03-15,-0.027197216968107306,-0.004223376716810342,-0.07416630475596153,-0.10186370347883072,1.0348388416578405,0.2569059527612663,-2.139766329258009,64.97473865631628,68.78971173318132,-0.05636459666775784,-0.06765441088450774,0.02167990895359595,-0.013019677756058168,-484633693.0,-3350598.950000003,0.34472452286640265,0.17037184602166056
2022-03-16,-0.02832188288795121,-0.004235545499652383,-0.06397138419952608,-0.09633780677488807,0.9758355229665743,0.26009294277565387,0.8606538532340409,64.97473865631628,68.78971173318132,-0.060313096472724426,-0.05380453360056059,0.02358428728264661,-0.11898784458415317,-495100821.0,-854916.3499999978,0.318729191754622,0.17037184602166056
2022-03-17,-0.02965847460193195,-0.004214360885863586,-0.018706742061399606,-0.05703144647314713,1.0021640722787324,0.29963300390041014,19.493938198419812,64.97473865631628,68.78971173318132,-0.053756063022337264,-0.0408530347767424,0.020067792129457418,-0.15395010024329994,-477425803.0,3536934.549999997,0.26825373784293793,0.17037184602166056
2022-03-18,-0.028783590479837327,-0.004005839350581877,-0.015343856370747097,-0.05828790965293144,1.0031619419306153,0.299609220624842,20.870392474593082,64.97473865631628,68.78971173318132,0.002834088381671318,-0.09759736218799875,0.013203465445029483,-0.20774002566630712,-483146972.0,8884838.600000001,0.28007581670197346,0.17037184602166056
2022-03-21,-0.026504089055250077,-0.0033429899888381214,-0.0028259980607847337,-0.0499960191381569,0.9540554596890547,0.3018085136337735,20.96214911228443,64.97473865631628,68.78971173318132,0.011506054677313138,-0.08701270042778486,0.0186552447889774,-0.21351692667828465,-476835026.0,12193446.3,0.2275202407394139,0.17037184602166056
2022-03-22,-0.023949430837270864,-0.002545163344713357,-0.004042671931425232,-0.05457066147814839,0.7479149758512279,0.30147169004221175,1.9179016423927706,64.97473865631628,68.78971173318132,0.018186936128620657,-0.09114966634880572,0.01937563659555175,-0.22702382558804432,-467850101.0,23108887.25,0.20521676560532476,0.17037184602166056
2022-03-23,-0.020909106470565708,-0.0016787596462007272,0.010843478018567783,-0.04290818917335615,0.6851595465952199,0.30596010211587543,4.758045823759787,64.97473865631628,68.78971173318132,0.001266362118022668,-0.05561723747280778,0.023550601891081602,-0.1987217771790735,-449974213.0,27000263.25,0.25735071233707174,0.17037184602166056
2022-03-24,-0.018495938598653984,-0.0015647618984453474,0.015245809215849315,-0.04094878218462693,0.5309933764672601,0.30632933592536155,5.439757604136524,64.97473865631628,68.78971173318132,0.07777165113111106,-0.12748850949926205,0.025947091484201712,-0.25141633384757556,-427736049.0,22330857.65,0.1905516918309249,0.17037184602166056
2022-03-25,-0.013693594396747307,-0.0010995332331026082,0.027537487599475927,-0.029666860315183993,0.47350202043404205,0.2867267253346906,16.528138223948694,64.97473865631628,68.78971173318132,0.03712098843356504,-0.04215124971264694,0.02794135378663376,-0.2691193478493533,-373720684.0,22111217.4,0.12547806133092276,0.17037184602166056
2022-03-28,-0.011125609609963207,-0.0011738267561509925,0.004951326764347944,-0.052125758245341935,0.5287445011877806,0.2984246422506161,13.48106159833032,64.97473865631628,68.78971173318132,0.027370122872527824,-0.05569387749691335,0.02144143073982341,-0.3007890041822123,-338279759.0,18141999.95,0.09503513794898488,0.17037184602166056
2022-03-29,-0.00827685976468747,-0.001085987522048065,0.014604636479562517,-0.043802667216610004,0.5358156969192764,0.3004478032457861,10.542237978408508,64.97473865631628,68.78971173318132,0.09704826875391626,-0.11705320055461232,0.028885946131355977,-0.3090463902908613,-310336980.0,17565724.6,0.07151363007305855,0.17037184602166056
2022-03-30,-0.005227944988307848,-0.0008428856645685118,0.033378650735924255,-0.02586541292516734,0.6078757716924826,0.3077728548059805,-3.4172872383016752,64.97473865631628,68.78971173318132,0.02706553775494469,-0.023785023301166053,0.02073317052261414,-0.27827353693077,-270188290.0,18292301.3,0.06411898884479572,0.17037184602166056
2022-03-31,-0.0027606958717990814,-0.0006001693892858116,0.028391867704596768,-0.030630513872996774,0.6285754122306826,0.30830167219722693,2.2169036170987155,54.31545022314546,65.09650518294359,0.026720479906769512,-0.03011479354310964,0.019845890081678474,-0.21786436640533535,-249437195.0,17482052.95,0.024253388115533125,0.17037184602166056
2022-04-01,-0.002765245895257319,-0.0010588093977503105,0.014879050279334281,-0.04325773300873793,0.6667431962217042,0.30925178557667093,-0.7494489407615248,54.31545022314546,65.09650518294359,0.033053886958090306,-0.03823558704767793,0.02014933355164894,-0.23527925704923844,-214944288.0,11984762.8,0.024687254487218313,0.17037184602166056
2022-04-06,-0.0008882889674670977,-0.0017059252847098016,-0.00448924431582733,-0.060261096083558806,0.7687339244808686,0.2943629773794435,3.8206417098461642,54.31545022314546,65.09650518294359,0.03066543335704419,-0.022223336328460963,0.018744247640939182,-0.11429944129025434,-169556875.0,9701460.15,0.036513196828027006,0.17037184602166056
2022-04-07,0.0006437407594016355,-0.0027593856682036335,-0.02564167488678118,-0.07859850816311435,0.9616946439802773,0.2925407785122263,-8.76333136881388,54.31545022314546,65.09650518294359,0.012851280766309925,-0.0025433290775036532,0.015896966653321742,-0.11218228988169501,-151288246.0,3123788.8999999994,0.054265382024775155,0.17037184602166056
2022-04-08,0.0006296377810497752,-0.003894891978858193,-0.024071547522397305,-0.07584322168034173,0.9194149123275869,0.290979207536193,-17.8038199714413,54.31545022314546,65.09650518294359,-0.04936353975275909,0.052547128037434,0.017499674677759147,-0.10749309618391897,-138499720.0,-4449440.0,0.04566651501364882,0.17037184602166056
2022-04-11,-0.001443711818275119,-0.005677819869084781,-0.037399599634823824,-0.08878224614747544,1.012783589974309,0.2682753791137019,-22.926430072669383,54.31545022314546,65.09650518294359,-0.04857570129213795,0.003880258079935417,0.022039093900080742,0.04076363379064231,-154981225.0,-8867076.55,0.055070867511086696,0.0034591441561082625
2022-04-12,-0.0024863886560524935,-0.007893240985818286,-0.03786621399265798,-0.08803838173412425,1.0305364548662237,0.25942980045595393,-19.163013792423676,54.31545022314546,65.09650518294359,-0.03074914830509723,0.00424261216919164,0.025805048040746348,0.05062579554428645,-135156398.0,-9663681.299999999,0.038784452296819705,0.0034591441561082625
2022-04-13,-0.00257316746602463,-0.008979734946832994,-0.010555041259953768,-0.05994902988095567,1.0172213426007213,0.27967444410049236,3.7099736838318194,54.31545022314546,65.09650518294359,0.02356688051168998,-0.016857299479594134,0.0220689459788852,-0.03423552143751054,-112156041.0,-7626729.55,0.008975962206474897,0.0034591441561082625
2022-04-14,-0.0015411353314451737,-0.009557210458231024,-0.012069059850047179,-0.058202398014957454,0.9546977504087965,0.26374799034431246,3.2698284943234697,54.31545022314546,65.09650518294359,-0.04780143008013882,0.07976895459205169,0.012475870477439255,0.02082118876745175,-55565689.0,-5659487.749999999,-0.020914227566076637,0.0034591441561082625
2022-04-15,-0.0013515037635880903,-0.010218306013049178,-0.03136828887847349,-0.07453586808298969,0.9797530966603856,0.27355191964284004,2.288757182830281,54.31545022314546,65.09650518294359,-0.09336633402107908,0.1005348918525042,0.015684334198294403,0.030015687971697968,-51162237.0,-5584348.949999999,-0.04477211076195853,0.0034591441561082625
2022-04-18,-0.0009140547216215395,-0.010481085102389973,-0.031339075426796356,-0.07417977290996171,0.9098682428099545,0.22270438953070615,-13.244178902655278,54.31545022314546,65.09650518294359,-0.08303045083819638,0.04694792700112582,0.025793733339095626,0.014018800882059061,-73692057.0,-391919.1499999999,0.021689367059631426,0.0034591441561082625
2022-04-19,-0.0009872780881697472,-0.01015440541953934,-0.023082848361746875,-0.06545031841448337,0.8556993415456409,0.22492092855081786,-1.629136765110303,54.31545022314546,65.09650518294359,-0.08130701406908081,0.05376813663465463,0.03676631499601268,-0.016951454022439257,-69993034.0,1259814.5,0.029933513340882012,0.0034591441561082625
2022-04-20,-0.0026981217006694486,-0.010529010852619088,-0.013072717918348518,-0.05492018424001945,0.7855326346090837,0.22506475852185476,3.087683668233751,54.31545022314546,65.09650518294359,-0.08209767350937569,0.05479354157778937,0.03165817913592317,-0.05830013347064976,-66250836.0,845277.7999999998,0.024543995330512214,0.0034591441561082625
2022-04-21,-0.005775891429083981,-0.011231116976690221,-0.02020281247621763,-0.060803033228802886,0.7832779574051272,0.2262596225768043,-2.1537896490679316,54.31545022314546,65.09650518294359,-0.1123409598360573,0.08146608757850005,0.02652235089011623,0.05170416625527998,-67838461.0,653750.8499999996,0.04555359861488406,0.0034591441561082625
2022-04-22,-0.008876282356311861,-0.0123999219808462,-0.029649453908780845,-0.0695858286385296,0.7859657425877525,0.22354187471355408,-11.213574640153723,54.31545022314546,65.09650518294359,-0.11025437538611049,0.05601711791871866,0.02886108221872452,0.2942147622764294,-91188500.0,1055725.0,0.052826663452266054,0.0034591441561082625
2022-04-25,-0.010878040122256509,-0.01390665799332636,-0.04512520516257714,-0.08455315717506244,0.9470094229041732,0.23077159741141914,-12.125415533305457,54.31545022314546,65.09650518294359,-0.1387967577932333,0.0643466947935567,0.02630632714792025,0.22459156194305194,-117251401.0,-1905243.5499999998,0.041345077030176425,0.0034591441561082625
2022-04-26,-0.014005381560641376,-0.014763937139430125,-0.042525244425170715,-0.08334431512358763,1.0634346856521055,0.2234980007963986,1.0672713091407928,54.31545022314546,65.09650518294359,-0.17479731184512137,0.08784078531474615,0.018923968211722597,0.4766520025446552,-139637208.0,-3521791.1999999993,0.06372988168422355,0.0034591441561082625
2022-04-27,-0.017660806967765317,-0.01585022829833541,-0.07288253576477302,-0.11382729113659898,1.197582393204252,0.24249447086853262,-0.31060504137957423,54.31545022314546,65.09650518294359,-0.18388180553268973,0.08456682553420858,0.02203420400480005,0.35631050491177985,-154747367.0,-8733925.85,0.04914282318685559,0.0034591441561082625
2022-04-28,-0.021156662012535667,-0.016557242681832385,-0.0592612427756372,-0.10246037176025259,1.3090661922607416,0.24322231998182867,3.590406371416009,54.31545022314546,65.09650518294359,-0.1570010752589699,0.058529311941483586,0.02053243967625895,0.25728418583772744,-165117645.0,-9151078.95,0.05142222088727366,0.0034591441561082625
2022-04-29,-0.023823975532982797,-0.016306722621739357,-0.04159583908074223,-0.08806310635710907,1.3648338682302197,0.2368103296104896,8.409505665996768,54.31545022314546,65.09650518294359,-0.16783809796575233,0.06450517906255415,0.028796678684409382,0.36012873673073165,-185248650.0,-4766710.699999999,0.017618558214652857,0.0034591441561082625
2022-05-03,-0.02583569171766903,-0.01598067724050774,-0.04847239910143025,-0.09689826003588926,1.2504520116168232,0.2383635462886385,8.739259823367455,39.68679443848033,57.10195557085228,-0.1120181124006635,0.001465399335661477,0.033618911406607443,0.17042134346841092,-192921149.0,-477698.9500000011,0.03286933093848221,0.0034591441561082625
2022-05-04,-0.026216513045327794,-0.01578215583131199,-0.03835762595588598,-0.08911475588129696,1.1538629344086644,0.23982349271756873,-3.663654969407361,39.68679443848033,57.10195557085228,-0.0602529109106128,-0.03312540142684994,0.02818034525132118,0.0055180812808533946,-186097966.0,1250295.1000000006,0.016189437055822653,0.0034591441561082625
2022-05-05,-0.024411678814117356,-0.014885252506733481,-0.02077677921027384,-0.0730739561719755,0.9532257364969946,0.2436866292613859,-5.677460129453344,39.68679443848033,57.10195557085228,-0.058995708758138754,-0.003287925497731825,0.020479374677858875,0.21233317680186356,-172707878.0,6266908.100000001,-0.019012275192691996,0.0034591441561082625
2022-05-06,-0.022765482438766905,-0.014570219852572711,-0.042784579238758946,-0.09433538832867898,0.8836376830083741,0.24916281085302794,-4.346926910253352,39.68679443848033,57.10195557085228,-0.06736010269446213,0.00022218612928270876,0.03068016264925011,0.1537212260234963,-157314386.0,4985747.699999999,-0.06522222222222218,0.0034591441561082625
2022-05-09,-0.021555156755883858,-0.014754382977153712,-0.05325441621670636,-0.10537460776643638,0.8029537813899156,0.25177720445208146,2.8899895163013127,39.68679443848033,57.10195557085228,-0.09328362092068376,0.010391268956127298,0.029560336961587996,0.29437179554936505,-150648642.0,3078007.6999999993,-0.08196008049165171,0.0034591441561082625
2022-05-10,-0.019353093489481724,-0.014608437384360025,-0.05344914458483215,-0.10594741273250044,0.8988888499185335,0.24797056749919666,-6.499825937192213,39.68679443848033,57.10195557085228,-0.05072197566033698,-0.020962775966848923,0.029767009821284107,0.20939956189647074,-137355547.0,1364759.9499999993,-0.061646658058844506,0.07617024648075654
2022-05-11,-0.017738165846044127,-0.015247470185679826,-0.044825438243993675,-0.09752955668610074,0.9752028527959954,0.25015374674682,-6.910347917863618,39.68679443848033,57.10195557085228,-0.07728707142683755,0.012655099540179182,0.021036154607520396,0.17574841616645337,-131705724.0,1042233.4000000004,-0.06914850191852395,0.07617024648075654
2022-05-12,-0.020686541941320982,-0.016738662467500144,-0.06835156599112265,-0.1216487990120395,1.0626939190964861,0.23817542821655482,-7.261840665946508,39.68679443848033,57.10195557085228,-0.09364544228239846,-0.025028030168287474,0.02241886723669939,0.126975397757167,-147258658.0,-781754.6999999993,-0.05905034703095735,0.07617024648075654
2022-05-13,-0.022933278282290425,-0.017331257233515408,-0.051860189297911884,-0.1080363136792755,1.0225332816912953,0.24587897013250962,1.6444012335411884,39.68679443848033,57.10195557085228,-0.019103583648248934,-0.08909882521103163,0.033076229194505924,0.013018013943468585,-149934157.0,534981.4499999993,-0.05409988512663422,0.07617024648075654
2022-05-16,-0.022576245181785862,-0.01752605874950002,-0.03138676636790577,-0.08941565300462025,1.0176055004823623,0.25346974002947364,11.8720204173881,39.68679443848033,57.10195557085228,-0.035717323429533154,-0.03901591849760466,0.028163850165319637,-0.044106169683864944,-130701661.0,2382018.4499999997,-0.055136928527245166,0.07617024648075654
2022-05-17,-0.02183645164389147,-0.017609381553932834,-0.009901072372987584,-0.06883858769733182,0.8892950469054033,0.2662878968220048,20.005970832932547,39.68679443848033,57.10195557085228,-0.006057954862166759,-0.049200521059993285,0.020641704124370275,-0.09794705109561068,-127307983.0,4298389.95,-0.06945611381840588,0.07617024648075654
2022-05-18,-0.021083491177430736,-0.017067119581526465,0.007585276524373631,-0.05190066530613583,0.8912914268709642,0.2716358532965217,26.831546921602403,39.68679443848033,57.10195557085228,-0.07778373954658035,0.029996398735855134,0.013411375277069482,0.0525778557205406,-125762324.0,5236959.0,-0.08425889383774032,0.07617024648075654
2022-05-19,-0.019370884200678264,-0.016269479799440982,-0.017966397533314304,-0.0770649748002577,0.8665936536395357,0.2848354128688369,8.539150991683492,39.68679443848033,57.10195557085228,-0.08015717553332047,-0.004053103129562863,0.016630367512957323,-0.017244264387499764,-141232375.0,5799611.35,-0.034324616874608305,0.07617024648075654
2022-05-20,-0.016977441429445867,-0.015630134113988597,0.0003773942381286653,-0.06018183549221485,0.8195143406033657,0.29248527016315123,3.389742953052753,39.68679443848033,57.10195557085228,-0.057569485622454675,-0.004377518700971361,0.014984493533811039,-0.025577353840433244,-134725739.0,7039798.350000001,-0.039571734475374765,0.07617024648075654
2022-05-23,-0.01592621539394079,-0.015272525635867291,-0.0005678296334471719,-0.0610667597649432,0.8090356737648725,0.2904201490688124,-6.987799751413583,39.68679443848033,57.10195557085228,-0.030570348179015716,-0.02319312696775966,0.014476417521350537,-0.05745303160361006,-117327818.0,5037459.5,-0.04940321149497662,0.07617024648075654
2022-05-24,-0.015598706525113089,-0.015003910772477076,-0.013189102622723022,-0.07249131177052066,0.7986722581959353,0.2872892014323447,-2.086062360509665,39.68679443848033,57.10195557085228,-0.07077983143295308,0.021419721190446217,0.00610688622399902,-0.029254210378926362,-96983219.0,3146300.1500000004,-0.03484958581601516,0.07617024648075654
2022-05-25,-0.015169945217563862,-0.014262582838486653,-0.0035181341507839387,-0.0632116511541638,0.759102303032324,0.2895067993190609,-4.504839669772728,39.68679443848033,57.10195557085228,-0.009002785891218279,-0.0312901547079103,0.011577817636027499,-0.0568483889142147,-87989326.0,1450414.2999999998,-0.024191206365801188,0.07617024648075654
2022-05-26,-0.011852140051795964,-0.01357768794924327,-0.021418459459628263,-0.07870047801418961,0.7924716138669118,0.2674446028691753,-5.0362446781997505,39.68679443848033,57.10195557085228,0.03443982657127087,-0.05725370389933904,0.0037303073394390207,-0.079497919703554,-74877610.0,543539.2999999998,-0.04330095437682313,0.07617024648075654
2022-05-27,-0.008682527175407705,-0.01279393367143415,0.009139273403223338,-0.04800203669434186,0.8583100786704896,0.2888831708195756,10.16943993859931,39.68679443848033,57.10195557085228,0.019300732950651822,-0.021183998415069127,-0.0021004748908221016,-0.13288272668535847,-62712296.0,131342.19999999972,-0.058391658334523644,0.07617024648075654
2022-05-30,-0.005016109087953564,-0.011500382565557351,0.04061636772987979,-0.01596264256757792,0.9945025374620382,0.30745006979178874,18.796993133145968,39.68679443848033,57.10195557085228,0.0669957284128484,-0.05026742762937597,-0.0053203996944117815,-0.12150972263587576,-47901587.0,2251182.35,-0.0986582022796133,0.07617024648075654
2022-05-31,0.00028462029622806136,-0.009665748870050977,0.062416657810203405,0.008604062309806662,1.2964392736688255,0.3128748308087082,19.999955969717618,46.969409947416054,51.813119041340826,0.017668963649313474,0.03694467994192174,-0.022167527836929324,-0.1007570846856367,-29963832.0,4778312.6,-0.12129380053908356,0.07617024648075654
2022-06-01,0.0038033247650830467,-0.008676190429701773,0.04006825632486308,-0.009927460611919351,1.3162941033486952,0.32259961953799665,11.704780289156403,46.969409947416054,51.813119041340826,-0.03627295375126438,0.06436286115053036,-0.01463523037661807,-0.11833343840617348,-31886354.0,4760308.9,-0.10301799187463723,0.07617024648075654
2022-06-02,0.00475958830523924,-0.007089702813938016,0.023211522030547854,-0.02518681826889369,1.2667336843292087,0.32453425857095386,-0.6186068747091156,46.969409947416054,51.813119041340826,0.05072315022170648,-0.05441354200507853,-0.0038201114520434176,-0.14208373983946243,-38729872.0,6797555.4,-0.07999650797346058,0.07617024648075654
2022-06-06,0.005997651013628274,-0.005584039902227155,0.022049567604986553,-0.024593263872533445,1.227823272922196,0.3098731533915429,-6.060611530035736,46.969409947416054,51.813119041340826,0.02705509951354612,-0.004328135970418812,-0.008298825223202688,-0.12213742089492337,-32839713.0,4736530.65,-0.05384523951028175,0.07617024648075654
2022-06-07,0.00656324652277719,-0.004967821466353082,0.01115092704937068,-0.03274527316747292,1.1311270883518822,0.3064091953683199,-13.973543282082517,46.969409947416054,51.813119041340826,0.09326989641175176,-0.0644239125522621,-0.009062382780881117,-0.14280105343446536,-30118108.0,608176.7999999999,-0.03904028436018958,0.07617024648075654
2022-06-08,0.006260643090597334,-0.005005865339268756,0.02564122793500609,-0.015283357863117332,0.7842790616081294,0.3102957366303113,-7.939927230949891,46.969409947416054,51.813119041340826,0.04102237473873904,0.009170932591291647,-0.011629819852325807,-0.13093946252562205,-17153653.0,-2083298.9500000002,-0.07734871329449311,0.07617024648075654
2022-06-09,0.006725370467675071,-0.0046546203168581326,0.018065543941778037,-0.019792274120089187,0.7039350416295398,0.3113630568247655,0.6851944452339822,46.969409947416054,51.813119041340826,0.04475561366126213,-0.00636780389826308,-0.006845084045931427,-0.04244581366499282,-16396789.0,-1625300.3499999999,-0.08001520201134305,0.07617024648075654
2022-06-10,0.00928468498134036,-0.00484037373736728,-0.004975162847861479,-0.03858514620000471,0.7185369661409425,0.29879929589816084,-1.9684910669601123,46.969409947416054,51.813119041340826,0.001687182627804651,0.04781760442847638,-0.003479406429028775,0.0260486960059208,-19707871.0,-3354893.8500000006,-0.056638566912539545,-0.05294096281786065
2022-06-13,0.008611726722090905,-0.005416054957725301,-0.031713124804594914,-0.06286878160127882,0.8294535389397426,0.31355768847295173,-6.9590917089403135,46.969409947416054,51.813119041340826,-0.10011214274841462,0.10989707995081033,-0.0060191665459444765,0.2460169392021358,-38916420.0,-6231246.8,-0.031980106407587305,-0.05294096281786065
2022-06-14,0.006520519695998636,-0.005866927810328726,-0.0367102221637665,-0.06704662661489712,0.9306497680011515,0.3077436646397779,-11.06091445671158,46.969409947416054,51.813119041340826,-0.0788237780720411,0.06536211617215792,-0.003132760291898129,0.18596715640308642,-63973860.0,-7725522.0,0.04305906859098352,-0.05294096281786065
2022-06-15,0.002073904348185583,-0.0068663812525307484,-0.04233311429067374,-0.07226840469252215,1.0339696253935324,0.29960837394107764,-6.0000263594907395,46.969409947416054,51.813119041340826,-0.10727211843204798,0.06764942003242469,-0.004516744018154828,0.06777220187331205,-79490248.0,-10559815.799999999,0.0590802383675435,-0.05294096281786065
2022-06-16,-0.002374929176098571,-0.008052792290017909,-0.03655360377677243,-0.06707069752600166,1.1180697002611788,0.2936673479581884,3.227705314837209,46.969409947416054,51.813119041340826,-0.11729867608137823,0.0666654662204258,-0.006782452686727947,0.18357013268054062,-80146926.0,-9793838.3,0.05971987070955831,-0.05294096281786065
2022-06-17,-0.006431910596892089,-0.009365306630852707,-0.04818851142560764,-0.07761559845026199,1.2471369482986088,0.2790857682424791,-9.388768096916927,46.969409947416054,51.813119041340826,-0.10787350601311352,0.07285726897091827,-0.00148623402510073,0.11463197729110174,-86510849.0,-10297060.55,0.015161794637326365,-0.05294096281786065
2022-06-20,-0.009646658431339413,-0.010679367678815135,-0.05126231129249113,-0.08083047127644806,1.231466377745594,0.27207331697765813,-18.6737424545148,46.969409947416054,51.813119041340826,-0.10549663454934022,0.050223348889008035,0.0034289811702121753,0.11124990598494154,-101872811.0,-7194126.250000001,0.00434020036267424,-0.05294096281786065
2022-06-21,-0.010897656860110622,-0.011823202584142054,-0.036076799121140236,-0.06555875467098915,1.1768325018678971,0.2784273349056855,-28.353618229190573,46.969409947416054,51.813119041340826,-0.08592921696476796,0.04756383848179013,-0.00033656073444832124,0.07441547950635381,-95371975.0,-2339955.6500000004,0.015296136822137152,-0.05294096281786065
2022-06-22,-0.011089818855853422,-0.012481693441483534,-0.05407015353867586,-0.08234697964282353,1.1202162184928717,0.2826994194772653,-17.449858167956165,46.969409947416054,51.813119041340826,-0.07334149884490804,0.029468693868080598,0.007934932569824804,0.03120327657411917,-101189399.0,-983221.0499999998,-0.021291332891646086,-0.05294096281786065
2022-06-23,-0.011931504599608185,-0.013714580864829896,-0.06810711993247914,-0.0959933808431169,1.1884443021887907,0.2857393486037544,-4.976235047631079,46.969409947416054,51.813119041340826,-0.09718929979224256,0.02874889551835491,0.004740647812752963,0.03351356708087244,-103693746.0,-2473728.7,-0.04681408291419897,-0.05294096281786065
2022-06-24,-0.012573667637013881,-0.014132913033247877,-0.06396680378266623,-0.09147141655951324,1.0889184257913964,0.28013401094412327,0.9965033505831116,46.969409947416054,51.813119041340826,-0.09221238385403197,0.04385178265716139,0.006905821337011897,-0.030771159328419815,-92297887.0,257145.5499999998,-0.05603575868805877,-0.05294096281786065
2022-06-27,-0.01256092848798487,-0.014336681725454745,-0.038228851093506336,-0.06652450089244277,1.095010621455484,0.2706772951912353,11.951838337528244,46.969409947416054,51.813119041340826,-0.1289967755116307,0.07467218361003125,0.012997663915967017,-0.04283275983599595,-89835778.0,3894922.9000000004,-0.04851187767361431,-0.05294096281786065
2022-06-28,-0.01510437357585986,-0.01491087371208181,-0.03582902563183071,-0.06550215777066604,1.0124621997691639,0.23771128492948698,4.632556893268514,46.969409947416054,51.813119041340826,-0.1519187296647444,0.06636573503224186,0.004574029914044875,0.0025452700395340875,-104596682.0,3240995.6999999997,0.002016903572800599,-0.05294096281786065
2022-06-29,-0.019277030443312335,-0.015246723957774825,-0.04230386337721712,-0.0747348222507381,1.0829276553125369,0.21476698957223284,2.757507617430477,46.969409947416054,51.813119041340826,-0.1661056674498752,0.047654345655342656,0.029135311671993458,-0.007979149591613503,-121402466.0,5307630.899999999,0.037931261956593465,-0.05294096281786065
2022-06-30,-0.022641106830984303,-0.01531544641356641,-0.06517637938075659,-0.09989694055197278,1.0701739093793996,0.226967130325724,-9.330459666519104,33.70377402007793,41.063733142503395,-0.161618621188363,0.0333593252453207,0.023230948422278574,0.006044649335665372,-128465069.0,4634980.050000001,0.023584600452927873,-0.05294096281786065
2022-07-01,-0.028357269739493044,-0.016201791111240996,-0.101994152049421,-0.13915078628745448,1.2163323493458085,0.2672637674640744,-3.9094200918039235,33.70377402007793,41.063733142503395,-0.22150869348684654,0.06588564726397006,0.018106136494508762,-0.0676234601197822,-133387581.0,3312502.05,-0.017681480309979403,-0.05294096281786065
2022-07-04,-0.03503834172356582,-0.017357766572465884,-0.12027041883390423,-0.1615155641864748,1.2400423765857642,0.27577606514103625,-4.888148489921122,33.70377402007793,41.063733142503395,-0.19730046664869938,0.01654166891600839,0.014815553456561714,-0.07026949179725857,-134763468.0,847180.4000000004,-0.03159547738693469,-0.05294096281786065
2022-07-05,-0.039030273062664635,-0.017996461185993864,-0.10053137823915721,-0.14688629117702037,1.385588998164202,0.288045636289136,0.9913584705226413,33.70377402007793,41.063733142503395,-0.19894473077768582,0.03711801156772232,0.010506701943481467,-0.04686091006353483,-123898387.0,1436849.75,-0.05421983848098144,-0.05294096281786065
2022-07-06,-0.0431420862721938,-0.018579393707051476,-0.11225741424657225,-0.16378526321057527,1.3994883834069027,0.27612872799968835,-0.18961043165948865,33.70377402007793,41.063733142503395,-0.17388956088005447,-0.02121033298538233,0.012776738247752162,-0.07930769062281653,-126949439.0,2297095.75,-0.03442805013485639,-0.05294096281786065
2022-07-07,-0.044474080382231135,-0.018223684095556136,-0.05968948541471567,-0.11882173968602841,1.3499125997703683,0.35133193569428234,15.283966049296993,33.70377402007793,41.063733142503395,-0.11297612901917597,-0.03677414386386868,0.011861872271113905,-0.10168090846479093,-108981550.0,6900641.5,-0.06790810003495507,-0.05294096281786065
2022-07-08,-0.04252078388901114,-0.017709228297481193,-0.03419517592478278,-0.09754286246601238,1.1962676525037323,0.36208237209214117,15.409460392781419,33.70377402007793,41.063733142503395,-0.07555136774027804,-0.03853017578322404,0.005621017331287392,-0.1467110155194331,-90119664.0,8819279.2,-0.11517577337180795,-0.05294096281786065
2022-07-11,-0.03834785990601757,-0.017300761903669127,-0.039448975025718876,-0.10409154977709947,1.0519908966223466,0.3544281178679381,14.185915377564356,33.70377402007793,41.063733142503395,-0.044635263222502775,-0.05515245590366924,0.0037109712440268616,-0.0812385878993555,-61804435.0,9504960.55,-0.1530557380966605,0.061911868372176215
2022-07-12,-0.03612146490971013,-0.017095691161572137,-0.05950038021819834,-0.1252366126369424,0.9249858130954862,0.36298761857761375,0.18048350409891611,33.70377402007793,41.063733142503395,-0.04896853624624686,-0.07005333315701334,0.0058776407640290795,-0.03274967072817535,-41524207.0,7626831.35,-0.188377268058884,0.061911868372176215
2022-07-13,-0.029394799396598677,-0.016136473223836455,-0.01186588634622632,-0.08176380249211689,0.9332690511877154,0.40829720302853445,5.8696373090689775,33.70377402007793,41.063733142503395,-0.05851580374752352,-0.01210128139907829,0.009713402771468038,-0.04466767736758385,-20905004.0,7719809.0,-0.20480832078206257,0.061911868372176215
2022-07-14,-0.02474888064967561,-0.01588010649236325,0.0010537290991125114,-0.07035247817742574,0.8411905173588006,0.4102171104155092,11.370205674814358,33.70377402007793,41.063733142503395,0.023398164270606925,-0.08835882733607825,0.012276825458436669,-0.04852865752394068,-28441883.0,3728842.9499999997,-0.1471314451706609,0.061911868372176215
2022-07-15,-0.019563298330664534,-0.015015339832576514,0.038865108670858184,-0.03375676257889848,0.9051363342949339,0.431440769929799,13.61454022908454,33.70377402007793,41.063733142503395,0.044688071049168165,-0.061654286122885704,0.007499330732309906,-0.11574185676412849,-4559211.0,2717448.15,-0.15853552230132206,0.061911868372176215
2022-07-18,-0.01460352112058279,-0.013727826347889573,0.045468990517287755,-0.025754127021173,0.988994215652022,0.43153568831746386,4.155087858873294,33.70377402007793,41.063733142503395,0.03918109773994716,-0.04420104056903407,0.007036550944420794,-0.06676506080927848,5945549.0,964952.55,-0.13837501849933398,0.061911868372176215
2022-07-19,-0.00980775554614524,-0.012301489446744439,0.037506518049240684,-0.032573613120577216,0.9897299641115092,0.4294201218610067,3.5603564394528036,33.70377402007793,41.063733142503395,0.05804012598808317,-0.08576282874540186,0.003939015699426118,-0.08668990365331511,-1722065.0,937977.25,-0.15172454699131055,0.061911868372176215
2022-07-20,-0.006038012533688646,-0.01108666373732798,0.04590354634192895,-0.023118930392350554,0.9387161380736886,0.4240350036828798,7.8861856024659005,33.70377402007793,41.063733142503395,0.09667100701078035,-0.09565989920589235,0.002085801553227462,-0.10130967851592766,7249602.0,-774249.8999999999,-0.12800393858272563,0.061911868372176215
2022-07-21,-0.0009483565345263808,-0.009653587279688175,0.056850631732216536,-0.00990846999516668,0.9134686916342218,0.4200466161037783,17.616860067239784,33.70377402007793,41.063733142503395,0.12066901401514696,-0.08874301373394089,0.007043736528153266,-0.12045668466787592,20066727.0,1039969.65,-0.11777194954414882,0.061911868372176215
2022-07-22,0.0016875208702987225,-0.007902786222851054,0.05922606453404343,-0.005295690674812472,0.7720241196810601,0.42011209794010995,24.60940540319112,33.70377402007793,41.063733142503395,0.04559180080778802,-0.011675952044626126,0.00902304957949629,-0.11643964565172535,28238506.0,789869.3,-0.14130264354479605,0.061911868372176215
2022-07-25,0.0020571978848756907,-0.006680759077143745,0.051745137703707686,-0.011283923477437353,0.6622956627366284,0.41240978876656736,15.2250811006449,33.70377402007793,41.063733142503395,0.04110958976334689,-0.03910353498184649,0.003603433355977792,-0.09756425158491015,23723427.0,1772538.25,-0.1384159173522097,0.061911868372176215
2022-07-26,0.0032752328594655316,-0.005910220011721683,0.04254422156809782,-0.018893703888184916,0.6494092042285852,0.4137032379591528,7.870253168948537,33.70377402007793,41.063733142503395,0.05181160568657006,-0.05683685610757505,0.013523574777009273,-0.039374348685562756,25378915.0,2162411.85,-0.14581935525096645,0.061911868372176215
2022-07-27,0.004384352867422809,-0.00516609051595298,0.05606387088227216,-0.00415991974257339,0.5577246632885338,0.4135186165044351,-3.317532922392189,33.70377402007793,41.063733142503395,0.12655671561043857,-0.10415344322518716,0.008402143743930557,-0.08705217894369306,30607239.0,2378673.05,-0.15692131689335198,0.061911868372176215
2022-07-28,0.005379185057255666,-0.004780137000008273,0.051196053628293096,-0.005152964873208573,0.6348136752485547,0.39629283268374255,-3.606444223167344,33.70377402007793,41.063733142503395,0.151882640586797,-0.0993615617450061,0.006549795782216705,-0.11166806503742419,48402474.0,1458752.2999999998,-0.1663769398527134,0.061911868372176215
2022-07-29,0.00947617626035182,-0.005110053726552413,0.06179919747039121,0.011739637733151889,0.6897011283196229,0.3512120571579802,-1.1579703473045413,33.70377402007793,41.063733142503395,0.20690999232163487,-0.0845285404985856,0.008743689272431965,-0.14228844169471253,67411458.0,1107140.5000000005,-0.1678580628541989,0.061911868372176215
2022-08-01,0.01610779567143756,-0.004867993783321129,0.04439717641876616,0.0025034149352962604,0.7771980990482655,0.3307989991692281,8.489536932793598,39.92512489809355,34.62532023723179,0.2114576261895409,-0.06600324594602891,0.006913722815432566,-0.07438551834835881,67099329.0,-570779.0500000003,-0.1450347019523902,0.061911868372176215
2022-08-02,0.021219462968538425,-0.004382140122466078,0.014694520686531539,-0.020547684894099295,0.9311068033372483,0.3471603107683827,-4.678091449547637,39.92512489809355,34.62532023723179,0.2006385628964844,-0.09749940314572902,0.016099653921265222,-0.02306591860341626,53110162.0,-1867328.3,-0.10807287423002965,0.061911868372176215
2022-08-03,0.026927526093277965,-0.003991496026035108,0.026323960718877527,-0.0021606346800026027,1.0199307233100485,0.3327730659402902,-8.79484954318201,39.92512489809355,34.62532023723179,0.2242683079031409,-0.07386654825759842,0.006232169463874948,-0.095069231325567,56431347.0,-1707121.9500000002,-0.13394676306276698,0.061911868372176215
2022-08-04,0.0286928276319731,-0.003600653174472739,0.019835845359501322,-0.0035508560941836915,1.0050214753391487,0.2918826197512403,-24.462220916389953,39.92512489809355,34.62532023723179,0.18247893776540058,-0.08958258284488774,0.005169844503192023,-0.1075590880213881,41365152.0,-2024158.0,-0.13319923632892405,0.061911868372176215
2022-08-05,0.027848771211669454,-0.0021532137591484357,0.04723733485113776,0.02786682014602349,1.039756803322343,0.30265535557222356,-0.7548391972009085,39.92512489809355,34.62532023723179,0.16629738115021242,-0.061372215668812125,0.006712133517990715,-0.11318897485875433,55620078.0,-825983.8999999999,-0.1285899638811937,0.061911868372176215
2022-08-08,0.026213562527598534,-0.0013289749165770121,0.0338735040371305,0.01977151661489954,1.0112315669199978,0.3007752126057609,-2.2919105841253113,39.92512489809355,34.62532023723179,0.1764701889518403,-0.0682449999667103,0.006486921244364119,-0.09809151248689559,47780884.0,162005.59999999963,-0.12611977146081677,0.061911868372176215
2022-08-09,0.02758443795158447,-0.000732859641516113,0.023582482485716535,0.016030485252488232,0.8844001704391709,0.27809473439947463,3.9400722605211556,39.92512489809355,34.62532023723179,0.12068392245127635,0.01390995060767608,0.004604354739825123,-0.06684668074104276,40220845.0,961715.3500000001,-0.12633132974797,0.061911868372176215
2022-08-10,0.02371198205389621,-0.001162587645446665,0.0005503406574930073,-0.002993258778760768,0.8726488467363326,0.2489306482670902,-12.86370463312764,39.92512489809355,34.62532023723179,0.15960123396458448,-0.09690205039303468,0.005457897473990947,-0.14082393508962765,21557043.0,-1378154.15,-0.08037309699092277,0.16796557260963407
2022-08-11,0.023252266231136576,-0.0012598888126521793,0.02456784765485134,0.02564203503131368,0.8689669795539389,0.26340141903217473,-6.980493130424783,39.92512489809355,34.62532023723179,0.13391349556091048,-0.05180803080007057,0.00485116036139277,-0.10877763046257598,35401352.0,-656078.8,-0.15882152588555853,0.16796557260963407
2022-08-12,0.02065047312105926,-0.0017874610994505612,0.028037377087403212,0.03170291020748749,0.8201427144995894,0.23355966760194305,-0.19192453575303148,39.92512489809355,34.62532023723179,0.1388648866262414,-0.0891186069257286,0.0010228219213102019,-0.12931051496830934,35157692.0,-3360874.2,-0.15459787976104145,0.16796557260963407
2022-08-15,0.018274523416189285,-0.0020493967690498128,0.037132473243770316,0.043819816816322986,0.8657258064810921,0.23548612141882644,14.873980935305653,39.92512489809355,34.62532023723179,0.14844172744815065,-0.09294230466738584,0.0010698905456951735,-0.09985108085081448,40988131.0,-2145727.15,-0.17732737890759187,0.16796557260963407
2022-08-16,0.015504281976728634,-0.001816023447241218,0.03760075548865819,0.04781675399113215,0.8606416147067291,0.23126134734827844,6.695488899926403,39.92512489809355,34.62532023723179,0.08651013124320595,-0.017263483067336605,0.005456091708291089,-0.1018360021517344,42823061.0,-768835.8499999999,-0.18316260532112016,0.16796557260963407
2022-08-17,0.015708666317531636,-0.0005898158126254316,0.038270290953274035,0.05146534932478542,0.9271707229286107,0.2306055134831833,4.7624576879945195,39.92512489809355,34.62532023723179,0.03381883408437569,0.03082776109921248,0.005297813676124141,-0.08394138603208383,40573731.0,1362881.2499999998,-0.1867038357034475,0.16796557260963407
2022-08-18,0.013654270774941562,7.239482960610393e-05,0.02256522726342027,0.03753922363264881,0.8865774824752907,0.23520956155267583,-8.371760583339238,39.92512489809355,34.62532023723179,0.041493970078814835,-0.003569908731597682,0.0018406632617757879,-0.09217491865086488,26495951.0,-1062571.75,-0.16124009060022648,0.16796557260963407
2022-08-19,0.012775904851332546,0.00040355372957258785,0.0189955976594772,0.03527611161888936,0.8607349955514814,0.23547105089487408,-3.9387102795094435,39.92512489809355,34.62532023723179,0.03902680444106954,-0.0072177243341529085,0.0031257733764513684,-0.03848397314376244,16534863.0,-2349514.35,-0.13187013840704087,0.16796557260963407
2022-08-22,0.01125378393899406,3.7707725941255544e-05,0.004020008356490618,0.021827194150177438,0.7836517230379696,0.2397462925714771,-1.9250468674791534,39.92512489809355,34.62532023723179,0.006491997501063551,0.018532927108389607,0.010100287967972132,0.10973813948483585,4802787.0,-4518498.55,-0.10477036379112548,0.16796557260963407
2022-08-23,0.008745482015060873,-0.0012894402729014215,-0.012539270948399715,0.007202633564622878,0.7685862636973014,0.24463609090101204,-4.10679289302233,39.92512489809355,34.62532023723179,0.030712964150608535,-0.012531208562410967,0.010181755725083397,0.12571497019573524,-4530622.0,-5812847.9,-0.07940901440059844,0.16796557260963407
2022-08-24,0.005664173744026912,-0.003410032267806645,-0.014595024792959066,0.007014575327903749,0.663043224055391,0.23980791021216816,-6.619739853980924,39.92512489809355,34.62532023723179,-0.015396794352241505,0.017388863026940538,0.008345522945518491,0.06652954806280935,-13646283.0,-6252653.649999999,-0.06381454956652843,0.16796557260963407
2022-08-25,0.004473710141593192,-0.004636088648954383,-0.005481602015760091,0.018317035932298376,0.6228566049745341,0.2420861706118798,-17.46030259804163,39.92512489809355,34.62532023723179,0.009023626544192531,0.004948358187358615,0.011577609093347263,0.019233489531995225,-20669379.0,-4520721.05,-0.06483412322274884,0.16796557260963407
2022-08-26,0.0031904898895069723,-0.005727327889492257,0.0020550045025920518,0.02719607260280903,0.6361215823365974,0.23701354375331746,-1.8071799180559225,39.92512489809355,34.62532023723179,-0.05685608271920506,0.06275003649122546,0.009125816528815722,0.18440254877738818,-29578324.0,-3266007.8,-0.06508532291142666,0.16796557260963407
2022-08-29,0.0014217132505000634,-0.0065100815381630445,-0.023840933802996286,0.0014037660959127774,0.7742512942451929,0.2531998804605324,-8.693381385759118,39.92512489809355,34.62532023723179,-0.07850736757388743,0.06759482526695437,0.009299357412597242,0.20511282735750921,-35957425.0,-3569983.75,-0.07241483954176464,0.16796557260963407
2022-08-30,0.0009306517119036306,-0.006387692087253279,-0.0291167091700195,-0.0024123292378411486,0.8527323988900907,0.23854582132926852,2.923976608187175,39.92512489809355,34.62532023723179,-0.08945965784939913,0.09758975539618242,0.006629566686392474,0.19882902421551948,-40567496.0,-4390820.2,-0.0897065809186246,0.16796557260963407
2022-08-31,0.0012244050506752,-0.005801486338901217,-0.01188688460946545,0.01691812302284953,1.0659311238633107,0.23840024850963518,-6.338145186416057,39.42056816452638,28.8892400483291,-0.12316194519344892,0.13114573088832127,0.015697693032467486,0.1727639833852373,-44249938.0,-2793788.6999999997,-0.06131896486301891,0.16796557260963407
2022-09-01,-0.00039154345938968406,-0.006127689915698935,-0.0393654122479924,-0.010700618567923462,1.3078251318243521,0.26000063457735906,-9.174420233307096,39.42056816452638,28.8892400483291,-0.14780894912670528,0.12880896092439842,0.013048604011496767,0.14799009208416186,-63541303.0,-5353220.049999999,0.011445427728613566,0.16796557260963407
2022-09-02,-0.0037185676647543226,-0.006703074196094248,-0.04724486407822038,-0.02040618915268789,1.47424377411105,0.23129002196727683,-20.539139113333853,39.42056816452638,28.8892400483291,-0.14872973933540345,0.08865219693919013,0.01991541022829768,0.1329566863490829,-95858797.0,-6508134.75,0.05939637826961763,0.16796557260963407
2022-09-05,-0.005727723889913927,-0.006331054732105043,-0.042836002614467975,-0.017486343424571085,1.3863455498930304,0.2312346942718752,-17.73596185385,39.42056816452638,28.8892400483291,-0.13483163233008366,0.08405040958288656,0.022307603330589343,0.12252090595748191,-93424005.0,-4271065.949999999,0.0590443135039147,0.16796557260963407
2022-09-06,-0.008172264092118246,-0.005839887780904139,-0.034931959435704596,-0.010713928717284259,1.3301011013848971,0.23318203870023538,-7.110204543319753,39.42056816452638,28.8892400483291,-0.10304856873415946,0.06187210986348535,0.022842827903885032,0.17270231088748805,-88143901.0,-2135328.3500000006,0.05439549386441356,0.16796557260963407
2022-09-07,-0.011250799722923109,-0.0057693911819319465,-0.06495828551263468,-0.0430057563670325,1.2454507570223274,0.25198015338069846,-2.785625393806626,39.42056816452638,28.8892400483291,-0.12621163172995764,0.07121150719875213,0.025666060271912094,0.06243530022699331,-90512002.0,-5027114.700000001,0.04523374655112122,0.16796557260963407
2022-09-08,-0.014150034190436611,-0.005288604206808931,-0.05636952885698843,-0.03686934318064063,1.1320428005129717,0.2269272055074289,0.4181760110811439,39.42056816452638,28.8892400483291,-0.10760399663791298,0.031728338086473795,0.031340232771216225,0.010593930732126581,-105309067.0,-1974110.6500000004,0.10483054622018861,0.16796557260963407
2022-09-12,-0.014144015526001,-0.004365781439642065,-0.030586977025867806,-0.013067963993921917,1.0513192398166442,0.2458979145383686,10.093814454466397,39.42056816452638,28.8892400483291,-0.10976778135510357,0.050773418728158104,0.030074145053206047,0.012320063107885002,-108040680.0,1362667.7999999998,0.08896331999019691,-0.04531526911104189
2022-09-13,-0.014574117608895296,-0.0036213644921537034,-0.014689601028840921,0.00028755447355996065,1.0682073845239746,0.24734818069169465,20.22722088129892,39.42056816452638,28.8892400483291,-0.16737237979605135,0.11001113695022047,0.031392933299937864,0.1388361310083389,-107822296.0,2415136.0,0.07541339569066308,-0.04531526911104189
2022-09-14,-0.016972588523657375,-0.0037511248996747967,-0.03633804944138731,-0.025265233736662902,1.117404247257177,0.2594915041316374,13.00779819345047,39.42056816452638,28.8892400483291,-0.14910820019108706,0.063393844921245,0.03788850458377668,0.07791833184068832,-118429193.0,1236718.4500000002,0.14248416367060446,-0.04531526911104189
2022-09-15,-0.019022862419351062,-0.0031310520809791588,-0.033218112234817056,-0.026294411592638504,1.021913837698436,0.2579477014484548,-0.7799514055776555,39.42056816452638,28.8892400483291,-0.14160372696416756,0.05098815942035795,0.03757707013266631,0.0684291025788313,-122703127.0,3088499.1499999994,0.16882158972578964,-0.04531526911104189
2022-09-16,-0.019720357843778985,-0.0023836463071647642,-0.03795434250854381,-0.0351376551011546,1.071828701473615,0.2565924763622315,-12.145915295435842,39.42056816452638,28.8892400483291,-0.1562624040695032,0.06918502556747252,0.04296878583960373,0.055186637636327335,-119565280.0,3389247.2,0.14784810126582282,-0.04531526911104189
2022-09-19,-0.021654249471953897,-0.0024628816088891102,-0.04336597501778933,-0.04481494554013122,1.0262722552501575,0.2573181984244915,-4.386540620823013,39.42056816452638,28.8892400483291,-0.1271103683668542,0.032102490608249545,0.04294765505571774,0.02293260581543491,-118011608.0,2383623.6000000006,0.1534157832744405,-0.04531526911104189
2022-09-20,-0.021994417326310113,-0.002945333022876946,-0.020638690463896773,-0.024747426386235383,1.0364233244339738,0.26997230308096676,5.71299501942682,39.42056816452638,28.8892400483291,-0.10686970203093749,0.042896338498444875,0.0405289100315247,0.07137926026413041,-107630779.0,1141483.1500000004,0.119801570897065,-0.04531526911104189
2022-09-21,-0.020616748790719355,-0.0029067423759118484,-0.02893787720491161,-0.03522586340498836,1.038298752654326,0.2678531643249537,2.136967138722113,39.42056816452638,28.8892400483291,-0.12196657851621184,0.06187538826772421,0.04006744277596552,0.09573489044822805,-103647274.0,2099368.5,0.10478628311392812,-0.04531526911104189
2022-09-22,-0.019512640426963726,-0.0031984141695737133,-0.03880981870534746,-0.04777021504153815,1.0596263958019772,0.27055392880393037,2.2802769151533013,39.42056816452638,28.8892400483291,-0.1472098548255164,0.07599023463725618,0.04242627389488374,0.06127043881230597,-108794726.0,1286448.6999999997,0.11418448282803872,-0.04531526911104189
2022-09-23,-0.020118737381865297,-0.0034569643608132108,-0.053563274808949735,-0.06666263407800319,0.9442974481437946,0.27196187248142056,-6.192020694001926,39.42056816452638,28.8892400483291,-0.18921471156217307,0.09004493037881045,0.04414168648265404,0.1429444654218632,-118840721.0,532757.8499999996,0.15195621325765263,-0.04531526911104189
2022-09-26,-0.021606591163567127,-0.0030392635145682196,-0.06516083133074939,-0.08396079932166102,1.024029929171304,0.27153618198038204,-2.1813596980345835,39.42056816452638,28.8892400483291,-0.15185960020623934,0.028954799693316158,0.05310059147521029,0.2167615335755032,-123095998.0,392997.9000000004,0.1549604734903356,-0.04531526911104189
2022-09-27,-0.023228344553061518,-0.0020293298239590653,-0.057318417467167315,-0.08121381784989962,1.0659037976140806,0.26290339690311004,-6.162472635420293,39.42056816452638,28.8892400483291,-0.12623791617325564,0.030112359692738844,0.05092301475847316,0.21494451612882126,-116094876.0,-1255930.6000000006,0.1561771561771561,-0.04531526911104189
2022-09-28,-0.02588231439695897,-0.0014094643149593594,-0.07298081612371707,-0.10155531811780089,1.121807145364168,0.2700749054212969,-2.4753099167938046,39.42056816452638,28.8892400483291,-0.10387904040795537,-0.007968193206062235,0.04303869880234257,0.11649589254117278,-107139825.0,-1760713.9500000002,0.12913455362877335,-0.04531526911104189
2022-09-29,-0.029235650791975574,-0.0005331338621858609,-0.07274523421158685,-0.10776978233212682,1.2024725796737514,0.2548583463984706,-1.6858930221534507,39.42056816452638,28.8892400483291,-0.12326549303525458,-0.010384747081595869,0.040552972982085045,0.16504145212731117,-115716965.0,-604885.1500000004,0.1579755841215944,-0.04531526911104189
2022-09-30,-0.031010447553716847,-0.0010328172511024061,-0.09411402404097646,-0.13346027204755223,1.3172241652267522,0.2562121140730958,-13.01273793987798,33.47874591659955,18.080848334272844,-0.1215750512904975,-0.013121023153760514,0.0427855097924168,0.14430474876282223,-109534549.0,-1192323.3499999996,0.1561673666200032,-0.04531526911104189
2022-10-03,-0.03149145980140261,-0.002500638111155039,-0.09853660036070735,-0.1423381642066597,1.3295000058525837,0.25635777700510526,-21.631054181319726,33.47874591659955,18.080848334272844,-0.07923021961347365,-0.05602168715663869,0.04107603276836902,0.08024692963690659,-96604107.0,-1172491.0500000007,0.1117906252374079,-0.04531526911104189
2022-10-04,-0.03234071234760811,-0.003896851067857407,-0.06712848115653207,-0.11673825065311594,1.3796730235556462,0.28498271068968717,-5.991448133853268,33.47874591659955,18.080848334272844,-0.03814543445874441,-0.07405220414155933,0.0382419246719119,0.03658535652264551,-93594958.0,237465.30000000075,0.11268625433481949,-0.04531526911104189
2022-10-05,-0.031052187196300346,-0.003777236519071262,-0.027982079576393586,-0.08373558915938593,1.391581801270726,0.3213840230149855,17.546071968548333,33.47874591659955,18.080848334272844,-0.01861186940797277,-0.066123975905788,0.030698018970553687,0.015074995044884422,-83353380.0,2382434.6,0.08398519479528366,-0.04531526911104189
2022-10-06,-0.026124953457169565,-0.004419640267188943,-0.012850087344686175,-0.07084561128290173,1.3305036259916951,0.3072613839430815,28.98288495386658,33.47874591659955,18.080848334272844,-0.03931070729824815,-0.0006918700229482377,0.023533464140858884,0.07389164244357956,-62390586.0,4232090.3,0.049187641744432575,-0.04531526911104189
2022-10-07,-0.022937706946317755,-0.00447251922086104,-0.03769457370342795,-0.09656507161281855,1.2146769515470546,0.32031469865079243,13.411925245633022,33.47874591659955,18.080848334272844,-0.1133971135861307,0.04081563050147097,0.022406793094052135,0.08860541980786454,-59365126.0,5762576.9,0.07395734076082983,-0.04531526911104189
2022-10-11,-0.02493599138148656,-0.005880208530158326,-0.10984745549573013,-0.16933324322375465,1.4323156849090537,0.4111995252861984,-11.301378779816531,33.47874591659955,18.080848334272844,-0.18769065873332647,0.017728801517102988,0.030560794495707144,0.14795791424872282,-105941261.0,-609733.9500000002,0.15228807201800443,0.009690240797564087
2022-10-12,-0.02926458403341436,-0.00811020712111361,-0.10956788326304867,-0.17490138388447105,1.431891823167993,0.4026647696225124,-15.973063021685654,33.47874591659955,18.080848334272844,-0.14193270775635547,-0.04713335480039604,0.030511958494986224,0.13371944907116648,-132364906.0,-4111723.1000000006,0.20897724625300929,0.009690240797564087
2022-10-13,-0.03387972906408683,-0.011242588006372052,-0.10694095125355622,-0.17743890619326627,1.356056159085102,0.39819518161995415,-12.548229031828207,33.47874591659955,18.080848334272844,-0.1266713299559814,-0.04567023429389461,0.021064517843250252,0.06824530665337926,-123350203.0,-6516595.65,0.1553590829056306,0.009690240797564087
2022-10-14,-0.03895159603366925,-0.013424642254872386,-0.061663726355029855,-0.13964383580450285,1.4265219264930646,0.4388056780747773,11.15789694200295,33.47874591659955,18.080848334272844,-0.1518783642423247,0.01651636261102396,0.025092540387734008,0.06072151819997572,-110355698.0,-7121894.699999999,0.09213408070084261,0.009690240797564087
2022-10-17,-0.04357160231213125,-0.015738619890186094,-0.08803767075913663,-0.16803920899990998,1.4717272977385876,0.4511624370233371,9.413108461511612,33.47874591659955,18.080848334272844,-0.13712867623281189,-0.021769685453216336,0.023701228884278835,0.03053500331703404,-121276053.0,-8907399.549999999,0.13792089398617846,0.009690240797564087
2022-10-18,-0.041506340791899,-0.01595681080596059,-0.05857873923099863,-0.14430010401888152,1.148341491133117,0.46629594261536494,12.156361395918033,33.47874591659955,18.080848334272844,-0.13847490189163203,0.009995230758776175,0.023255852264403742,-0.005786001365475741,-120171846.0,-354481.5,0.12057332506655971,0.009690240797564087
2022-10-19,-0.04062946491986324,-0.01621612384338597,-0.07652790131335781,-0.16552083723676622,1.0761028727701774,0.4611610272042579,1.6090820490957896,33.47874591659955,18.080848334272844,-0.11882654450310104,-0.05116292206371087,0.022188805833045055,-0.0031596806990534334,-142721974.0,824629.2999999998,0.226447135262847,0.009690240797564087
2022-10-20,-0.04001808902910249,-0.016319837484149374,-0.06382470838091633,-0.15849965206853964,1.1097989811814957,0.4636406018494036,4.551503983379888,33.47874591659955,18.080848334272844,-0.1040732235501699,-0.051977744421932814,0.025942107506076173,-0.03155992249141938,-147196534.0,-492434.7000000002,0.23349637747784202,0.009690240797564087
2022-10-21,-0.04150772125860521,-0.017390694065585754,-0.07449217167781098,-0.17223394730327748,1.0147718222346316,0.4652247224683227,2.3243377324661694,33.47874591659955,18.080848334272844,-0.04400534257696631,-0.11745866578071473,0.02047697906064805,-0.044538827804385964,-144716393.0,-3789606.9499999993,0.18555993206374444,0.009690240797564087
2022-10-24,-0.041061274462317034,-0.017801389822903548,-0.07294281437297391,-0.17429668792137168,1.0189023943701265,0.4630454379772007,3.302543091388543,33.47874591659955,18.080848334272844,-0.023807487168655772,-0.12564298468872737,0.020346713474421074,-0.039281624139354605,-146285692.0,-3096921.4000000004,0.18301481716115853,0.009690240797564087
2022-10-25,-0.043138836410642395,-0.0193299888999022,-0.1031607017165229,-0.20461363702126154,1.1285168999520054,0.4769838595841829,-6.65711713782315,33.47874591659955,18.080848334272844,0.013153724752572371,-0.18224660033793738,0.01636620421367385,-0.07838283161040561,-160144670.0,-5749133.300000001,0.21386848235083322,0.009690240797564087
2022-10-26,-0.04249605905765635,-0.02024180245174332,-0.08309458774807814,-0.19027430905556417,1.140748980832656,0.48172843063392623,-12.902006574880659,33.47874591659955,18.080848334272844,-0.009053210365072673,-0.15166112730013648,0.012695259294945416,-0.10891896075732625,-149578479.0,-953051.4500000002,0.17568619128466323,0.009690240797564087
2022-10-27,-0.04039094251025801,-0.020627563453291795,-0.0538714872052074,-0.16671470602374466,1.09716429972204,0.49281626021904257,-11.860005380955727,33.47874591659955,18.080848334272844,-0.0357027725751321,-0.0841600250814657,0.009089216467786487,-0.10123054247016339,-140042975.0,1315155.3499999996,0.15915958619218595,0.009690240797564087
2022-10-28,-0.03843411629923657,-0.021026645452995683,-0.06221060322488429,-0.17616354079136207,1.1159572675724057,0.49400893589977796,-1.978083281633488,33.47874591659955,18.080848334272844,0.036764620994724106,-0.16435105803002836,0.011745753091364053,-0.14651729856241524,-143791385.0,983837.4500000002,0.15101584863506257,0.009690240797564087
2022-10-31,-0.03443525875677562,-0.02096770198553864,-0.032438144636496496,-0.1500749683258196,1.092573863527076,0.49982553737150065,18.342674979257126,25.916154493713208,7.01584081820431,0.03370616102909296,-0.10953550685806512,0.015285803496633887,-0.13397028209975637,-122953734.0,4145027.5,0.08489169917933537,0.009690240797564087
2022-11-01,-0.028706112072332545,-0.02058509854505145,-0.025634607560747688,-0.1430227178927045,0.9399561629283725,0.4994350630415897,18.911293948254553,25.916154493713208,7.01584081820431,0.003940104696104951,-0.0650911956378436,0.013982965384707446,-0.13006844115126812,-124236653.0,7390739.65,0.09081280535720393,0.009690240797564087
2022-11-02,-0.024324817552684713,-0.020281079504627854,-0.012746771600310588,-0.13174816849148283,0.8029367014679604,0.48769391307926063,20.103098555213833,25.916154493713208,7.01584081820431,-0.06865303100420084,-0.010601039574652082,0.010706733206859775,-0.1236423226042483,-124814476.0,6751241.8,0.07623809849989716,0.009690240797564087
2022-11-03,-0.025524613769850345,-0.021055629958175656,-0.03286736130709946,-0.15210419298555072,0.7831938489567887,0.46961437933918493,-7.688259433585415,25.916154493713208,7.01584081820431,-0.09144043649491085,-0.045638192319011006,0.0195871098017808,-0.13787231133534764,-154190798.0,3094740.9000000004,0.1545339341030696,0.009690240797564087
2022-11-04,-0.027367640129776417,-0.021019574371220602,-0.02947154492577128,-0.15293123210618942,0.7340761770231463,0.4634903251197839,-5.01163534785649,25.916154493713208,7.01584081820431,-0.04408415593727222,-0.10890922742070597,0.019874096295767973,-0.15483262914812043,-168247262.0,4633748.699999999,0.18345145287030484,0.009690240797564087
2022-11-07,-0.029461016684608064,-0.02160695955334723,-0.0030674996090507,-0.13130511303905493,0.7184033703556908,0.46727672200258374,-8.762833960090212,25.916154493713208,7.01584081820431,0.03983032446695667,-0.14941931257140517,0.014585148491559119,-0.1514792361984954,-158003015.0,3684615.1500000004,0.11005323505323505,0.009690240797564087
2022-11-08,-0.026692379073229296,-0.021465423254437982,0.020264686973436218,-0.10744649054238066,0.7271453344421697,0.3754264219498241,14.351812737673555,25.916154493713208,7.01584081820431,0.12842063908237478,-0.13464723507518184,0.001799133027736488,-0.09728723519273785,-99531841.0,4010757.4499999997,0.011425781250000044,0.009690240797564087
2022-11-09,-0.020119965950320652,-0.021149827953102916,0.06363989037093377,-0.0635848116181217,0.865345583610538,0.4058043967757552,16.399235081367976,25.916154493713208,7.01584081820431,0.1028927320362989,-0.05383614867822395,-0.0011154513079912887,-0.06549420228971953,-63265445.0,4743110.05,-0.05254367934224047,0.009690240797564087
2022-11-10,-0.011018757755253527,-0.020929654709414717,0.03775395796073703,-0.08097991283132186,0.8356762950616065,0.4147775264924807,16.7985588957159,25.916154493713208,7.01584081820431,0.18082925873152456,-0.14918363585812133,0.004336858670523913,-0.14430138031091339,-68894280.0,7819911.8,-0.015434500648508376,0.05916497062551351
2022-11-11,0.0013973662616863212,-0.019811874776863886,0.12013192898083662,-0.0012044907146283482,1.0444785992725063,0.4865230870476663,17.137653548198273,25.916154493713208,7.01584081820431,0.2740481590377992,-0.2024462075003981,-0.01402259298343922,-0.16663581332804447,-28491485.0,16736050.05,-0.08004486591210358,0.05916497062551351
2022-11-14,0.01367587502365998,-0.01808056815059416,0.12217879611187155,0.009454678553328244,1.138014022888161,0.4626706400477517,19.420717975254384,25.916154493713208,7.01584081820431,0.23348532651488973,-0.11257851041552813,-0.02707591255938535,-0.10926768680500637,1716813.0,16886922.75,-0.1360963948830598,0.05916497062551351
2022-11-15,0.023333133717089456,-0.015212333071239021,0.19940034416020572,0.09033514446029599,1.385617893421538,0.5264237412243411,24.26235872639338,25.916154493713208,7.01584081820431,0.2654933708194698,-0.08613196662697398,-0.03435666190147535,-0.06844319602556714,32639617.0,18439236.95,-0.13353946297803088,0.05916497062551351
2022-11-16,0.03245761132229467,-0.012241777333091945,0.20313759707256096,0.10716081719134213,1.4634276494328404,0.5080798656334402,13.0293665629883,25.916154493713208,7.01584081820431,0.20247217286291863,0.028880584481556726,-0.02929686941503129,-0.07306662446381482,63697142.0,15896190.9,-0.21750647161519476,0.05916497062551351
2022-11-17,0.04195582805431125,-0.008596588122964658,0.185384349334626,0.10328748903255995,1.526475489139775,0.5105212945363752,5.898183257986943,25.916154493713208,7.01584081820431,0.2067619375873655,0.013363803208356506,-0.034741246733979936,-0.06916134185833882,70723517.0,16535122.15,-0.2165175909361956,0.05916497062551351
2022-11-18,0.050424984767478156,-0.0060080315876348215,0.1762575158994033,0.10838842937161952,1.3520301885655839,0.4983535044101663,0.921091745125338,25.916154493713208,7.01584081820431,0.16576443499282534,0.0845566747275679,-0.03330847175586105,-0.08902851729126943,82016166.0,6975295.3,-0.21662399414776878,0.05916497062551351
2022-11-21,0.05604590892748862,-0.004174434325035503,0.15097598142392515,0.09797020370840731,1.2455891473386578,0.5003913142297948,-1.7513400700397028,25.916154493713208,7.01584081820431,0.1379005432856839,0.1075773640950024,-0.033210092612503295,-0.10577882391457429,89666570.0,2695416.9000000004,-0.22598399428792426,0.05916497062551351
2022-11-22,0.061406790359524746,-0.003500192966235404,0.1559058906516585,0.11923932633240053,0.9783158677342707,0.46005839369289664,-3.174693931173678,25.916154493713208,7.01584081820431,0.1464347319335486,0.17701522529056923,-0.03652895151515079,-0.13618563538080175,109150003.0,-3911789.7500000005,-0.23266318306615885,0.05916497062551351
2022-11-23,0.06373910980416894,-0.0028050772004121227,0.14265810118738892,0.12167432890410185,0.7803778501611861,0.4621822378336525,4.022169886088761,25.916154493713208,7.01584081820431,0.17257276147157707,0.13593797639145744,-0.034747277943067534,-0.16255143120415264,98878673.0,-6339602.850000001,-0.21904991124883422,0.05916497062551351
2022-11-24,0.06586825052602463,-0.0020881719873687746,0.13735377619628045,0.13067147043807745,0.7181961405444929,0.46060537037983745,8.507956197470392,25.916154493713208,7.01584081820431,0.19047244536355,0.09616801917482776,-0.02763202610849358,-0.15024218401324146,104197298.0,-4202102.100000001,-0.2300496841072195,0.05916497062551351
2022-11-25,0.06762875063653737,-0.0017473837906721416,0.1266330228861293,0.13540774479260864,0.7363211667880895,0.44956842787048584,7.3301380989001075,25.916154493713208,7.01584081820431,0.13050718625125657,0.18174595736036925,-0.03526508712029219,-0.13449157535218229,111315979.0,-5911568.15,-0.2681062719883538,0.05916497062551351
2022-11-28,0.06632438415179595,-0.00114527116628804,0.07602721667330424,0.09580823690739339,0.7763060908997643,0.47867136129202653,-9.98385177235778,25.916154493713208,7.01584081820431,0.12343730594150104,0.10861388142233697,-0.03691534065721025,-0.054974093227664986,90592170.0,-6347147.7,-0.2158048115079365,0.05916497062551351
2022-11-29,0.06250367455053471,-0.0002781178726546027,0.07904509277691628,0.11043034414493993,0.7827673606846257,0.47801018252740957,-13.413184080673119,25.916154493713208,7.01584081820431,0.11149720209915714,0.13243641886888002,-0.03850197213215156,-0.06075692220501875,93744796.0,-6589374.199999999,-0.21160773013436907,0.05916497062551351
2022-11-30,0.05922312637178542,0.0001180933039737824,0.07438476542762328,0.11698280883044405,0.8542644471180642,0.4783010624346168,-6.929058908781542,42.22999202350143,5.738120074691665,0.21403760118178794,0.026468769699312666,-0.036670445264130214,-0.10684837485736078,99772691.0,-4299312.95,-0.20828029531568226,0.05916497062551351
2022-12-01,0.05893143636445013,0.00047749065600515906,0.07947154759225744,0.13582802269601488,0.9131327106586434,0.4556663814156426,-0.37075036680914764,42.22999202350143,5.738120074691665,0.22323738217288502,0.07493955587148515,-0.04556946841712339,-0.12863981993704268,132507151.0,-5578185.95,-0.2519970729922556,0.05916497062551351
2022-12-02,0.05723656945160115,0.0014964586067219335,0.05387032659106362,0.12119024595456375,0.8640182948131143,0.4600107917252492,-3.472948461385144,42.22999202350143,5.738120074691665,0.15553072316317573,0.13373616415089495,-0.048591053793754835,-0.1526818000230811,133696233.0,-5987375.25,-0.24241698356139774,0.05916497062551351
2022-12-05,0.05760831772434694,0.002405716816624157,0.03541358461024576,0.11251656386080343,0.8254615986184476,0.46447929003350974,-25.52468645612921,42.22999202350143,5.738120074691665,0.11728865262499322,0.13655738425431796,-0.045657689847319105,-0.07011137242282382,121589201.0,-4095589.4499999997,-0.21067355282978262,0.05916497062551351
2022-12-06,0.05517087082657575,0.0020065838191315175,0.0037272589414464167,0.08772638696162549,0.8279051159157602,0.47774338612938344,-32.44230764888162,42.22999202350143,5.738120074691665,0.06796389856137464,0.13003107376174028,-0.04040818338189722,0.0010837118004855034,100061055.0,-4705635.55,-0.15297222490425155,0.05916497062551351
2022-12-07,0.05053991788292005,0.0011717517058511357,-0.00860936261362318,0.08152218510608426,0.7536402329865107,0.4614694128564466,-27.98689657042602,42.22999202350143,5.738120074691665,0.10245293450112025,0.036635827494847506,-0.03637334852661955,0.03205843309664344,79834569.0,-6399515.050000001,-0.10308474576271187,0.05916497062551351
2022-12-08,0.044445630914062825,0.000485697840089067,-0.022443424765925396,0.07378722661590183,0.6949410746866582,0.4514457795892016,-15.125563760086273,42.22999202350143,5.738120074691665,0.027027120848924335,0.13002791188061935,-0.03995366945550849,0.01718122154078506,83207311.0,-9645135.75,-0.13545646159926228,0.05916497062551351
2022-12-09,0.03637725073669259,-0.00018655899680705546,-0.005832695057335037,0.09635325747442233,0.7269966250679378,0.3571643007644518,5.273136653637721,42.22999202350143,5.738120074691665,-0.012298044943003683,0.10289844186536845,-0.029902588070768066,0.04108713252341076,36586696.0,-5939766.4,-0.04012414098869432,0.05916497062551351
2022-12-12,0.028690916777470356,-0.0007067257160186152,-0.022281609263627166,0.08142984782906715,0.7272721882999952,0.3625585671864486,-3.204694909072167,42.22999202350143,5.738120074691665,0.018753289416868046,0.04866251249639819,-0.012956361592862842,0.13675115432534354,20617166.0,-4252501.9,-0.016752047264704806,-0.1353612024261961
2022-12-13,0.01926610329497843,-0.00031954825478015814,-0.028636232748692456,0.07327799929183708,0.7659891769517737,0.2306972831682594,-2.300458835475226,42.22999202350143,5.738120074691665,0.003885249628244214,-0.021593699422556734,-0.00676615086930743,0.030009551335942453,-17711663.0,-2597742.65,-0.007662835249042099,-0.1353612024261961
2022-12-14,0.012418461764577908,0.0004079433243901027,-0.009431607113364864,0.09359876310464996,0.7925299853366394,0.2351896169565357,-8.006339789660096,42.22999202350143,5.738120074691665,0.03212773391592272,-0.04547490714656033,-0.015380180623378203,-0.027800164335743498,-22361617.0,-240108.34999999986,0.006654869979996869,-0.1353612024261961
2022-12-15,0.0055217794336458,0.001091851805243518,-0.003551434978482802,0.09938238352001716,0.799212550954999,0.23582567689831857,1.487089949529306,42.22999202350143,5.738120074691665,-0.02121664649146293,0.017641114975377348,-0.017744457442125938,0.05258304135745979,-17356867.0,826305.75,-0.018456503539082125,-0.1353612024261961
2022-12-16,-2.378219110983962e-06,0.001251454107877305,-0.021912243142810997,0.07727024602876195,0.9117351693090527,0.2452494790050766,7.649656535310157,42.22999202350143,5.738120074691665,-0.03227935474093191,0.004992280822753159,-0.006929900249200482,0.04410444697260907,-32214033.0,-1073340.5500000003,0.02357884907202057,-0.1353612024261961
2022-12-19,-0.004408773543354743,0.0016757332664316144,-0.029973985917719107,0.06640422551779404,0.9239338991128393,0.24491549073730617,-2.271707741406317,42.22999202350143,5.738120074691665,-0.028391178993084076,0.0018044985827089244,-0.01094457265496196,0.0347294360935986,-30084187.0,-1457315.85,0.01933351270323258,-0.1353612024261961
2022-12-20,-0.006716548761208099,0.0020219571061778517,-0.045643022710939944,0.045290833121158364,0.919767841735737,0.24103649676461045,-8.704248733282952,42.22999202350143,5.738120074691665,-0.06281881714692827,-4.567897253460185e-05,-0.011091859197713938,-0.009087992278603553,-38959618.0,-755899.7000000002,0.024930747922437657,-0.1353612024261961
2022-12-21,-0.0091802448768818,0.0023874001370602824,-0.03949014909178097,0.04817651612693843,0.9489277697713202,0.2414295906972942,-18.16290866275891,42.22999202350143,5.738120074691665,-0.05093271145560185,-0.01077046343392507,-0.012318681337547766,-0.07353553189418777,-34211599.0,-2055085.6500000001,0.028892826874181265,-0.1353612024261961
2022-12-22,-0.011612044635894344,0.003160820804079995,-0.018071510530665923,0.0674084351944053,0.9065864486523787,0.25170996452841754,-2.0501731122937628,42.22999202350143,5.738120074691665,-0.09082975676533855,0.03980939016281437,-0.012892647271992574,0.010393646620260384,-40969586.0,-1666301.7,0.048914558852818146,-0.1353612024261961
2022-12-23,-0.014424868354326624,0.003667899448861998,-0.041309173379012486,0.03687192749666962,0.7874579321985847,0.2657060302403836,0.18095574323699282,42.22999202350143,5.738120074691665,-0.07842924459069955,-0.002656800249598801,-0.0055963618896776035,-0.04101087050248237,-50733022.0,-1512915.9,0.13202386872202876,-0.1353612024261961
2022-12-26,-0.01532859230830956,0.004535023745379964,-0.035990627934472434,0.03883357154372907,0.7462822917300206,0.23989908258454082,11.191671916886271,42.22999202350143,5.738120074691665,-0.05349078218270531,0.00901159392924722,-0.005929780139806384,-0.03804932605505758,-39692265.0,-1754541.5499999998,0.08021348092508407,-0.1353612024261961
2022-12-27,-0.015015011067700444,0.005630562646424869,-0.032153988656183685,0.03830202640089466,0.6398797447997983,0.23307561485394912,3.467036228982302,42.22999202350143,5.738120074691665,-0.06757904894623645,0.011378797925255202,-0.009259463170991578,-0.0015449713043799395,-39941766.0,-101475.69999999995,0.0795359739382624,-0.1353612024261961
2022-12-28,-0.015691420540157725,0.00604217678427614,-0.041186017253812615,0.02372201587502253,0.6421531723710256,0.2333135639443127,5.998826223055296,42.22999202350143,5.738120074691665,-0.1320763728262171,0.05778233347371875,-0.007235178940444453,0.017393075520286704,-63837193.0,-2043937.5500000003,0.09405522730013272,-0.1353612024261961
2022-12-29,-0.018301553779245333,0.004933851997087815,-0.046785206164041256,0.01223691467743485,0.7299652796472753,0.2207033654514889,-9.273876790364703,42.22999202350143,5.738120074691665,-0.09617784600712509,-0.00398806574570576,-0.0016245122249285426,-0.01838241248072743,-82072435.0,-3069776.45,0.13214853462682918,-0.1353612024261961
2022-12-30,-0.018487637480176962,0.004078548828140439,-0.03720508689202225,0.017907740475830245,0.7148805468100295,0.22230376614528555,-6.2632412422604204,42.22999202350143,5.738120074691665,-0.08628984990660293,0.0021917497137806663,0.003017556602258109,-0.013744763792185935,-76629642.0,-650405.4999999995,0.08683451246986285,-0.1353612024261961
2023-01-03,-0.01979102767325144,0.0033367251679706574,-0.024067054252895025,0.027440459316549395,0.7795759435491275,0.22768339530724555,0.2361531860398003,38.07557092984643,1.7639182929544859,-0.08657988508837189,0.018292739541057257,0.005963072086697885,0.03716114996342148,-71719921.0,-835664.5499999998,0.06839071506465189,-0.1353612024261961
2023-01-04,-0.01969466981436447,0.0036309454776725448,-0.028912363183257763,0.01756739398497613,0.8834200240294041,0.2170717648143888,0.7615481522821881,38.07557092984643,1.7639182929544859,-0.03892608918507079,-0.015284464253837005,0.00285637364487612,-0.002786389068909475,-67050686.0,-1771832.5,0.03989664868151066,-0.1353612024261961
2023-01-05,-0.017387844284236627,0.005096198986151904,-0.007992195313811094,0.03546941406680166,0.8332960828089012,0.23094479071374804,1.4827286331461451,38.07557092984643,1.7639182929544859,-0.05788084932900028,0.028700127690363897,0.0017791170239846998,0.018109250972461858,-55022674.0,2106250.9000000004,0.005971503080237417,-0.1353612024261961
2023-01-06,-0.013275535253239181,0.0074488453317202935,-0.006885457605017958,0.0329127338795496,0.8266023189457837,0.2298889059205229,1.110577023563188,38.07557092984643,1.7639182929544859,-0.03957762096289996,0.01760354411945475,-0.00045696182270738017,-0.039654617021404874,-47323195.0,3831237.55,0.015847015351796223,-0.1353612024261961
2023-01-09,-0.008671911119578836,0.010144967042421491,0.04159534721556112,0.08070551728948816,0.9903269817321821,0.28116698710949695,27.70162455882391,38.07557092984643,1.7639182929544859,-0.012594548840237363,0.017306213963778183,0.0032334703596463843,0.00047812916800910667,-18760197.0,8401467.25,-0.017013086989992265,-0.1353612024261961
2023-01-10,-0.003648780943962119,0.012926680616951292,0.0508617264752421,0.08822000441241491,1.1053177078823055,0.27829812185145997,30.9900212400588,38.07557092984643,1.7639182929544859,-0.02084042684398779,0.049887658546708624,-0.0075488094055190524,-0.05329254168375224,-3577117.0,10585773.049999999,-0.0549914432401597,0.0388984866356783
2023-01-11,0.0008198232204148645,0.014016361751282343,0.04584326119406445,0.081638895322197,1.1468181760860308,0.27688397929290426,24.262375558220597,38.07557092984643,1.7639182929544859,-0.0234517872175507,0.056938214048487645,-0.00806389443782829,-0.02656295624769094,5085113.0,10689578.35,-0.06151109092285567,0.0388984866356783
2023-01-12,0.0032584993815269266,0.015111740663524699,0.049169652712262,0.08234796041344472,1.14833127186674,0.26948240535385437,3.8057247336901767,38.07557092984643,1.7639182929544859,0.00445757262543367,0.013857475000227382,-0.00542467132189961,-0.12621809712128132,5523523.0,10474874.049999999,-0.05678474530933553,0.0388984866356783
2023-01-13,0.006489632359132684,0.016539287726830224,0.07602071733763971,0.10807730703296023,1.450067477285807,0.2854201169837397,12.154862081443014,38.07557092984643,1.7639182929544859,0.052321891252608,-0.011739441356410252,-0.005209242853754348,-0.13954794880265192,52336661.0,17273600.55,-0.1463963090761059,0.0388984866356783
2023-01-16,0.009925124463853354,0.01823153325194261,0.08281970251824539,0.11431280429629923,1.3940694755409193,0.2744564890027323,14.854757465782697,38.07557092984643,1.7639182929544859,0.06242548020063232,0.009761245036747246,-0.017224887550931545,-0.13084663283085132,83074449.0,13529164.55,-0.20321587410195008,0.0388984866356783
2023-01-17,0.012373388826260701,0.019174905833940173,0.07432707807823354,0.10509509508430105,1.3408891546300121,0.2715953750496961,15.957209294218224,38.07557092984643,1.7639182929544859,0.07985809407751532,-0.0016159094449270661,-0.01435774074877827,-0.07631381121801308,92150458.0,11576466.9,-0.22111613876319758,0.0388984866356783
2023-01-30,0.019886105998418523,0.022626446249867538,0.1492671041915102,0.1854174745400298,1.7947260324466656,0.36874745022672906,10.434374471798321,38.07557092984643,1.7639182929544859,0.10955476018203103,0.07733032714400423,-0.017206018646302113,-0.04513345852889977,181116255.0,23446535.05,-0.2722597597597598,0.0388984866356783
2023-01-31,0.025717028397086308,0.024583431129463672,0.09750326112742087,0.13346271683774588,2.0046401678682226,0.4054051867942111,-1.3364300169318,45.100001281914516,4.153207875550208,0.10490448927018337,0.032350398850993,-0.02047264673792437,-0.0694997534736564,168317749.0,20377292.150000002,-0.2298562228545754,0.0388984866356783
2023-02-01,0.030236176858468262,0.02603706975913082,0.10710756695021056,0.14475616523076557,1.6937306064006044,0.40388663002089553,1.5875904804652947,45.100001281914516,4.153207875550208,0.21321338946005008,-0.08073464367782157,-0.021121962877360234,-0.1343731450782826,173870972.0,11898532.6,-0.22549652527247177,0.0388984866356783
2023-02-02,0.03559367153147971,0.027577158047189087,0.11807048757918823,0.15956500890736677,1.6994683468716134,0.38480747785460656,-9.235597819620992,45.100001281914516,4.153207875550208,0.23914513565095974,-0.0523319504026627,-0.039264763632408495,-0.08798755647497306,208627698.0,10629697.9,-0.2987773629109013,0.0388984866356783
2023-02-03,0.04068774321444568,0.02877662561425826,0.11236544790507338,0.15747060622483572,1.6675810347581428,0.3847319532832613,3.8976579949991788,45.100001281914516,4.153207875550208,0.2155875666213818,-0.028292878587698356,-0.039098937812820145,-0.1019108292457068,225271753.0,11621516.549999999,-0.3197921241399502,0.0388984866356783
2023-02-06,0.038573483814539684,0.027234151112853437,0.07193802889074002,0.11786100971230788,1.125044899742989,0.40762919609174403,-6.909098902547385,45.100001281914516,4.153207875550208,0.21668001995345754,-0.065695235479869,-0.024519044707608906,-0.04280997452662087,214863011.0,-6092363.350000001,-0.29223861921760574,0.0388984866356783
2023-02-07,0.039264142730091635,0.026440650789245096,0.0580618051656203,0.10638061296915433,0.8751058900067966,0.40350966907520036,-9.132478170811154,45.100001281914516,4.153207875550208,0.2733493573557677,-0.11370407086338608,-0.023559547303856343,-0.07279503863790761,228045176.0,-4692570.600000001,-0.27664499063154413,0.0388984866356783
2023-02-08,0.042352098733252685,0.026714689602567104,0.08216449974994317,0.13600730577058548,0.868458019137158,0.40620317960035796,-12.480043844704923,45.100001281914516,4.153207875550208,0.20540047798573746,0.005361995874095804,-0.02280984824511889,-0.020190210484673943,253824108.0,-3873976.4000000004,-0.3422142214221422,0.0388984866356783
2023-02-09,0.04265233534497217,0.026470196695081265,0.07233298164460851,0.129662617230203,0.7431264970068395,0.40747689646629004,-3.578316928570729,45.100001281914516,4.153207875550208,0.20832822720443267,-0.0043146806505056645,-0.02081477591088665,0.036199394942038464,261206605.0,-7026436.45,-0.3265692050330933,0.0388984866356783
2023-02-10,0.04294512049870191,0.026431663754338232,0.07246518691976661,0.13390612133214636,0.7135596488672047,0.4074760681751462,-0.35285185170592115,45.100001281914516,4.153207875550208,0.20398318829799322,-0.0008926873602999041,-0.023343027334849276,0.03331994934850798,276164728.0,-8051302.0,-0.3205016039661709,-0.18433564969460914
2023-02-13,0.04493582677998561,0.02657081829013161,0.055095108153316245,0.11998045672145388,0.6681854338035418,0.4072601940000326,-1.604779451971865,45.100001281914516,4.153207875550208,0.189868733056215,0.01369088726517309,-0.015317944758246438,0.028077546724980303,277519133.0,-6469099.050000001,-0.30806050862320955,-0.18433564969460914
2023-02-14,0.046075277183957694,0.026453228474744836,0.05400569366328663,0.1232081601451003,0.6613169998501962,0.40544229207510674,-2.7255640938851826,45.100001281914516,4.153207875550208,0.2394699500516584,-0.05081127986052225,-0.015250274249736906,-0.03554853486791294,278052196.0,-4546088.6000000015,-0.2796333170530112,-0.18433564969460914
2023-02-15,0.042885772215747,0.024961322630560924,0.008839136207529016,0.07755396245547978,0.7598050306952261,0.4359992969946134,-14.355324464059798,45.100001281914516,4.153207875550208,0.18852469644266545,-0.04348677554043512,-0.012222839464995472,-0.06330286954290541,266003231.0,-9399259.15,-0.3191210109873627,-0.18433564969460914
2023-02-16,0.03807773534056087,0.022340854512162785,0.010043087789846443,0.08042134248475782,0.8318514563287143,0.4068930834630562,-10.430708743331735,45.100001281914516,4.153207875550208,0.137150829155811,-0.03943777051066588,-0.008491091696276154,0.041193477621881025,239115311.0,-8910566.950000001,-0.2893726995066176,-0.18433564969460914
2023-02-17,0.03182957596882722,0.019386527451831028,-0.012110292163390561,0.057234775189172846,0.8347284223996555,0.4149580686104034,-26.585893415973565,45.100001281914516,4.153207875550208,0.10457543078467291,-0.03873184696790988,-0.0068609951586207085,0.03494625736619,216129163.0,-12406653.950000001,-0.25079480059559744,-0.18433564969460914
2023-02-20,0.025792287937842755,0.015683153738091565,-0.017063496257780378,0.0537691481773412,0.8220400704179512,0.414734461597994,-9.006029054465003,45.100001281914516,4.153207875550208,0.09091733929472512,-0.023837741161014225,-0.0019485508616586822,0.03781656185700035,213920579.0,-12471905.75,-0.2439801556891058,-0.18433564969460914
2023-02-21,0.020064778234321748,0.012226135546259445,-0.02170829315425979,0.05059630866001471,0.7869339958224542,0.415184366731343,-15.461625687232846,45.100001281914516,4.153207875550208,0.04180098274120492,0.018836206724057725,-0.002316393014723306,0.17327180735991252,205973385.0,-13963381.25,-0.23619495199124907,-0.18433564969460914
2023-02-22,0.014219840654954097,0.008924324975791806,-0.03940886752422449,0.031404897128695264,0.6395472715209208,0.41080681921236795,-7.205838134030536,45.100001281914516,4.153207875550208,0.032752987991198745,-0.018752822117830137,0.005243125230198986,0.13207551008110438,153070951.0,-10349569.95,-0.1291274923922423,-0.18433564969460914
2023-02-23,0.010903878644779366,0.007013323579699987,-0.019774879653401908,0.05257664122264556,0.6219446647134623,0.41626414450028343,-9.111317898888728,45.100001281914516,4.153207875550208,0.06718064755769149,-0.041438204654595134,0.006473040692597909,0.06611524998954427,139228555.0,-9255891.95,-0.10056772100567724,-0.18433564969460914
2023-02-24,0.00858207182699618,0.005505778575738432,-0.033752407364251176,0.03723718313211268,0.6842758124603016,0.4193241889681012,-0.6030027318354172,45.100001281914516,4.153207875550208,0.04546074338589423,-0.029555936622607692,-0.00151668456790921,0.08651507963767455,133863817.0,-6962270.25,-0.06579202168861353,-0.18433564969460914
2023-03-01,0.003469759727715089,0.0052966607447210295,-0.010989071358692705,0.05835448670311476,0.8945367700566164,0.31239103710337207,16.88297543074598,42.26228980510256,5.151249622903492,0.031095144065361513,-0.06976915479961365,0.012883365658319601,0.03021049174462898,60083755.0,-1269204.75,-0.01568061071852267,-0.18433564969460914
2023-03-02,0.0003791991399418665,0.00522405221432861,-0.016393457721044332,0.051212916869334366,0.9999112093139689,0.28112091920293225,-0.2593433295491323,42.26228980510256,5.151249622903492,0.021284014350046787,-0.027031092990811967,0.015474336606131178,-0.019813865067443374,73149222.0,-1429114.1,-0.0847391705965288,-0.18433564969460914
2023-03-03,-0.0016104593475455612,0.0051539869676053476,-0.02078004135195287,0.04433130252127864,1.008816310318582,0.27565153782781454,-5.148861839396851,42.26228980510256,5.151249622903492,-0.014683690825902374,-0.011731587124388487,0.018997017001004757,-0.07628516940246897,59207758.0,-1140945.2999999998,-0.014366266241725878,-0.18433564969460914
2023-03-06,-0.004636202296062267,0.004879291515072856,-0.009505692702085004,0.05353223512206169,1.0222613754691057,0.2686277724743531,-12.558039489388499,42.26228980510256,5.151249622903492,-0.04686743942428373,0.011682114029287649,0.032695595744661965,-0.07001146601421394,39197151.0,-905055.55,0.04082271873042398,-0.18433564969460914
2023-03-07,-0.007090877763866041,0.005364296587265709,-0.002094868875223497,0.05794953139986472,0.9129840170938452,0.2692693490539104,2.457137018258706,42.26228980510256,5.151249622903492,-0.03883384479310292,0.0056233754979049255,0.03493218430580591,-0.024110785998994973,25227464.0,-103539.59999999986,0.045302916173463936,-0.18433564969460914
2023-03-08,-0.005589258020339196,0.005458766898906448,-0.0073354131285311855,0.050592110899034974,0.813436491311951,0.24896883806189168,-0.2897663143225415,42.26228980510256,5.151249622903492,0.00384518222068575,-0.013350847470049443,0.02537893102087252,-0.04726291121944975,29942498.0,-2874589.0999999996,0.008527454242928556,-0.18433564969460914
2023-03-09,-0.00540132689130616,0.005621672956058072,-0.005335409729738041,0.05137873389014952,0.8530374710586618,0.2482684987727238,10.930847059575129,42.26228980510256,5.151249622903492,-0.046073314631370765,0.0441613258309943,0.02421802382527849,0.11624005676649146,32446595.0,-3053166.95,-0.00721214891563815,-0.18433564969460914
2023-03-10,-0.006642015598316222,0.0054323023197440515,-0.01996371718636307,0.032649992273471304,0.8766475973844899,0.22350056908590749,-0.39963627581781225,42.26228980510256,5.151249622903492,-0.043100753763624766,-0.006899420220974117,0.026203009773072772,0.20893044166240732,4710687.0,-2317719.55,0.06135741652983029,-0.10887613491741888
2023-03-13,-0.007129301092215568,0.005443358979745878,-0.011967499687396285,0.037772502777663045,0.8689904406892157,0.22531319156205018,11.90473584990059,42.26228980510256,5.151249622903492,-0.04507427424577515,0.0006296084875880847,0.026203718788566643,0.27472422816717273,-723294.0,-1914030.5,0.033912949562587835,-0.10887613491741888
2023-03-14,-0.008760254463689783,0.004679404267243805,-0.020172926088879668,0.024887835221699364,0.848960790880151,0.2234463682248781,-2.554100110894808,42.26228980510256,5.151249622903492,-0.00033209904270181667,-0.06388812207340755,0.015065148831741926,0.13191344331960053,-19282999.0,-2181008.25,0.040343347639484994,-0.10887613491741888
2023-03-15,-0.01114605967786664,0.004638281579955057,-0.015414146285849752,0.025669930949712767,0.8383848634455344,0.22361018226488524,6.407021660771257,42.26228980510256,5.151249622903492,-0.026143869138353648,-0.029308949104072335,0.006567096605028411,0.229857172033078,-19777270.0,-1548232.5,0.03881290595131226,-0.10887613491741888
2023-03-16,-0.014602518886071125,0.0046545599278849615,-0.01818555798924788,0.017903564010606908,0.8413448388035232,0.2206482122876754,1.9570922467088678,42.26228980510256,5.151249622903492,-0.007547279894661418,-0.060834041425853025,0.009927238624277912,0.0713703038356538,-32574100.0,-2018912.7999999998,0.029623448419735077,-0.10887613491741888
2023-03-17,-0.01246206387709183,0.005814267837432492,0.007497684999836777,0.042295936564783344,0.9622285580260932,0.20671353634367617,6.630964908267742,42.26228980510256,5.151249622903492,-0.015815174173258062,0.00782011433665819,0.009927719412851976,0.16897697664367403,-18339491.0,207841.3500000001,0.059371041471608654,-0.10887613491741888
2023-03-20,-0.011459564051083478,0.00613451698570851,-0.002896049194202412,0.028986687557543713,0.9184945484107884,0.20911974302063396,6.012006665025822,42.26228980510256,5.151249622903492,0.01946490975936821,-0.04452157866990458,0.01042835404474407,0.09665551834395573,-22769054.0,-225500.69999999995,0.08122107119241795,-0.10887613491741888
2023-03-21,-0.007963297459638901,0.006923981381927879,0.006666099374658596,0.037393212652073654,0.9190784471281633,0.2014818800332855,-2.238832144381803,42.26228980510256,5.151249622903492,0.03693432219702908,-0.033464826230222844,0.008362815496979037,-0.03211937271280286,-11092921.0,592465.8500000001,0.04490519417736483,-0.10887613491741888
2023-03-22,-0.0032769049679456153,0.007964339260564954,0.03592587659868643,0.06711707100281776,1.032795722163726,0.2287228412067816,8.930686966631193,42.26228980510256,5.151249622903492,0.02855740281629915,0.007968080225304375,0.003516248725144777,0.0026349658563204425,20921003.0,5317727.649999999,-0.0199530516431925,-0.10887613491741888
2023-03-23,0.0027230902123219253,0.008880790125319032,0.04313185509837095,0.07487407924750497,1.0434210556968133,0.22973561178044416,12.986179313273105,42.26228980510256,5.151249622903492,0.09224917824123757,-0.04397273118783285,-0.00047752027152703214,0.018996353382544195,33235930.0,7835497.5,-0.06189996287063071,-0.10887613491741888
2023-03-24,0.006507483132424227,0.009179434149260502,0.04156451442391015,0.07468646587354955,0.9601999335177166,0.2174475073773063,15.559085429455664,42.26228980510256,5.151249622903492,0.07912837677063567,-0.01026005094029614,-0.01136644480536353,-0.018997346473615,43896615.0,7556368.050000001,-0.07061645978929798,-0.10887613491741888
2023-03-27,0.009334408261122203,0.010062835392912327,0.024542197557294025,0.05653978673927589,1.0126595574551247,0.215395897328475,-4.767316299215707,42.26228980510256,5.151249622903492,0.03170827776718599,-0.0010657124040811539,-0.005063139346672574,-0.06930512481844897,37798224.0,7929080.2,-0.04508566275924253,-0.10887613491741888
2023-03-28,0.01078944225130753,0.010506778731938442,0.011331161679861333,0.04249219871573775,1.0563212014551928,0.21347080491877338,-11.57344933654376,42.26228980510256,5.151249622903492,0.04162021445140174,-0.008664720886448984,-0.003962646880578347,-0.09429002067737559,35186208.0,7227436.0,-0.06431051458775972,-0.10887613491741888
2023-03-29,0.009994941079400955,0.010758363223810375,0.01990134402541063,0.04981652603195989,0.8849816887301152,0.2026700854645068,-7.647245558093481,42.26228980510256,5.151249622903492,0.06809594055709556,-0.047276930958729535,-0.009815385046266667,-0.1299599190335019,32287940.0,2393973.4,-0.056804485667871885,-0.10887613491741888
2023-03-30,0.009390834284808951,0.011256952700477222,0.027664739676916978,0.056982200339903644,0.8131005463445283,0.20302361595120627,8.753101426700617,42.26228980510256,5.151249622903492,0.07511448782880348,-0.038708907131654646,-0.0014626208167858312,-0.1333864711377155,37647346.0,1228262.9000000001,-0.07149686603633276,-0.10887613491741888
2023-03-31,0.007914698586556468,0.01144786615264843,0.02188206483638133,0.050694980054627185,0.8270095236084556,0.20213085221382718,7.93631746241158,42.686379744257565,7.744345208059883,0.06687492608279477,-0.028340537523555698,-0.008153204198030561,-0.14837413752529954,46115374.0,-42574.30000000028,-0.1565515869067754,-0.10887613491741888
2023-04-06,0.007518315085099362,0.011918703450503715,0.014981966925137844,0.0421294253209464,0.9024804645201673,0.20168319497295772,8.149178962120473,42.686379744257565,7.744345208059883,0.02577312065271342,-0.0029948242720145846,0.001383672971629002,-0.1616357404465557,47558816.0,628979.6000000001,-0.1674189988965794,-0.10887613491741888
2023-04-07,0.00683871374495367,0.012422376185037068,0.01594159095326219,0.04146897135406257,0.8569261823574666,0.20099046139082558,-0.5276761189734316,42.686379744257565,7.744345208059883,0.0369124231338005,-0.018071137704376516,-0.0021128369332055197,-0.15935674301398578,48316504.0,1368067.5999999996,-0.14293802758904672,-0.10887613491741888
2023-04-10,0.006831074316628369,0.01237503934502806,0.011070177765017935,0.03502710661663522,0.7982531921341167,0.2002388528749382,3.3568326487637705,42.686379744257565,7.744345208059883,0.028138476534639745,-0.007290079465380517,-0.010847373246601566,-0.13303782461243718,54363191.0,319426.4500000002,-0.14513301711693127,0.017133839345602198
2023-04-11,0.005475693107549456,0.012242866211641982,0.001053792543561319,0.022728797848011236,0.8290012169905319,0.20366601817680494,-10.064930041321006,42.686379744257565,7.744345208059883,0.043355992574715785,-0.03409345199605829,-0.00659403733796593,-0.12003867966482755,51668342.0,-1210055.1,-0.12124622704251287,0.017133839345602198
2023-04-12,0.0045051456226771905,0.012507509664496309,-0.007513245593324798,0.012405539187199674,0.8318886403120358,0.19522178632992032,-8.470740857997505,42.686379744257565,7.744345208059883,0.04397851210424619,-0.024849170350940808,-0.010839252215890105,-0.1087768361537525,52837741.0,-3379598.8499999996,-0.0962817802073127,0.017133839345602198
2023-04-13,0.0030611787813504474,0.01203220425253467,-0.026300061490135793,-0.009118854309929378,0.825019155703464,0.20693935185738385,-20.179164184334546,42.686379744257565,7.744345208059883,0.052445308575250316,-0.05872583314772739,-0.012397484965307348,-0.15173468809502824,41853306.0,-5183962.5,-0.07291340227723808,0.017133839345602198
2023-04-14,0.0029554390735265536,0.011625400250420526,-0.015666350367839532,0.00041878968302022337,0.9193778018464597,0.20651679964525785,-17.77778542566935,42.686379744257565,7.744345208059883,0.020032241178811194,-0.002793533153830241,-0.00013133180407232103,-0.17340565809233677,49916594.0,-5320969.9,-0.09890676567656764,0.017133839345602198
2023-04-17,0.003042806709669454,0.011546941762582308,-0.00914635175917286,0.005804008550796309,1.0075953733387266,0.20791670390550593,-20.398251847009867,42.686379744257565,7.744345208059883,0.02998936729283508,-0.006871380860323795,0.0041805460985493426,-0.16053781214165647,53747088.0,-5347671.0,-0.1327267181781212,0.017133839345602198
2023-04-18,0.0035372550306305302,0.010983182679146533,-0.01960781787890164,-0.005757147787819637,0.9509225875093541,0.20978773670747206,-13.387286781109616,42.686379744257565,7.744345208059883,-0.006568636992457244,0.026370666467581017,-0.0017529858567476575,-0.15356954658499877,57370667.0,-5375686.15,-0.13286394488906894,0.017133839345602198
2023-04-19,0.0018390473946613146,0.010228036615949825,-0.028386420063450515,-0.01711681160318801,0.9525185707368103,0.19141168176801465,-3.1746324014572878,42.686379744257565,7.744345208059883,-0.012044720476436566,-0.003399272150637178,-0.003178477360248344,-0.15290004993501766,41484418.0,-5054018.699999999,-0.09373537821679234,0.017133839345602198
2023-04-20,0.0022427741246658917,0.009257271611324822,-0.02276399689854527,-0.012432185241615613,0.8571139418758172,0.18826642842122152,4.516064442367863,42.686379744257565,7.744345208059883,-0.02196992095534578,0.02392305062631428,-0.0026291609173560992,-0.10019913511405046,42804828.0,-3313890.4,-0.11237386606869837,0.017133839345602198
2023-04-21,0.0008345580513255059,0.008015531181109073,-0.026017335431960224,-0.017153253191608278,0.9109057082541894,0.18524743786143988,1.515128271819691,42.686379744257565,7.744345208059883,-0.030623459429593103,0.019017953756011896,0.0017471628298986186,-0.11041559413191443,40096062.0,-3931089.7,-0.11823369146147122,0.017133839345602198
2023-04-24,-0.0027629579968271624,0.006455371236577093,-0.03124099111443666,-0.025630943318698748,0.994940307313163,0.1445519986451609,-8.333335997242457,42.686379744257565,7.744345208059883,-0.0272341041804397,-0.021546380675387833,0.004753900587039617,-0.09110480565125346,6621484.0,-3392417.2,-0.0731083287969515,0.017133839345602198
2023-04-25,-0.007519506665390782,0.005000044401196568,-0.04478763145749275,-0.04336013663251608,1.1899714018903382,0.14714093840300974,-17.777912977040387,42.686379744257565,7.744345208059883,-0.08444853743361014,0.010099254028782645,0.007314666203624087,0.020091909198838187,-21410394.0,-5188398.5,-0.038674657921519806,0.017133839345602198
2023-04-26,-0.011287870690880353,0.003071331166060521,-0.05294091217097662,-0.05567073127646136,1.2630660220849395,0.14902298411398032,-12.280663075050725,42.686379744257565,7.744345208059883,-0.06352242969535182,-0.024603930058841428,0.018438525884957313,0.032583385517847036,-38067082.0,-4255747.1,-0.03905723905723901,0.017133839345602198
2023-04-27,-0.014953802079429942,0.0016763817391261264,-0.04563903560186001,-0.051561223686493816,1.340614749327606,0.14681971521421655,-2.777622430261289,42.686379744257565,7.744345208059883,-0.04604712270703004,-0.024574162112715237,0.01013490901642955,-0.05739742738395862,-44039095.0,-5347838.45,-0.032327945342442876,0.017133839345602198
2023-04-28,-0.016582463084776285,0.0008443690776956971,-0.027037432429151922,-0.035278165465392405,1.3148081941281826,0.1612220692641804,9.534654559729148,42.686379744257565,7.744345208059883,-0.020377673031862886,-0.02343159813915141,0.015376468807992039,-0.1163376896156007,-42845883.0,-5459348.449999999,-0.04303278688524592,0.017133839345602198
2023-05-02,-0.016910266583402403,-0.0012121949012904175,-0.026238940208129006,-0.035993278034246075,1.3061094104698905,0.155195583736045,12.518906580425707,42.69656718454893,7.345652449111753,-0.05075844508028948,-0.003958483398652679,0.012647899663088547,-0.0005901652186811169,-49517421.0,-4743539.55,-0.041724540252236264,0.017133839345602198
2023-05-03,-0.016879232402713967,-0.0024061294297427686,-0.03228937563610835,-0.04490374067649932,1.0843495740317084,0.150176154651232,10.876320725165272,42.69656718454893,7.345652449111753,-0.07820123425608927,0.005304219358493678,0.007825404475593878,0.03286121401615247,-59109320.0,-1473689.0,-0.013901601830663579,0.017133839345602198
2023-05-04,-0.015752174491270463,-0.003153929880767601,-0.025058811502821215,-0.04015489144211232,0.9327937338465488,0.15268569771886134,8.719341703452159,42.69656718454893,7.345652449111753,-0.08952112285671554,0.02385498324142299,0.009712698064479275,0.1270055077152806,-64451982.0,208813.5,0.012208787968150947,0.017133839345602198
2023-05-05,-0.015084110270431718,-0.004061672866638928,-0.018260421044406634,-0.035150375153829544,0.7476537339330361,0.15459976592522046,2.8691280370356154,42.69656718454893,7.345652449111753,-0.020860962154575113,-0.035742945644199664,0.0028518923881359903,-0.03239421835825388,-66663317.0,1815241.85,0.03168674698795182,0.017133839345602198
2023-05-08,-0.015505375793287805,-0.005239818101633827,-0.007776403504213094,-0.02633292855493613,0.6027287688179933,0.15856355378968928,3.3419703772290816,42.69656718454893,7.345652449111753,-0.015417855868357644,-0.03542954930374853,0.0022155835775625743,-0.04037980582874028,-67815705.0,2180713.65,0.016035072968590525,0.017133839345602198
2023-05-09,-0.014577260680331534,-0.0044155177862662855,0.0059170789082723906,-0.01432372881483473,0.5982158271345281,0.16653710736996682,5.357098331625004,42.69656718454893,7.345652449111753,-0.05088948224748013,0.014972629264175419,0.006415941074454867,0.004452206489812814,-62311334.0,3594370.1,-0.007237199203908085,0.017133839345602198
2023-05-10,-0.012876808160559826,-0.00422607436893448,-0.005830661813883153,-0.027314134335173167,0.6801267238933953,0.16980885993381375,7.914201681761625,42.69656718454893,7.345652449111753,-0.03599060754775529,-0.0040858244436562385,0.004180554407291925,-0.03329811275425835,-66685503.0,3192400.55,-0.007975781568376306,0.19362854166033494
2023-05-11,-0.011550508816528984,-0.004517409320761612,-0.011685303383856576,-0.033862801149858075,0.7011776804445481,0.16995294054961885,2.4482200391999953,42.69656718454893,7.345652449111753,-0.02417676161201976,-0.016207644038372715,0.0044127606045611945,-0.027877449124065513,-62674512.0,2751507.8000000003,-0.023168226432321415,0.19362854166033494
2023-05-12,-0.01001372458551415,-0.004651441445301586,-0.016263235314493314,-0.03839609859059353,0.8310922265836342,0.15825718649412698,-7.5520198736334905,42.69656718454893,7.345652449111753,-0.03320059763616445,0.005749863777578357,0.008257106316680751,-0.019968890196712958,-60173395.0,1215356.95,-0.03177464788732398,0.19362854166033494
2023-05-15,-0.009400516475156573,-0.005026450642291808,-0.015253182816170732,-0.03791802210831473,0.8640562130531794,0.15053121231288752,-3.8590227535363155,42.69656718454893,7.345652449111753,-0.005800471877730029,-0.03392824460251587,0.011789407566281884,-0.014931344929214328,-66165215.0,813218.5499999998,-0.016195490442943772,0.19362854166033494
2023-05-16,-0.009023652585566826,-0.005670216306855771,0.005125084965853963,-0.01842142094957099,0.901499012779161,0.16508177659071188,16.848832130605004,42.69656718454893,7.345652449111753,-0.0058597477088231376,-0.022986415670704474,0.00776894734439848,0.032039679132020396,-66076701.0,-109554.95000000019,-0.006095773987456754,0.19362854166033494
2023-05-17,-0.006571773533240329,-0.005862918802198201,0.03257896909581526,0.009545129955891473,1.0661478491381327,0.19155250912798355,31.791774268320182,42.69656718454893,7.345652449111753,0.015258035618741284,-0.007491026374676357,0.01021778952521779,-0.03232278675454351,-48037804.0,3624277.2,-0.062153163152053326,0.19362854166033494
2023-05-18,-0.0025252331616337433,-0.004388347055342861,0.052370368461344935,0.030680616623814147,1.2901092278595643,0.2009806242978669,33.05260515741138,42.69656718454893,7.345652449111753,0.05813789292042015,-0.018922044354966694,0.011145423845293267,-0.07827490411425905,-22192770.0,6226189.1,-0.11243689765947684,0.19362854166033494
2023-05-19,0.0007437574808409741,-0.002845287177088206,0.05435267385168143,0.03434057528063771,1.3702558486609469,0.20057942628854103,15.389062730399125,42.69656718454893,7.345652449111753,0.05160719284687243,-0.014570193032043655,0.005003671040998636,-0.03363039113916986,-3922494.0,10272655.899999999,-0.13900212436125625,0.19362854166033494
2023-05-22,0.004769714312610599,-0.0008317365353062909,0.050289148139543625,0.03186831453810481,1.4309020147801212,0.1999328969680679,1.0536469537335762,42.69656718454893,7.345652449111753,0.06407544131628318,-0.024936590989310004,0.0019863469154732805,-0.011884995704372625,2092500.0,11620631.4,-0.13169707922812335,0.19362854166033494
2023-05-23,0.008558496086594628,0.0007505612439582219,0.0459322691303589,0.029399071888769345,1.407792197661404,0.19715288335741213,1.824727739733916,42.69656718454893,7.345652449111753,0.0565018673550044,-0.011136929830376507,0.0011754872847575815,0.05891768440498426,11307909.0,11850183.55,-0.1318494156339931,0.19362854166033494
2023-05-24,0.010843071358925873,0.0018807454602454534,0.033311797134486516,0.019298907671555152,1.2542081832859842,0.18793176527994485,-1.841157981423052,42.69656718454893,7.345652449111753,0.07494091983275775,-0.020724174365804426,0.007634447893640761,0.1404982504481666,28854791.0,7676861.250000001,-0.1299847076814492,0.19362854166033494
2023-05-25,0.013948859680402041,0.002881874604338392,0.06335056795220202,0.05292693051053114,1.3476148219954394,0.20919257771368496,3.8732520482659965,42.69656718454893,7.345652449111753,0.14154341337158516,-0.03676213278163831,0.0037368713149776855,0.08889200827302651,80040979.0,10285599.649999999,-0.16345480028030834,0.19362854166033494
2023-05-26,0.019224082218680636,0.0043052750706427945,0.1005784133172068,0.09572754919426937,1.667865248203926,0.24740625297418464,4.150599814237623,42.69656718454893,7.345652449111753,0.20535826404608004,-0.058448613314452835,0.004293422924950274,0.018526436417647334,155808292.0,16605949.4,-0.22403995178233171,0.19362854166033494
2023-05-29,0.02373534473979405,0.005726909850990717,0.0974256750171159,0.09748386058883927,1.8508515582839316,0.2446532553940451,9.427212990111542,42.69656718454893,7.345652449111753,0.18387494918441138,-0.052400725915968005,0.0019002614642196214,0.012294191335011577,176496616.0,18454349.8,-0.21633196365530416,0.19362854166033494
2023-05-30,0.027825725404117284,0.006728356539806678,0.08673732135899166,0.09197318621832427,1.914311874248006,0.24540036914967467,7.812385827024073,42.69656718454893,7.345652449111753,0.18436956192512355,-0.054629257096167505,-0.0062742613763079325,-0.014450270629848428,189324607.0,18917698.65,-0.22640306122448983,0.19362854166033494
2023-05-31,0.031196162409694684,0.007697078335016613,0.0650379619884527,0.07509427155500246,2.093202262794645,0.24944946960978512,-0.02395831435437401,47.97927084524198,11.18040458488639,0.16765227036399732,-0.04265244089795184,-0.006291717513605022,0.013788451260619368,200957691.0,19943540.45,-0.21726518535708073,0.19362854166033494
2023-06-01,0.031185734334290754,0.007656695550180681,0.04638476269097194,0.06032127259481718,1.8156780087203968,0.25799702589767787,-2.2706800811406964,47.97927084524198,11.18040458488639,0.192107821151712,-0.08568191448254248,-2.9313377997053358e-05,-0.10438368126263746,199793506.0,10947044.5,-0.1817969933574175,0.19362854166033494
2023-06-02,0.02994507872363729,0.00741881550819735,0.06102813413932466,0.07997200864152575,1.3660702137675325,0.26319003483961834,-3.7730985127531653,47.97927084524198,11.18040458488639,0.1641492210153368,-0.040148973801981125,-0.0014724894506359387,-0.15823458001779445,208219071.0,-1446721.75,-0.18346373934368798,0.19362854166033494
2023-06-05,0.028305083203576584,0.006569510360277904,0.0427920410911875,0.06536627564304415,1.1326518581293081,0.27101841764473805,-7.178461207115703,47.97927084524198,11.18040458488639,0.1387742459769279,-0.0375837092773601,0.0029106123513709115,-0.14519501585408828,204253104.0,-5871429.199999999,-0.15616503132758008,0.19362854166033494
2023-06-06,0.026688448928309225,0.006398676572164308,0.047267292957969734,0.07352843283631981,1.009735412567759,0.2702291659693898,-6.53935077507515,47.97927084524198,11.18040458488639,0.17538006920377658,-0.07734073210901005,0.001889639538662058,-0.18096747068096344,200386908.0,-7328081.800000001,-0.14385517283275617,0.19362854166033494
2023-06-07,0.026816856507667842,0.006615392147854765,0.0558112931659528,0.08716931354042083,0.6881186346813938,0.26292186475941454,-10.039311690911816,47.97927084524198,11.18040458488639,0.16002279235508055,-0.030797881475476796,-0.0005872680876018999,-0.17487942662556738,216345195.0,-7881633.55,-0.18321596244131455,0.19362854166033494
2023-06-08,0.02734656188667492,0.006959657927043286,0.033319579636932585,0.068281300398115,0.670686808453857,0.26996466046022005,-9.704556027751295,47.97927084524198,11.18040458488639,0.1798088114774421,-0.05956838163179712,0.0032174171408549945,-0.18412482629737684,215651343.0,-7993217.550000001,-0.1741441757214628,0.19362854166033494
2023-06-09,0.027847277759547633,0.007205252962708945,0.03779218935511927,0.07796982785991763,0.6069457524078978,0.26674769651038616,-4.724276882891999,47.97927084524198,11.18040458488639,0.18572072419062025,-0.04660795940904561,-0.0016972214367592109,-0.1653842714417991,227503469.0,-9311606.649999999,-0.1987664377982078,0.19362854166033494
2023-06-12,0.03029734058341363,0.008250812463296734,0.04677652797817548,0.09282145094056676,0.6492292051136119,0.26705964861388953,-0.6667140520189747,47.97927084524198,11.18040458488639,0.19295430848667494,-0.03452860474358177,-0.00483609770949156,-0.08836925213132168,244709862.0,-6639183.699999999,-0.19196090977837243,-0.11404482717240372
2023-06-13,0.03370890706599661,0.00961192894998974,0.07281753928695514,0.12596699724885418,0.8101492001664752,0.2794156246605939,12.756295877907633,47.97927084524198,11.18040458488639,0.2082684018182639,-0.03401111670496304,-0.0010311334042177878,-0.10346099067209541,276794521.0,-1971593.4500000011,-0.16022881405909062,-0.11404482717240372
2023-06-14,0.03406289544582542,0.010751470071546499,0.06057874312843906,0.11726546344407525,0.8079072994380379,0.2732128980046751,4.569321165967452,47.97927084524198,11.18040458488639,0.19684258286141643,-0.06004114479317524,-0.006491708110671901,-0.14037096687798395,262340407.0,-2695590.9499999993,-0.10918716910619741,-0.11404482717240372
2023-06-15,0.03422220523845284,0.011594966792354042,0.061268609112516706,0.12171747209298783,0.84956237908551,0.26770089367507194,-4.417140034933674,47.97927084524198,11.18040458488639,0.15032466979186832,-0.030008808532057785,-0.0019485850319160836,-0.09764141901397265,252585338.0,-125917.30000000075,-0.09740175801447781,-0.11404482717240372
2023-06-16,0.03315656272741437,0.012465638862620022,0.05205865672704335,0.11512103300367575,0.9475725476945551,0.26962894487184685,-13.467555634651688,47.97927084524198,11.18040458488639,0.14660570308489995,-0.03427859174034187,-0.0012056140260162662,-0.14872214161980574,239323678.0,474389.0999999996,-0.059015737530007994,-0.11404482717240372
2023-06-19,0.03075182641980203,0.012502241593438086,0.03629986514161325,0.10138408493712611,0.8845775655703635,0.2742066232916199,-10.24448378001879,47.97927084524198,11.18040458488639,0.14248651585975458,-0.0394168658103462,0.002873917095368439,-0.13878641783131004,231834684.0,-2441513.3999999985,-0.05096011816838997,-0.11404482717240372
2023-06-20,0.02758799115900753,0.011455411909185712,0.031215979069901516,0.09956702662054734,0.6662834871845694,0.27365543870995446,0.5559897788997503,47.97927084524198,11.18040458488639,0.1479556264970463,-0.042804909214481324,0.00426601383473213,-0.10390909221407557,226834336.0,-8918174.8,-0.04573129481802196,-0.11404482717240372
2023-06-21,0.02630827855826277,0.010184978482079613,0.022393445967818157,0.09422954887716822,0.653439520730656,0.2702197227080556,6.109482801510836,47.97927084524198,11.18040458488639,0.1362444361729387,-0.02439563074610218,0.004801094081308799,-0.1285978446557458,227545192.0,-9216701.8,-0.042590589507842114,-0.11404482717240372
2023-06-26,0.02347022336389113,0.008961705716631954,0.007104410854488124,0.0797748126958564,0.6870054180362146,0.25422224047812464,-1.0472942843679434,47.97927084524198,11.18040458488639,0.05366049605607004,0.008379735568327273,0.006121724758696212,-0.0438487593793599,179336505.0,-9328943.25,6.98080279231128e-05,-0.11404482717240372
2023-06-27,0.01880495497723244,0.007806108251706831,0.002835425628029303,0.07454790702352139,0.6616655455182829,0.2083553805127871,-2.451944211811494,47.97927084524198,11.18040458488639,0.0272839808459151,-0.011950935961712261,0.007938925257862772,-0.06486082952686295,103580139.0,-7931350.75,0.054519899393401294,-0.11404482717240372
2023-06-28,0.014640907676438246,0.0072552100388355075,0.00557956655598052,0.07657090942443619,0.7304485258856974,0.20834902702160898,-7.43512063942493,47.97927084524198,11.18040458488639,0.01799661559020871,-0.0027013390437300444,0.010053781824548969,-0.07168034930360662,79492790.0,-7163837.7,0.04438372350638797,-0.11404482717240372
2023-06-29,0.010515666904012304,0.007022761410964105,0.0029808941233957957,0.0731699376282542,0.7664430734416611,0.2079503418242257,-3.1110364146485026,47.97927084524198,11.18040458488639,0.018253852358676603,-0.0011458205685461742,0.017045460933643897,-0.05122275919872798,67400231.0,-6872903.55,0.06198006445327131,-0.11404482717240372
2023-06-30,0.00713166907272042,0.0069495127862512236,0.00641767830506629,0.07732613308001612,0.865366867939044,0.2005763840305474,2.928144766709053,54.36369161856221,15.621114621651998,0.06367467994888365,-0.02658288596461511,0.01819293520913745,-0.03298109272035558,56511943.0,-7040821.949999999,0.05892380670026687,-0.11404482717240372
2023-07-03,0.0068507733383836355,0.00728534082375619,0.008964895204235799,0.08130284364569082,0.7802541216331946,0.1933924510304467,2.704378518273465,54.36369161856221,15.621114621651998,0.056143348951276595,-0.00040621119898709424,0.0163186321914639,-0.027205293928568113,61327614.0,-5731439.1,0.024355504913829984,-0.11404482717240372
2023-07-04,0.008334162491472454,0.007713608455324588,0.01714992441495885,0.09055718776371788,0.7653437085743403,0.18489768962779143,6.118428818403537,54.36369161856221,15.621114621651998,0.057754104210829826,-0.011954844670072351,0.016512522144080277,-0.02360053345239636,56236644.0,-3316299.4000000004,0.034610983981693266,-0.11404482717240372
2023-07-05,0.010162020200585563,0.007764592819790109,0.009337594125088371,0.0831649300175559,0.7405563338567772,0.1788701486561977,-24.364010400952132,54.36369161856221,15.621114621651998,0.05174034154110596,0.0018186001761475445,0.01340200543090897,0.022313569209698503,57686473.0,-2904361.05,0.009946763799383529,-0.11404482717240372
2023-07-06,0.009975961690282392,0.007534926051211415,-0.020790774302765547,0.05027314830090932,0.8253600051022685,0.20970031771951012,-32.5484423309741,54.36369161856221,15.621114621651998,0.025556539814802992,-0.011903508725208622,0.018873700965786,0.10724656079252862,38011743.0,-5087021.15,0.06301000496700482,-0.11404482717240372
2023-07-07,0.008127455351047325,0.0075231104680656795,-0.02076084242718905,0.048861478454668685,0.807869148997303,0.20352012595675736,-35.53759000286908,54.36369161856221,15.621114621651998,0.0289171256031846,-0.02954104517508438,0.022692130111765962,0.060118663836626285,25269900.0,-4576277.4,0.07867509699669495,-0.11404482717240372
2023-07-10,0.006192200704985037,0.007478748258738056,-0.021490540786315467,0.04732475794829151,0.8477109265222845,0.19469043377890508,-13.661187199771113,54.36369161856221,15.621114621651998,0.03906304110796688,-0.02359678990595282,0.01778082218153121,0.07183497554446015,28369040.0,-5220817.2,0.060762538020796564,0.1356232730719833
2023-07-11,0.005223345887445486,0.007835344558284696,-0.0019726411840755988,0.06728130331052151,0.8554699556603759,0.20506666110640293,14.091847079437251,54.36369161856221,15.621114621651998,0.03647124930488599,-0.010450168635418144,0.02330502000189827,0.05169910355627762,30936277.0,-4543320.45,0.06993464052287579,0.1356232730719833
2023-07-12,0.0032232435973068383,0.008161383748217309,-0.000819870205190434,0.06701237685275802,0.8819978433935012,0.1977547725648699,19.836869045811987,54.36369161856221,15.621114621651998,0.021915846212976264,-0.010231766693376665,0.01971559410107271,-0.03540642452893562,18844868.0,-3114255.0,0.05291195738247789,0.1356232730719833
2023-07-13,0.002107924076268261,0.009048818576002376,0.011738668545616206,0.07769888307770835,0.9168442449932321,0.1630713706498402,26.20197328327867,54.36369161856221,15.621114621651998,0.030803595720145793,-0.039674811754562556,0.01050102828507482,-0.026953620203664406,-3342583.0,3764396.55,-0.012640449438202195,0.1356232730719833
2023-07-14,0.0024635186140513623,0.010118253839034726,0.02178428384675743,0.08613782852537767,0.959155000591166,0.16629198615438323,18.664445102251314,54.36369161856221,15.621114621651998,0.0028504344165720674,0.0035351423503271473,0.012420721024960724,-0.044412592602647544,7315570.0,6464784.9,-0.036218710669836396,0.1356232730719833
2023-07-17,0.0017165141882582915,0.011214192954405455,0.02178428384675743,0.08337107765880822,0.9454409205343166,0.164766386758124,19.81105208940769,54.36369161856221,15.621114621651998,0.0348565012318105,-0.0348565012318105,0.007116536118428662,-0.030843366174839994,3099127.0,7294410.65,-0.02169709989258861,0.1356232730719833
2023-07-18,-0.00024309351464670047,0.011221460546423792,0.005190170987455081,0.0627541835837205,1.0190803587618193,0.1751866826328528,1.9473597273525272,54.36369161856221,15.621114621651998,0.046069635187506286,-0.059652090190274065,0.009679265780304425,-0.04295889354179598,-6379234.0,5296432.5,-0.023527744312947352,0.1356232730719833
2023-07-19,-0.0009928094541526921,0.011444643047017124,0.005364113635126481,0.060414219888114275,1.067869401697737,0.17150576230596945,-7.609806659178524,54.36369161856221,15.621114621651998,0.034989143699899694,-0.038419758848365126,0.0063501267963226304,-0.01064133710049313,-4461069.0,4712086.850000001,-0.030279448178280877,0.1356232730719833
2023-07-20,-0.0008863655079235842,0.011634016726556473,0.002250302002820414,0.054378983910801836,0.9662824845004494,0.17190963697248468,-13.3350416182993,54.36369161856221,15.621114621651998,0.004466009825971229,-0.011327020070615479,0.008167794253275629,0.005498245876014029,-9361295.0,1687864.35,-0.010208421948107227,0.1356232730719833
2023-07-21,-0.003025578035481787,0.011174836494372113,-0.028873482549812018,0.01779261941963053,1.1333251749938476,0.2070789626512232,-16.518145401017065,54.36369161856221,15.621114621651998,0.04200886208471788,-0.07815310785309126,0.0027298981960317548,-0.02393508994231617,-32602488.0,-4192929.4,0.014545968083603977,0.1356232730719833
2023-07-24,-0.004408693085920969,0.010700735765261184,-0.030997454413815136,0.012048791715294662,1.2479874628213903,0.20364958909414393,-22.970846254094575,54.36369161856221,15.621114621651998,0.050216609120429245,-0.07809095552907264,0.010484910335169184,-0.0004670787276636365,-33985791.0,-6079812.05,0.011587323747033418,0.1356232730719833
2023-07-25,-0.003979213214043356,0.010903651658721408,-0.01163800938958348,0.02957801946431858,1.240828248348844,0.2166333124429407,-9.710022749638966,54.36369161856221,15.621114621651998,0.030985009964602295,-0.03622978010934619,0.009547140038234314,-0.004489156858263045,-25257276.0,-5265088.4,0.00561206594177488,0.1356232730719833
2023-07-26,-0.004499024246478344,0.010695852061618381,-0.01616560313202689,0.022104670558388703,1.16621629401472,0.21689896133145997,12.1306066483087,54.36369161856221,15.621114621651998,0.024903902280980716,-0.038841298987871475,0.005565702863838506,-0.05179543014251257,-24196909.0,-5926520.75,0.002333474756045728,0.1356232730719833
2023-07-27,-0.004500581798530627,0.010549459830124166,-0.010606851525482614,0.025351757013123827,1.1512074377631434,0.21785086324654993,19.720098882683665,54.36369161856221,15.621114621651998,0.04263486898967894,-0.04961561746947596,0.005071441512539687,0.03267879818226965,-23360258.0,-5134671.699999999,-0.0019760056457304165,0.1356232730719833
2023-07-28,-0.0034683034290071565,0.010801239684846193,-0.013312422123856726,0.019502970912375184,0.8831565861096166,0.21713623329593637,8.753295350575371,54.36369161856221,15.621114621651998,0.04865151898449804,-0.06427656248576752,0.005752454560616904,-0.04382755688373862,-23472301.0,-1215572.3499999999,-0.0175684188423042,0.1356232730719833
2023-07-31,-0.00329947233093801,0.010794806987871847,-0.015593640469487292,0.013800800006028874,0.8526728202774468,0.21619701373123823,-9.508435495060333,51.68935029453561,18.087336579181,0.04266359956619725,-0.06684314153374549,0.006662186424375882,-0.0225186315212556,-29030654.0,-222498.30000000005,-0.005561735261401579,0.1356232730719833
2023-08-01,-0.004603086447711494,0.010514057125457686,-0.010557524522456263,0.015284386373766353,0.822261398573495,0.21271324784628642,-10.60259722827314,51.68935029453561,18.087336579181,0.04174019982032995,-0.07250930238342035,0.010007141559952304,-0.0022919091700278746,-31682355.0,-205365.25,-0.03594138789051704,0.1356232730719833
2023-08-02,-0.0057361261869823925,0.01028266564537437,-0.01923089312613644,0.0027643979953636795,0.9178006115503368,0.2148259120784175,-18.929093347618092,51.68935029453561,18.087336579181,0.024647195060626403,-0.06072966644683264,0.016635568990504446,0.14458475753136515,-35385842.0,-488531.8999999999,-0.03273685670689419,0.1356232730719833
2023-08-04,-0.00634672555967483,0.009541394450797902,-0.030536539462192924,-0.011114148414125995,1.0570263942540803,0.19362178738930833,-17.988110669363103,51.68935029453561,18.087336579181,0.03402104863178845,-0.05349031892129463,0.013332601935203803,0.20929248709460904,-29474884.0,-2935615.0,-0.05320072091315664,0.1356232730719833
2023-08-07,-0.006177666834306729,0.009041932218659059,-0.02293798716325892,-0.005670094629000373,1.0281124747200239,0.1957573188815124,-14.631565251138603,51.68935029453561,18.087336579181,0.04519064672942186,-0.057579872737146265,0.01037766073452806,0.11154188248554515,-25946264.0,-2510261.8,-0.06287883834010521,0.1356232730719833
2023-08-08,-0.006098100256596033,0.008604640491446854,-0.03234304159790225,-0.017975774287210793,0.9767216260652731,0.19904976357721912,-3.3673412059619636,51.68935029453561,18.087336579181,0.007618529815629493,-0.030627595183254863,0.013004250057615963,0.12340603272791022,-29619803.0,-2439204.85,-0.0483462256601761,0.1356232730719833
2023-08-09,-0.006543961417802076,0.008317679470215965,-0.02687527724111515,-0.016177081561676326,0.9667725592290937,0.1819276991560348,7.7976737683147945,51.68935029453561,18.087336579181,-0.011783138083693245,-0.028078508327570195,0.013887091288526054,0.11690402325324875,-35970747.0,-2055647.65,-0.03346229552704816,0.1356232730719833
2023-08-10,-0.007080456556408077,0.008257106656411863,-0.029844239899622427,-0.023175907620249674,0.8871874526955013,0.18176781388366303,3.158221199298964,51.68935029453561,18.087336579181,-0.03344107359500248,-0.013271860503427435,0.014184981252584272,0.10031241655556639,-40120880.0,-1112975.2000000002,-0.03233966908245589,0.06232559166049145
2023-08-11,-0.009537160266180953,0.008155774503256979,-0.035335633922311385,-0.03327822965159123,0.818996229017259,0.17487552976502221,8.945433816119312,51.68935029453561,18.087336579181,-0.07441932267406948,0.007752787587388954,0.022804191768871718,0.02581827723265818,-58303799.0,746674.3500000001,0.022901849217638715,0.06232559166049145
2023-08-14,-0.013307687968300645,0.007164017509061857,-0.039929164532571164,-0.042820932137506734,0.8883777566040585,0.1682408707805526,5.079522415741074,51.68935029453561,18.087336579181,-0.035985389357504505,-0.04861718207407495,0.03024114087269747,0.019222150093881857,-76839860.0,493837.2000000002,0.022054556006964487,0.06232559166049145
2023-08-15,-0.016478252988027266,0.005940881184252463,-0.0339542913750927,-0.04146061450384379,0.8389493568985209,0.1690019194775304,-7.025941790204598,51.68935029453561,18.087336579181,-0.07384081383303398,-0.009069669267410152,0.03082386242833879,0.12052820631130357,-81001300.0,1223132.6,0.031034987556726623,0.06232559166049145
2023-08-16,-0.017916757599179618,0.004514562249318266,-0.030584968555065373,-0.04181307088317228,0.9587405270185749,0.16275212189360688,-12.930741432841451,51.68935029453561,18.087336579181,-0.09428580850532398,0.027160181308887532,0.02956057523414768,0.12894006531477242,-84015990.0,-430778.2999999998,0.028739386022207603,0.06232559166049145
2023-08-17,-0.018839686333116484,0.0032559955880222665,-0.023777388016716285,-0.03871543644726688,1.0059514960592044,0.16429976151595377,-12.660864382936673,51.68935029453561,18.087336579181,-0.09346175688187197,0.02977866487340919,0.032676437927198654,0.18712670287266633,-83007109.0,62143.05000000028,0.03458087108776531,0.06232559166049145
2023-08-18,-0.01899295161133145,0.0023109669542721915,-0.02926632743414124,-0.04787273310020873,0.9997738063513217,0.1656585245916418,-1.529380479293522,51.68935029453561,18.087336579181,-0.054890375441540074,-0.01419448915162902,0.027480963870523123,0.13550584418232942,-83644313.0,333912.4499999997,0.024423435037960184,0.06232559166049145
2023-08-21,-0.01668147585000637,0.0020152531419375206,-0.030860872849840515,-0.051808776171049335,1.03316149079065,0.12449792185451788,-2.999960712340112,51.68935029453561,18.087336579181,-0.03733866033375821,-0.0037330116458894613,0.027843487509729314,0.1114715338362685,-65854376.0,-333238.2000000002,0.010857461024498916,0.06232559166049145
2023-08-22,-0.013902535925235578,0.0016035253354457972,-0.02214200102479913,-0.044760930521088406,1.068279174861649,0.1288011164688433,1.595568541828925,51.68935029453561,18.087336579181,-0.044587176600395795,0.01412083968002631,0.018970695508742752,0.09026658907297049,-57006804.0,-129862.19999999972,0.003795197350262125,0.06232559166049145
2023-08-23,-0.011983586368002156,0.0009004566769592846,-0.0007241973406414228,-0.025012302032731783,0.9839272553431576,0.1301672413016198,20.10502771892508,51.68935029453561,18.087336579181,-0.04081198128723529,0.010934843652864235,0.02162939496096783,0.01971793020344798,-53576459.0,2238776.95,0.04869201255667943,0.06232559166049145
2023-08-24,-0.008882964402575539,0.0004044469538555543,0.02118400682580644,-0.0037772906442672693,0.96301439519548,0.1530424505196346,36.06409439813961,51.68935029453561,18.087336579181,-0.05894789151975033,0.0554142365157696,0.022133101917018116,0.0837035472232286,-40974469.0,3318885.25,0.031746031746031855,0.06232559166049145
2023-08-25,-0.007384104758919896,-0.00044453660420103576,-0.009343979721002342,-0.03507819771558028,1.0000449084326124,0.18843750231601814,17.10500064444068,51.68935029453561,18.087336579181,-0.07234622672326763,0.03192446897468648,0.01922533318716879,-0.01600248751298596,-52914038.0,2489072.3,0.0779239145806816,0.06232559166049145
2023-08-28,-0.006948239940022231,-0.0010578263081940267,-0.002271671258064112,-0.029593618692788745,0.9458158513945218,0.1901785619326356,5.839915640781655,51.68935029453561,18.087336579181,-0.0814925882667401,0.04974646673425953,0.016477966148178202,-0.0588235308122573,-49546084.0,3349775.2,0.06960672556283831,0.06232559166049145
2023-08-29,-0.0065974061734034774,-0.0009684300920686176,0.004366746353261721,-0.024393496622129016,0.9368279432752417,0.19160738883923586,-9.415777514541446,51.68935029453561,18.087336579181,-0.06009374836412629,0.03708468299650092,0.014814946395799389,-0.10044511629070886,-46323152.0,2778857.0,0.0076202460850112175,0.06232559166049145
2023-08-30,-0.006154970508850493,-0.0007632341263824856,0.010929253928817917,-0.018964340047870613,0.8804763201909307,0.19233204303212542,10.59759044110838,51.68935029453561,18.087336579181,-0.055541310927109344,0.0343774561673067,0.011723376640574434,-0.1357947708536476,-45611140.0,2084137.8,0.017350157728706517,0.06232559166049145
2023-08-31,-0.007061383033263386,-0.0008239213453348582,0.0010941155948555068,-0.029472792139827255,1.0237366211432595,0.19248497911173346,4.054712826959168,57.90718849847077,18.598963856746877,-0.01095758296840943,-0.010432740612903002,0.006450394234693846,-0.14841545126080982,-46147236.0,-985015.6000000001,0.038003728667718395,0.06232559166049145
2023-09-01,-0.005533884447627591,-0.0005895360460747469,-0.0001824733764550916,-0.030972550190265586,0.9464285652856828,0.1877226058808197,6.280932704833482,57.90718849847077,18.598963856746877,-0.0044225409540425975,-0.006407701191956439,0.005287564439818038,-0.16807014843932203,-37619565.0,530513.6499999999,-0.010152284263959421,0.06232559166049145
2023-09-04,-0.003998186645186055,-0.0006471944365232105,0.016330775380124278,-0.014815183371248397,0.9646257990770973,0.19541289657882835,6.790894250063616,57.90718849847077,18.598963856746877,-0.015128008308358809,0.013335735600576326,0.0066662593092616795,-0.1609243124889477,-36606186.0,610713.9000000001,-0.015992607861255226,0.06232559166049145
2023-09-05,-0.002820225670866076,-0.0008816824388173688,0.007207298231618194,-0.023532562430346855,1.0014088489755362,0.194216727351056,3.952388046165318,57.90718849847077,18.598963856746877,0.0011877190644966618,-0.0011877190644966618,0.006072820112370758,-0.09621647407411145,-36814768.0,-177779.80000000005,-0.023404106229416244,0.06232559166049145
2023-09-06,-0.0020947102108835893,-0.0011170703872878703,0.003924495119881527,-0.026715484305099107,0.9907240344576637,0.19416234752709244,-1.3581991633672104,57.90718849847077,18.598963856746877,0.012181200479344678,-0.01940124612436278,0.003428134578772335,-0.06326980929434638,-39680921.0,-684095.1500000001,-0.017064606741573063,0.06232559166049145
2023-09-07,-0.0018234840778983993,-0.0018806230551437046,-0.009864870881905793,-0.04004221118800611,0.7675430149835439,0.19997619877763584,-7.769523867691547,57.90718849847077,18.598963856746877,-0.004145073429788093,-0.0121889130363807,0.007092661450636362,-0.06210311870201139,-47576731.0,-1026081.6500000004,0.015120469158482308,0.06232559166049145
2023-09-08,-0.0019157261484670297,-0.0031144188378062153,-0.014715464591153148,-0.043909729656913705,0.7902075793595598,0.19841014774501387,-4.816045733431331,57.90718849847077,18.598963856746877,0.014636280801692436,-0.027457103895480506,0.00913308794155987,-0.09563169890819886,-50454369.0,-2212757.95,0.02579613405645942,0.06232559166049145
2023-09-11,-0.0022808224700532325,-0.004379755174089071,-0.0197513532477508,-0.047788360251414815,0.8612722067966475,0.1967509928049987,-6.4449392012496105,57.90718849847077,18.598963856746877,-0.012784016188121639,0.003541883407219948,0.0059885868857010305,-0.09523026969122084,-51918147.0,-3814640.65,0.07353776263486655,-0.04375503640286338
2023-09-12,-0.0020983470749490864,-0.005636439787311254,-0.005302459317626074,-0.032229260917747915,0.8989689773385091,0.20406501297381954,-6.485982101237028,57.90718849847077,18.598963856746877,-0.0036212768822190267,0.007311522094581191,7.837682140920954e-05,-0.060167779789550555,-54235040.0,-3599234.8,0.0776657674286525,-0.04375503640286338
2023-09-13,-0.0018253264178047048,-0.006689447787731186,-0.010697725022435866,-0.03619479291745239,0.9547291832872452,0.20509562895131267,-16.46949375998031,57.90718849847077,18.598963856746877,0.02309713598768881,-0.02494219941928899,0.0031037235164881327,-0.09989318287150983,-48139120.0,-3916261.5999999996,0.07174603174603167,-0.04375503640286338
2023-09-14,-0.00017658104728929825,-0.00671319639926891,0.010530921965524173,-0.01382062763663726,0.9288083575511603,0.21967872421296344,7.989454229607212,57.90718849847077,18.598963856746877,0.04000750907641892,-0.023340478841492818,-0.0005609180959171844,-0.1292239886096726,-43573429.0,-1108880.5499999998,0.04082927861222774,-0.04375503640286338
2023-09-15,0.002484117024269035,-0.005855733424148597,0.023162883315496197,0.0011752334768602522,1.162969350622874,0.22134307120949415,12.932926794703597,57.90718849847077,18.598963856746877,0.00394193684257127,0.03708175001243563,-0.0008621710349282496,-0.05203821597946392,-32961448.0,1298353.4,0.012444941620638916,-0.04375503640286338
2023-09-18,0.003492123691771933,-0.005471968414879337,-0.010384966738104792,-0.030025185080835074,1.33090987711119,0.25231960301585576,10.295370427367587,57.90718849847077,18.598963856746877,-0.019172986434978778,0.030366928257395287,-0.0007523091820343941,-0.02713595272102805,-51204903.0,-923063.0500000003,0.06988432938584421,-0.04375503640286338
2023-09-19,0.0033086260282318286,-0.005064499367900694,-0.014050312380876936,-0.032667419785305095,1.3456540150627319,0.2514540863756793,-13.05036716695988,57.90718849847077,18.598963856746877,-0.019465974338897296,0.019465974338897296,-0.0005545834077608225,-0.009650836052256199,-67324723.0,-2231902.85,0.10579500928026397,-0.04375503640286338
2023-09-20,0.0021187782974646787,-0.004656524634277046,-0.01829422104795621,-0.03708526084866764,1.4175936721851539,0.24040679623971387,-14.633271423645034,57.90718849847077,18.598963856746877,-0.056412933506838514,0.031020363432223252,9.382554544501431e-05,0.06578440474591926,-87308455.0,-3908490.25,0.10703119803099836,-0.04375503640286338
2023-09-21,-0.0018230387318545441,-0.005080541085343205,-0.02995937309921178,-0.050235686555354396,1.5343284452515977,0.2290326058966323,-4.747797515993845,57.90718849847077,18.598963856746877,-0.04091860775397005,-0.019473804226861402,0.004806002581546842,0.23325722814474253,-118974296.0,-7861296.8,0.16376068376068376,-0.04375503640286338
2023-09-22,-0.005758126037787065,-0.005863006301497515,-0.03730453740805183,-0.057893368859961214,1.3839697849276185,0.20395587497458986,-10.233476738978318,57.90718849847077,18.598963856746877,-0.03729202492327588,-0.0013330396037751768,0.010181027282721411,0.20292343580646174,-122833801.0,-11989410.149999999,0.1649173445289951,-0.04375503640286338
2023-09-25,-0.008222913733985066,-0.00616984670734978,-0.029897227786817714,-0.05111447718375347,1.1690264649661937,0.20407914295449314,-7.480034165029956,57.90718849847077,18.598963856746877,-0.04194901207056789,0.003565563271906602,0.010027670105194453,0.1744674673039642,-128094597.0,-8100737.950000001,0.18077666022780248,-0.04375503640286338
2023-09-26,-0.010966250295996021,-0.006894287803969699,-0.03832400576164222,-0.06035140559467049,1.1954048666201558,0.20482807468209413,-5.766063275983036,57.90718849847077,18.598963856746877,-0.08264062837267594,0.028100957674852323,0.008950834790210749,0.29601755094856896,-144906700.0,-7808361.0,0.2551169083466316,-0.04375503640286338
2023-09-27,-0.012446737098630518,-0.007679049928211409,-0.030076349621541012,-0.05321274315905121,1.1188659710461155,0.2050139553205371,8.160185140343863,57.90718849847077,18.598963856746877,-0.07752914878004724,0.02331406787962864,0.01330941106956307,0.2285078093442159,-147175124.0,-4810996.8,0.2747709654686399,-0.04375503640286338
2023-09-28,-0.01148082421484333,-0.008048263677267806,-0.026141387144015638,-0.04979701656815691,1.0560680578501305,0.20330900655658668,6.09692253010185,57.90718849847077,18.598963856746877,-0.068086274066949,0.02603947771862425,0.013428181324204536,0.1544991599433802,-144501527.0,-1172747.25,0.2496546007184306,-0.04375503640286338
2023-10-02,-0.010672084643264088,-0.0074896559609577956,-0.006414168613430718,-0.03078138351863968,0.9927867792502746,0.2167882319345706,15.536315028877702,52.68784571566973,17.035705380421746,-0.06353520235748122,0.04158658457042663,0.013745013326578848,0.15509498304975355,-139566689.0,2281292.25,0.2825498575498575,-0.04375503640286338
2023-10-03,-0.011058221525546742,-0.007050429884917001,-0.011575838413356588,-0.037096067905360505,0.9569147429591786,0.20770013683712382,3.0392957631343265,52.68784571566973,17.035705380421746,-0.08315864997033795,0.03818501055176782,0.01392837963845106,0.2695764186066841,-142883623.0,2966780.5500000003,0.30049118751805826,-0.04375503640286338
2023-10-04,-0.0109962505639236,-0.0066122320518417635,-0.02575812296135016,-0.05227438943463995,0.939932794416378,0.21305908033697127,-1.937293782753862,52.68784571566973,17.035705380421746,-0.07027276648301617,0.017554727840152995,0.014247669024255005,0.175317067601549,-152323888.0,4114238.6000000006,0.3246753246753247,-0.04375503640286338
2023-10-05,-0.010007435777890953,-0.006202309083119841,-0.00901057567976229,-0.036353332439053955,0.9884373864276393,0.22235098100123413,-12.484617971677864,52.68784571566973,17.035705380421746,-0.06771998684184855,0.03307304456369908,0.01212053747841968,0.15486710058068603,-151664565.0,4017198.85,0.3335000357219404,-0.04375503640286338
2023-10-06,-0.008542784036077115,-0.005819811260636165,-0.0008472747540875244,-0.027787432448529752,0.9612778091985311,0.21920163232667458,-8.507802503396434,52.68784571566973,17.035705380421746,-0.02984278631270587,0.016865919076558877,0.008448707458793114,0.07962634706570057,-141028779.0,4341070.35,0.3006890791396952,-0.04375503640286338
2023-10-11,-0.006692810398914958,-0.006094301256806537,0.020924257797936774,-0.0047131208615121874,1.074520757807399,0.23299522343348728,12.346685682406559,52.68784571566973,17.035705380421746,-0.007896800660263215,0.022801468197433006,-0.0004651750498014806,-0.011397496421384877,-112715080.0,6270599.4,0.1748796854876975,0.34790462168650826
2023-10-12,-0.002795444451138489,-0.006247687111097385,0.030543170557624358,0.007423084244907635,1.1893197374329603,0.23438391597617542,19.817113441306155,52.68784571566973,17.035705380421746,-0.005774316419516201,0.03761573021907372,-0.0008040766197155991,0.016443386604223065,-91272889.0,8475243.25,0.09455170589791062,0.34790462168650826
2023-10-13,0.0010335730261874473,-0.006038621473600168,0.03499905631955459,0.013992892105431974,1.1760017673375849,0.229644017262422,26.45186604901182,52.68784571566973,17.035705380421746,-0.02488502551483851,0.047097434669447935,0.008252235223226378,0.1586554045001046,-79152404.0,12280930.2,0.057048748353096146,0.34790462168650826
2023-10-16,0.0034706819070190508,-0.005650915773611738,0.019358606545849352,0.0003261186038711713,1.1287960990720165,0.23524484966044656,8.411569956863275,52.68784571566973,17.035705380421746,-0.01627597327526642,0.029287380458395962,0.007230056479091473,0.02069859281795005,-83286195.0,11516766.15,0.0741179568193786,0.34790462168650826
2023-10-17,0.004223680583000533,-0.0051704454579808,0.030484378467612927,0.012167866160306726,1.149338399336037,0.2246986370698924,10.152781090832661,52.68784571566973,17.035705380421746,-0.03057004404194097,0.03238816175427672,0.009142564698611855,0.04475862306180247,-83649096.0,12370839.399999999,0.08644986449864489,0.34790462168650826
2023-10-18,0.0017818194736383885,-0.005116429914221276,0.011614852554059708,-0.006950631061342292,1.0261804861439197,0.2288015977616213,-2.7338300024062434,52.68784571566973,17.035705380421746,-0.018104971925221314,-0.014153321227190596,0.014311772906718812,0.10551892430649834,-93937953.0,8102604.050000001,0.16138388232856848,0.34790462168650826
2023-10-19,0.0007510372255444267,-0.004303316690277803,0.02228056558425398,0.004418727421706735,0.9633551626866268,0.20176551363924763,3.859492506836631,52.68784571566973,17.035705380421746,-0.03570537534121432,0.04681656782992538,0.016227541101663467,0.20526031830974376,-71060396.0,4112210.1999999997,0.13302014286633623,0.34790462168650826
2023-10-20,0.0013101270501247174,-0.003213306536044048,0.0392522487735015,0.022780187398475534,1.0275201511271652,0.21044518904949033,-0.12296614601044098,52.68784571566973,17.035705380421746,-0.04130653368478843,0.07476379421551749,0.014100991742346913,0.19709956065117418,-38049848.0,4524864.6,0.022317543205271573,0.34790462168650826
2023-10-23,0.0014963010449559333,-0.002882066807510856,0.015967976639149995,0.0013766400077147407,1.0534455069761393,0.2249835744834106,1.3913106235044737,52.68784571566973,17.035705380421746,-0.029501507234192537,0.046324060830819636,0.011006916673674594,0.10724579059992101,-29733173.0,3923350.05,0.032147578416055866,0.34790462168650826
2023-10-24,0.002992340155356306,-0.002642046492984763,0.014357724876140206,0.0019564257171527837,1.0623993060842196,0.21710544082888522,-9.279609143813374,52.68784571566973,17.035705380421746,0.0015244301484433898,0.030733833502579522,0.007094913431044514,0.02715430967379301,-10823591.0,1296268.9500000002,0.01839012925969441,0.34790462168650826
2023-10-25,0.006744124510535924,-0.002217547699192062,0.012281438560422702,0.0026287602677483807,1.0086174183321448,0.2132111552282281,-9.45211402055503,52.68784571566973,17.035705380421746,-0.04738074558836369,0.0895264448048032,0.002053583807015036,0.08443445076716263,5454943.0,1474731.85,-0.02950782745804703,0.34790462168650826
2023-10-26,0.006740339343983446,-0.0028916131453781244,-0.012460382042678204,-0.02034236795731371,1.0287614981911437,0.2317424510596704,-4.077466592814979,52.68784571566973,17.035705380421746,-0.05931329515009043,0.07074201134186209,0.007758802766109518,0.0995905959872719,-1340513.0,-494465.54999999993,-0.00033846674564219636,0.34790462168650826
2023-10-27,0.006355169909308549,-0.003810087545558281,-0.010029693205946719,-0.01577896071887591,0.803289134157928,0.22745835337940198,-2.8673760104633814,52.68784571566973,17.035705380421746,-0.030793311455446504,0.057768296677229825,0.007977488356087248,0.12399928640859918,12827966.0,-5519531.5,-0.019458264234383682,0.34790462168650826
2023-10-30,0.006443199049693774,-0.00411977871145157,-0.012803944411638369,-0.016661573593332132,0.7849799772315105,0.22713941050353884,-7.894823426558162,52.68784571566973,17.035705380421746,-0.05242739953669051,0.07158442445127122,0.0069649765007739894,0.039473684210526314,4869265.0,-5492728.65,-0.004754270551163731,0.34790462168650826
2023-10-31,0.00540743006927726,-0.00442999063262442,-0.018917037445076643,-0.021335775685950673,0.8610553112234776,0.22833598396568397,-14.814988627890195,53.635844848738785,16.074755120641214,-0.05995343401814468,0.07142567227245289,0.0006734297686972202,-0.04726893771049124,-130447.0,-6252672.45,0.0014372581536761242,0.34790462168650826
2023-11-01,0.0028842568697839415,-0.004466235115001918,-0.020317337532297357,-0.02249468722145595,0.8579563980268501,0.21775179734425446,-17.16200062368477,53.635844848738785,16.074755120641214,-0.04578341824473031,0.03640246696084637,0.004896938103473802,-0.11224538952065438,-7006781.0,-6839047.95,0.017715332926084404,0.34790462168650826
2023-11-02,0.003998504819285246,-0.0037035679675066274,0.013244307866444984,0.012927734035137799,0.8421478732695686,0.2510563136555453,-3.260906494563656,53.635844848738785,16.074755120641214,-0.0023811190247158276,0.036407595906432055,0.0021667170069217256,-0.16688833831902178,7071561.0,-2848563.8499999996,-0.0030548766940680094,0.34790462168650826
2023-11-03,0.005386323797590541,-0.002816565646662249,0.014225004924082435,0.016629499758426525,0.8623312972983426,0.24104197680752398,11.584911221579333,53.635844848738785,16.074755120641214,0.008657179484693689,0.04711211533357762,-0.00472579659937189,-0.19896849569021033,22378043.0,-2710842.55,-0.04950709565594191,0.34790462168650826
2023-11-06,0.006494713539776502,-0.001866547969078913,0.01401183808083323,0.018510502232196826,0.9181592762556485,0.23643374280447835,13.856529394094075,53.635844848738785,16.074755120641214,0.011127130868599622,0.03053964150990085,-0.006249303007793028,-0.19223151442977374,36185787.0,887985.6499999999,-0.08909724082507364,0.34790462168650826
2023-11-07,0.00806752498710675,-0.0007598993765133107,0.02106538964056559,0.027546073393581817,0.8308657507109182,0.23695571132496038,13.260983042034589,53.635844848738785,16.074755120641214,-0.0010790714927014777,0.044312433903034854,-0.0031580168080883597,-0.19077668666460293,41571777.0,3551487.35,-0.10253117140257928,0.34790462168650826
2023-11-08,0.009648402769518,0.00034899098659318766,0.021776964131808244,0.028983558745626053,0.9020547283872776,0.2244583562509352,4.817268995416157,53.635844848738785,16.074755120641214,-0.018418113592536867,0.04047674484975927,0.0019896501020562063,-0.20689371984483257,26221094.0,5969365.7,-0.04084693936421857,0.34790462168650826
2023-11-09,0.008613516533276709,0.0011794808126681028,0.022956890629942876,0.030230648095796203,0.7976840381531555,0.22146105474534097,1.4370114652143329,53.635844848738785,16.074755120641214,-0.0271316810809219,0.03985896899115815,0.004890930372660973,-0.1575525468009519,14540927.0,4678425.65,-0.002960009665337715,0.34790462168650826
2023-11-10,0.006281189447427376,0.0017333031294351463,0.022581282114110493,0.029659130652842352,0.8088893841182879,0.22076125690436935,3.2652016787135025,53.635844848738785,16.074755120641214,0.04018859726804758,-0.03295523263977396,0.002601884000227761,-0.20802592523025962,7585683.0,4985553.85,0.034961984295151405,-0.1528626739433534
2023-11-13,0.006637169592154352,0.002749807369919524,0.045787513215116864,0.054499343243259085,0.8966514607869208,0.22983475762292177,14.285709223215243,53.635844848738785,16.074755120641214,0.015486034324853959,0.03222022297143923,0.004687014941289425,-0.16936322044903573,30930046.0,4754805.9,-0.014462556685868377,-0.1528626739433534
2023-11-14,0.006439140268797316,0.0034885791402292123,0.04560827974309217,0.05533865581699189,0.9506499090357277,0.22759092719358134,21.055214205272364,53.635844848738785,16.074755120641214,0.060699510624037334,-0.022586940032982783,0.0018019559826858433,-0.19469958515994365,33629347.0,4918431.25,0.01085058618109258,-0.1528626739433534
2023-11-15,0.009096752499777786,0.004473020309941108,0.0580949731117837,0.07046263244815129,1.198163587184723,0.21699154240075902,28.4013087035504,53.635844848738785,16.074755120641214,0.08748923845103507,-0.011563386464971348,-0.007672114239116956,-0.18183652531626598,64386025.0,7819391.35,-0.08068735878225708,-0.1528626739433534
2023-11-16,0.01184572279749607,0.005394517048284587,0.05817226303976537,0.07253455860406958,1.310909693053406,0.21524339153365593,20.23807941736348,53.635844848738785,16.074755120641214,0.10580594163451718,-0.03804042821873721,-0.011937023873812236,-0.15653072321834663,75810105.0,9022520.75,-0.14324662047029424,-0.1528626739433534
2023-11-17,0.013677240129727826,0.006130783024226758,0.050439053598602616,0.06564304467974083,1.459303892786816,0.20967750907857274,16.834618547666125,53.635844848738785,16.074755120641214,0.13042574311585242,-0.08726029942630187,-0.015806117350496307,-0.1677722773440293,61421792.0,10318504.4,-0.08142292490118574,-0.1528626739433534
2023-11-20,0.01428571349293481,0.00600333679545892,0.04189254294872032,0.05922123404423714,1.2692974916641102,0.1923698963776155,-2.956731948228608,53.635844848738785,16.074755120641214,0.15378622467030123,-0.0931243730970508,-0.01847400314312575,-0.17395590763713048,70000968.0,6750827.4,-0.11032194213192059,-0.1528626739433534
2023-11-21,0.016086268220717306,0.0057857741300426585,0.05244210055876889,0.0731146869828582,1.334230491438235,0.19575044149487023,-0.3621559248576318,53.635844848738785,16.074755120641214,0.11628501243139078,-0.040917563033550985,-0.023824284886268088,-0.16316678467337595,90626508.0,7623196.199999999,-0.1375987999769226,-0.1528626739433534
2023-11-22,0.01529775556816599,0.005441189927365261,0.03497774550389526,0.05733990973788135,1.083388155502905,0.204989662414316,-12.847235352821315,53.635844848738785,16.074755120641214,0.16816804901881577,-0.10750619744556533,-0.025773135428037053,-0.17554213449020922,86725914.0,1879161.0999999996,-0.10165951027039577,-0.1528626739433534
2023-11-23,0.016153914386701447,0.004913817250992456,0.03241950116621844,0.05813674777846393,0.9969477468850292,0.1788642721234481,-13.271018958734317,53.635844848738785,16.074755120641214,0.1745504208037998,-0.08603818246400952,-0.026630358654812114,-0.15429923417684016,101334445.0,-523345.4500000002,-0.11664127306585403,-0.1528626739433534
2023-11-24,0.017748801845710906,0.004419417590706982,0.023222768529587805,0.051808291744448697,0.9053134261665607,0.18202247054458426,-20.117842354823637,53.635844848738785,16.074755120641214,0.16139612764589573,-0.08259684297432357,-0.02301987659340654,-0.15548326143221122,103195533.0,-1683161.6500000004,-0.10378847671665348,-0.1528626739433534
2023-11-27,0.017966778603884896,0.004048976473160833,0.007538842622788946,0.038494627250710865,0.8806245728693692,0.1898303431719367,-15.206584112713799,53.635844848738785,16.074755120641214,0.1739713733119319,-0.10630205973896834,-0.024002028448173562,-0.11881122712338485,109840016.0,-2773456.5999999996,-0.12320168860745428,-0.1528626739433534
2023-11-28,0.01835029669579962,0.004196312438431786,0.0158113699075296,0.05036336932998737,0.7959111296761802,0.18926090014956223,-11.259592284649187,53.635844848738785,16.074755120641214,0.1562429753076251,-0.06928624909802039,-0.022404891045578745,-0.10181551414297617,120972725.0,-6238587.65,-0.1022852726871274,-0.1528626739433534
2023-11-29,0.019461904589497335,0.004039583444261768,0.00994104947877678,0.04761040933805098,0.8015057667378112,0.18919668293209352,-8.499980776444104,53.635844848738785,16.074755120641214,0.14050962886425555,-0.05338833848882896,-0.03490123761717667,-0.06846565752675168,125764859.0,-5669840.95,-0.09309178216741243,-0.1528626739433534
2023-11-30,0.01786196197684969,0.003762383547464659,0.012547290142532698,0.05234679375310568,1.0402060912811761,0.14773306093262453,3.630056726864126,66.88523217829973,18.802422054044882,0.1056956529932147,-0.0508507554628963,-0.0403931293788522,-0.06356453929923757,119130540.0,-4892293.8,-0.07582595130647951,-0.1528626739433534
2023-12-01,0.01672750208045331,0.0038813425976979422,0.01338934352585937,0.05503026034234753,1.1576524207195618,0.14771850460259747,-7.2826218526915625,66.88523217829973,18.802422054044882,0.08212308494486797,-0.02747822477234796,-0.024409957950433436,-0.07695680205590515,124029000.0,-3626697.0,-0.06952359243218598,-0.1528626739433534
2023-12-04,0.015609783331356583,0.004213794091715445,0.002532507483446724,0.04506093237672855,1.229887413266492,0.15311289212152626,-11.073714618465253,66.88523217829973,18.802422054044882,0.07215036084712478,-0.028514027998437275,-0.02805917325206575,-0.037704623479733086,106055366.0,-3362423.3,-0.09210681096341611,-0.1528626739433534
2023-12-05,0.01280806095987489,0.004269775667669575,-0.0057562461977881734,0.03680271592174036,1.1792561348488495,0.15411008321470684,-23.934974616589905,66.88523217829973,18.802422054044882,0.05788341034242683,-0.03085665046413033,-0.021132699578520042,-0.04776017154222471,93730187.0,-4504940.75,-0.07542782183531094,-0.1528626739433534
2023-12-06,0.009941060702412845,0.004416579299011448,-0.006968740049207473,0.0357354883664891,1.1388105381333233,0.15417720513101646,-18.714911250153747,66.88523217829973,18.802422054044882,0.04986081325889047,-0.024680923302737856,-0.017587154824372786,-0.03356803186773726,91796318.0,-4103103.7,-0.06153383458646622,-0.1528626739433534
2023-12-07,0.008072283836060951,0.004713910614716026,-0.014709792590453134,0.0274412360258895,0.9192611666909376,0.15694168686834703,-14.112949261234562,66.88523217829973,18.802422054044882,0.08550720486875374,-0.069349327491248,-0.022563325976518445,-0.018709117300188417,86867407.0,-5390524.949999999,-0.04410784610724028,-0.1528626739433534
2023-12-08,0.006563377638171304,0.004677884737472886,-0.008868109859357688,0.03379473438812957,0.924753120735976,0.15843305662581617,3.508661981288327,66.88523217829973,18.802422054044882,0.05079151946873539,-0.027452337807138294,-0.025625181695888233,-0.06566800511395392,92561588.0,-5556723.800000001,-0.0012043114349370443,-0.1528626739433534
2023-12-11,0.004715723951559305,0.004945632928928066,-0.0021729693445285835,0.039917880264710326,0.9579100307131914,0.13317242931085294,1.4409921884335262,66.88523217829973,18.802422054044882,0.09717857386044138,-0.09192459486228133,-0.028946522083243886,-0.03672348361184001,79617063.0,-2967205.55,0.06696928242755873,-0.1442841542967217
2023-12-12,0.003924642004457841,0.004849869643395561,0.004256880611114367,0.04628019526376394,0.9977541822094169,0.13520124471173775,13.520411028058255,66.88523217829973,18.802422054044882,0.06636961412868692,-0.05588002721276819,-0.0284234556003512,-0.0720381614018581,81182129.0,31180.549999999814,0.04713140037014196,-0.1442841542967217
2023-12-13,0.002351922400452276,0.004390940289614561,0.00286795133812506,0.04387171711194308,1.063378416678116,0.12284562427621518,5.120125891400903,66.88523217829973,18.802422054044882,0.07512206241732411,-0.0820065021167733,-0.018826542644110766,-0.055587871132019906,54930871.0,919059.6500000004,0.05601190091197217,-0.1442841542967217
2023-12-14,0.0017444375430262476,0.0047517140016241485,0.016664494260921973,0.05698461519407289,1.1845151644213132,0.1323830793273812,19.66796313158357,66.88523217829973,18.802422054044882,0.10025780924161487,-0.09675573088443068,-0.02660531182612713,-0.02617927339512651,66328847.0,5388871.65,0.02578891540705386,-0.1442841542967217
2023-12-15,0.0013127766792111418,0.005383575079825861,0.021190366264808944,0.060834283850054245,1.2666781893077699,0.1319066141043864,19.01407661287655,66.88523217829973,18.802422054044882,0.09826206961230177,-0.08436958645136694,-0.020501316907501232,-0.03606894031871387,76582672.0,6364677.200000001,-0.03442340791738385,-0.1442841542967217
2023-12-18,0.002012777490443184,0.0058927756495469955,0.02021087046099743,0.059144701995765894,1.2481373946957088,0.1301062630081543,16.18322136973334,66.88523217829973,18.802422054044882,0.0782960725525157,-0.0591323499328158,-0.01219170048158058,-0.010789919413881997,78765958.0,6142356.9,-0.13335950791781181,-0.1442841542967217
2023-12-19,0.0017561102434357433,0.006885130383260728,0.01994035072992804,0.05720701272859225,1.257277599009281,0.12087846215884723,7.4216033896953135,66.88523217829973,18.802422054044882,0.10522156762663659,-0.09999485958799825,-0.0029553963000419348,-0.00995577286375867,68811004.0,6239746.399999999,-0.12871287128712872,-0.1442841542967217
2023-12-20,0.003065257077037838,0.008300079514960954,0.018963250267631238,0.055118616732629744,1.3291233930464177,0.10909979114468825,-5.879073342158222,66.88523217829973,18.802422054044882,0.07014759941682036,-0.050983876797120464,-0.003314849548410548,0.0766322831285019,92772102.0,9145097.9,-0.1689058261206563,-0.1442841542967217
2023-12-21,0.0030624408494708526,0.00858915048000955,0.004853006218899418,0.03898008279805045,1.2033246071624306,0.12076094963984217,-14.036906282688314,66.88523217829973,18.802422054044882,0.09976872562316186,-0.09628160139647202,-0.006599409398488021,0.07168090460048793,81823416.0,3551119.8,-0.1754184234061582,-0.1442841542967217
2023-12-22,0.0032325678764066456,0.00905680219877152,0.012679655673081068,0.04592111526804899,0.9394592668305551,0.12255789427949,-4.477849330684201,66.88523217829973,18.802422054044882,0.10270207101954254,-0.08523827185694932,-0.013316869826986544,0.020719894159967948,91914946.0,1947322.5,-0.20425237466188584,-0.1442841542967217
2023-12-25,0.0036613798728249275,0.009311913024026211,0.009538759068792025,0.04219782554227446,0.8380489025109443,0.1130193066831616,2.503169471495056,66.88523217829973,18.802422054044882,0.10524402440446434,-0.07701052955333543,-0.01757490711502674,0.019362393977779967,96334113.0,1415469.5499999998,-0.1580614507443776,-0.1442841542967217
2023-12-26,0.004614783621163432,0.009444848555760358,0.016990593076573916,0.04910550571287349,0.7665690984965619,0.10895791794920537,19.08622629064488,66.88523217829973,18.802422054044882,0.1315368603845397,-0.1070799533759228,-0.012856467733076027,0.01504198704429238,104426522.0,1711826.1000000006,-0.19891778884584643,-0.1442841542967217
2023-12-27,0.005479918121411868,0.009307667525691054,0.02553607385863441,0.057897363807971655,0.7218790701266586,0.11285301697280116,17.33995425621702,66.88523217829973,18.802422054044882,0.12288448833249221,-0.08613515865049859,-0.01052054785162837,-0.026624876762612642,125008251.0,815219.25,-0.1959085439229844,-0.1442841542967217
2023-12-28,0.006958798628066341,0.009653139416939833,0.025580545495915843,0.05758178233328579,0.7548028949276039,0.11213725325619059,11.591605324332562,66.88523217829973,18.802422054044882,0.12997440986688402,-0.0968735047852578,-0.007187258427474141,-0.021768952629304086,133746012.0,4761451.800000001,-0.20207378828068479,-0.1442841542967217
2023-12-29,0.007563570417974846,0.0099338232484248,0.02407417849704952,0.05520733324663945,0.76629419952128,0.11206900823314328,5.9760209636105515,66.88523217829973,18.802422054044882,0.11695254570383384,-0.08742008443256455,-0.02154652206466845,-0.022647891549310926,133007027.0,4142817.8499999996,-0.20033072023517884,-0.1442841542967217
2024-01-02,0.008077071112227748,0.010095806551615382,0.022133876585278385,0.053091521588977,0.8904667482387201,0.1057445427127628,-5.88003718151208,72.6495752421049,22.18300817993827,0.08923932780419253,-0.050738786426620885,-0.016685341222104855,0.03574089535669816,146844819.0,4700245.249999999,-0.16791915003887015,-0.1442841542967217
2024-01-03,0.007804700143502547,0.009570160514264802,-0.004661458302883856,0.024974180023282732,1.0188223270847037,0.1404659397995753,-24.403973757361086,72.6495752421049,22.18300817993827,0.07319738202318149,-0.053862212297116185,-0.01733090881368493,0.09653233507674959,145415423.0,1108577.6499999994,-0.11098929446665806,-0.1442841542967217
2024-01-04,0.007095786653208268,0.00886924379508432,-0.0023310831413831347,0.027341735622331546,0.8977317690584041,0.1406775254586643,-28.361975118980553,72.6495752421049,22.18300817993827,0.07214564195847406,-0.049283470119296124,-0.015043155910253958,0.09858499295582654,143793105.0,-2945972.25,-0.12479169337264451,-0.1442841542967217
2024-01-05,0.006560340182412137,0.007725371884712656,-0.010313454903592572,0.019387900976525266,0.8479523337833866,0.14058496003224505,-33.26900626339459,72.6495752421049,22.18300817993827,0.049619203326348726,-0.026632653677799878,-0.0138174369843721,0.03677244940389827,138825573.0,-6972521.050000001,-0.11954110413893637,-0.1442841542967217
2024-01-08,0.006460321846352011,0.006437850242213781,0.00034225082796363206,0.03077693938664997,0.8683169553895613,0.14451646002107194,-5.698085406102237,72.6495752421049,22.18300817993827,0.07639032278931368,-0.048237535868989934,-0.01511440419950505,0.012932704151998087,137143327.0,-6958550.75,-0.19569542412732865,-0.1442841542967217
2024-01-09,0.005844800668689169,0.005717207033469612,0.004198916526608669,0.034744620188352275,0.8491723938784634,0.14370684586586213,3.0509467275952105,72.6495752421049,22.18300817993827,0.04157965099136396,-0.015337924877628195,-0.021920102134952768,-0.012345655318109605,137902878.0,-7669884.5,-0.28527303455912345,-0.1442841542967217
2024-01-10,0.005670647038361023,0.005327666378513823,2.7165185489455386e-08,0.030125779569082335,0.6862813065529294,0.14303240745511606,8.727184202601265,72.6495752421049,22.18300817993827,0.030192041665753067,-0.014530718604667925,-0.008519507036087948,-0.02011507952445731,127834264.0,-5817658.0,-0.289442677035466,0.22396648333243774
2024-01-11,0.005581437619776714,0.005616160269121265,0.002394834585535336,0.032172571464921376,0.753480561873169,0.14298572100953416,10.342594036986206,72.6495752421049,22.18300817993827,0.019281111543200335,0.0016247174265755504,-0.011289033995518727,-0.04034562517004541,125834843.0,-6217791.350000001,-0.25589514301463834,0.22396648333243774
2024-01-12,0.004635148350610056,0.0059647238671858395,-0.0011971745021230901,0.027418041563627336,0.7754166550124502,0.135343178355086,1.1229663542405959,72.6495752421049,22.18300817993827,-0.01099221735400524,0.01442886528605769,-0.00844113655868306,-0.021119170776428484,100695021.0,-3955547.4499999997,-0.2144380533833129,0.22396648333243774
2024-01-15,0.0033450261547086843,0.005959407390916746,0.002137691994453671,0.02994331807010936,0.8625241967811005,0.13464163911925542,5.749411599661379,72.6495752421049,22.18300817993827,-0.01568376690779083,0.017393115770403367,-0.0034857219958415175,-0.022701048518131612,86719731.0,-4226894.95,-0.14630467571644046,0.22396648333243774
2024-01-16,0.0016284120713077567,0.005804419411172143,-0.0076988676922342,0.018239666112576353,0.9022339802082593,0.13957736751040017,-14.259904980432502,72.6495752421049,22.18300817993827,0.0005238821487663081,-0.009070951886793743,-0.004874332799420733,0.059805516309631025,72927315.0,-6560823.55,-0.027786167321050992,0.22396648333243774
2024-01-17,0.0005136990906427802,0.005914822904477616,-0.00564770727941965,0.018808019906417495,1.1281143501758872,0.13977565474422235,-13.702202198398616,72.6495752421049,22.18300817993827,-0.013479408039651863,0.006641795639225068,0.0026454241627240638,0.12283632242272084,49474287.0,-8465413.15,0.020884520884520974,0.22396648333243774
2024-01-18,-0.00025658864452730927,0.005848242395797181,0.006074018949088968,0.029673456064785268,1.1833878809202485,0.14650582288442798,-9.618934869008598,72.6495752421049,22.18300817993827,0.04962000563496116,-0.04449195904712333,0.00871439336371993,0.07086018839928367,38062253.0,-5673927.65,0.07126758374135389,0.22396648333243774
2024-01-19,0.003762600374913796,0.007510263072514413,0.06662111193613186,0.09309808202885385,1.88901210737017,0.2639987109769828,23.901045882281252,72.6495752421049,22.18300817993827,0.062414580802174546,0.022507463333497846,0.008642646988140434,0.00929616613443045,160523672.0,11581837.200000001,0.0161915091416176,0.22396648333243774
2024-01-22,0.007439069603291886,0.009344980744253857,0.0626378008566759,0.0900598656178139,2.027453132625331,0.26385160183599043,29.833892359285535,72.6495752421049,22.18300817993827,0.06139830722239403,0.014203149779382196,0.00611674761265002,0.0003412556349997119,169580188.0,14636151.799999999,-0.055652173913043446,0.22396648333243774
2024-01-23,0.01189048549887179,0.011088122074906222,0.061797068852399904,0.09041684090811603,2.0147251994836344,0.2630694179484024,36.76812758006225,72.6495752421049,22.18300817993827,0.0683329085971216,0.012561783998655818,0.009266412725820183,-0.046461253462019285,177754013.0,18309814.15,-0.13032355154251318,0.22396648333243774
2024-01-24,0.015745317826037577,0.012855706332347455,0.05644487581780475,0.08551584314305319,1.8896121060464925,0.2632041510349697,12.387675490748563,72.6495752421049,22.18300817993827,0.06556937575157895,0.004396501023414157,0.00884651793657465,-0.0022021157556907154,174730720.0,23247902.8,-0.11122198342032541,0.22396648333243774
2024-01-25,0.019762152136682868,0.014878712982216345,0.07718113539841198,0.10775334078154845,1.9819611811038842,0.2721709945850894,19.368313055423073,72.6495752421049,22.18300817993827,0.06113760328472062,0.023321714217303224,0.011278771111019603,0.017397869037099983,187817712.0,27625838.0,-0.14351990422029337,0.22396648333243774
2024-01-26,0.01985004241643639,0.014897013695134863,0.07593354135387649,0.10802292724267949,1.2669371716676054,0.27204366269630154,4.6960040220524775,72.6495752421049,22.18300817993827,0.03170113106782546,0.05430226633620183,0.015214478330797254,3.772765665848386e-05,192612287.0,8235861.049999999,-0.1684799032940465,0.22396648333243774
2024-01-29,0.02070952710473102,0.015032152768759974,0.07766489899071848,0.1116579943231924,1.0440943893255903,0.2716438631178662,6.3853739813437755,72.6495752421049,22.18300817993827,0.05096427318077823,0.04178427889887426,0.018734117725126564,0.021251060575069567,193716821.0,5934654.75,-0.15462970054376968,0.22396648333243774
2024-01-30,0.02079632942787812,0.014876141280995679,0.06335397812035512,0.09838589011833453,1.002957289805048,0.27567288788652483,-4.54544798946246,72.6495752421049,22.18300817993827,0.07381238874811169,0.008818217294918496,0.016838048758583968,-0.0009382337019691028,186773345.0,4507685.35,-0.17798193709124888,0.22396648333243774
2024-01-31,0.021482693075635148,0.01411541682621687,0.035876121243765303,0.07211352590632512,1.076646568449635,0.27097511980713535,-15.747111938519794,68.47156222444693,27.264235926406343,0.08111974853058834,0.005385069107097129,0.009070885436841314,0.0758734681253328,186496715.0,1407712.0500000007,-0.19209285455204927,0.22396648333243774
2024-02-01,0.02122479054070098,0.012864380916086278,0.0317915156051537,0.0698338424353302,0.9970637575396404,0.2713939558714764,-14.455872872071723,68.47156222444693,27.264235926406343,0.09507396639112087,-0.012315601494790274,0.006542776064436984,0.041611950985155244,196777223.0,-3803275.95,-0.12640058586598313,0.22396648333243774
2024-02-02,0.021802654225933506,0.012284200936268273,0.038260306245058134,0.0792799743862615,0.9101638191080123,0.26922962618422824,-9.168230403889922,68.47156222444693,27.264235926406343,0.102514558632536,-8.383514432641626e-05,0.0057963029842935665,0.037414353030200576,212736116.0,-6643282.4,-0.17745302713987476,0.22396648333243774
2024-02-05,0.022368172873056324,0.011963696279067215,0.050833646054990786,0.0951253097053952,0.9611163384278129,0.27166054196684103,9.555611051330686,68.47156222444693,27.264235926406343,0.08015303921569816,0.027908647063588088,0.012076773124969353,0.021674141112842833,216971716.0,-6298991.200000001,-0.12412862604002695,0.22396648333243774
2024-02-15,0.027411978671216825,0.012903950346313855,0.12364985322258418,0.1772926822133031,1.2078221602665151,0.3770496149157902,14.259919708967686,68.47156222444693,27.264235926406343,0.12140041754345621,0.06801927105165917,0.02031508472400101,0.042216861395302584,254156817.0,-5887.049999998882,0.02690802348336585,-0.15819837759253907
2024-02-16,0.03134019408668779,0.013959828744623605,0.09236314106049796,0.14995589824546762,1.1798300294688904,0.38877427928011415,5.00149539480671,68.47156222444693,27.264235926406343,0.11826599161640194,0.05125454069951907,0.006490405074325523,0.05325441499713238,247012087.0,326525.25,0.13912610894619015,-0.15819837759253907
2024-02-19,0.03483119120293753,0.01464365782640819,0.07644699462572686,0.13834261537324868,1.1215613708500418,0.3923556878643282,-10.858528949113818,68.47156222444693,27.264235926406343,0.11302644717796384,0.043970275861889174,0.006922105594535211,0.04628946960429238,238537075.0,-3500932.5500000007,0.1815787307597334,-0.15819837759253907
2024-02-20,0.038260306245058134,0.01535045034811641,0.08188994145686093,0.15000899236709633,1.1215554443389077,0.3906116426746739,-15.077596284551802,68.47156222444693,27.264235926406343,0.09980189475679291,0.07656806724237342,0.016446576178218653,0.12178087916727244,243962415.0,-4873657.35,0.16051007815713692,-0.15819837759253907
2024-02-21,0.04066694058585803,0.015653023894138654,0.06447828660657155,0.136666461532114,1.0543032556362733,0.395038347598502,-10.51203520988004,68.47156222444693,27.264235926406343,0.0972083264327146,0.06490758424242626,0.009724681762796727,0.10534659345602615,237511090.0,-7658588.1,0.12118535175072287,-0.15819837759253907
2024-02-22,0.04038369089992192,0.015287403398987093,0.07228639832495197,0.15124771141963567,0.7164305745224956,0.3901096210345709,1.2706391661575225,68.47156222444693,27.264235926406343,0.13673609058903202,0.056367307886359796,0.007414661204253381,0.04506575506561934,255169894.0,-15470337.1,0.15408511960236093,-0.15819837759253907
2024-02-23,0.041423429865239975,0.015268468929888989,0.0704138899845547,0.15587888180303838,0.722739837585908,0.3892094920603196,-2.665803427432465,68.47156222444693,27.264235926406343,0.1339278960488024,0.06572770575733311,-0.00012714444846229078,-0.008008088005789083,291327106.0,-11695050.3,-0.018276173285198594,-0.15819837759253907
2024-02-26,0.042549818803505356,0.015896737514662997,0.06297137755497084,0.1535838490489767,0.6983862936374181,0.39008107806087494,0.4741050334865662,68.47156222444693,27.264235926406343,0.10862903140620728,0.07844608815199638,0.0018863356253970842,-0.007333043366919109,287267779.0,-8388063.149999999,-0.09112013929193263,-0.15819837759253907
2024-02-27,0.039763794793016435,0.016294931525723446,0.05717553161577088,0.14968850009237974,0.8183363024466316,0.33051171202816615,-3.110538031444321,68.47156222444693,27.264235926406343,0.06381685934823755,0.05119943442566233,-0.0010101266327360303,-0.030184849015220748,177505286.0,-2558669.3000000007,-0.04558969276511393,-0.15819837759253907
2024-02-29,0.0370457464338793,0.01663651578287428,0.04001809819181548,0.13284200894856577,0.9437394327277004,0.33557900189865875,-2.064148064712242,78.99248320445817,35.69160422415723,0.07758168436657398,0.024654840996152227,0.008415141468869347,-0.03308442308839148,155164534.0,-1112376.7000000002,0.12322116189519505,-0.15819837759253907
2024-03-01,0.03277294772065552,0.016747152283748002,0.03375839461877974,0.12737635231703534,0.9162381465223891,0.3363299092450356,4.893348778751715,78.99248320445817,35.69160422415723,0.11648698826380288,-0.019353071811769818,0.00787109660263563,-0.0559176474813043,149022231.0,-1483129.3499999996,0.1585049316490743,-0.15819837759253907
2024-03-04,0.03109886726592317,0.0177427609287718,0.07983328158832279,0.18135273115706632,1.0450680073825391,0.37475404246115895,11.536711403236552,78.99248320445817,35.69160422415723,0.11122092909279813,0.04507894466955831,0.005233285836434565,-0.029775623665465125,190762679.0,2333419.450000001,0.18533552120217633,-0.15819837759253907
2024-03-05,0.02916320683609056,0.01864580159282469,0.08020120409392498,0.18438611003893757,1.191397053306617,0.36972391635965657,12.23967604794457,78.99248320445817,35.69160422415723,0.09113296942916782,0.045938718304295634,0.006944280209338016,0.036224872322917503,163182689.0,4040571.1499999994,0.12816704525598466,-0.15819837759253907
2024-03-06,0.030443023242190687,0.01962586542949027,0.0803262300946736,0.18732918891986858,1.2360566492549083,0.36948219649610514,4.700519276840524,78.99248320445817,35.69160422415723,0.1510398340376813,-0.009735607240820787,0.007201025162566266,0.03449505615650957,147871434.0,4546133.3,0.0918589860076322,-0.15819837759253907
2024-03-07,0.033913645696694805,0.021369051078448928,0.10795247433974516,0.22166224838007426,1.2525839794472575,0.38179000614675723,-5.348157414256548,78.99248320445817,35.69160422415723,0.17719056829524993,-0.004350875936725007,0.006104313394804439,0.02713657761959572,160900072.0,8722599.8,0.12475086066316354,-0.15819837759253907
2024-03-08,0.0398349693460616,0.023724774439503417,0.13123153888495143,0.25309091550967855,1.4468416975973253,0.3844325996292312,6.674449813690259,78.99248320445817,35.69160422415723,0.14763680383030375,0.07354711657572377,0.008010252771252002,0.04317054500803348,179796034.0,11011311.5,0.17844288691039978,-0.15819837759253907
2024-03-11,0.042523104008964405,0.024874743277420744,0.09436387554438169,0.2178660597848812,1.3174242464149883,0.3857289734145847,0.22740603313953045,78.99248320445817,35.69160422415723,0.14768648202160706,0.07205898516030795,0.009432221729931856,0.07383499515969993,173407870.0,-1408807.5,0.21953847535242876,0.07466371135822003
2024-03-12,0.046241512990483374,0.02595703779749023,0.08903179592629976,0.21767665911564468,1.2757660199281715,0.3843306542694434,3.806460572833288,78.99248320445817,35.69160422415723,0.16634344475506135,0.059771355210622934,0.003750966264805866,-0.023392006191699306,160898627.0,-2466158.55,0.19163383351496344,0.07466371135822003
2024-03-13,0.0498273175831977,0.027323781068390774,0.09065440811286335,0.2249374443774498,1.2359771784644091,0.3843472654636287,-3.578736565859572,78.99248320445817,35.69160422415723,0.12272385351190884,0.10404771552056746,0.005276322208679796,-0.029400342358074157,159522241.0,-1652427.25,0.17801505338701218,0.07466371135822003
2024-03-14,0.0513157129269732,0.0280719268709957,0.08715247503239774,0.22582969023648977,1.122524089628887,0.3837443473959483,2.9354766835039356,78.99248320445817,35.69160422415723,0.09014147259283556,0.12348093004229699,0.0025793757950762775,0.013870287541268195,150879989.0,-4998421.45,0.13607188703465978,0.07466371135822003
2024-03-15,0.0445855364144573,0.02708684914334207,0.04012692626630266,0.17180205600678305,1.1115993237084931,0.3277839647662289,-11.573212383761785,78.99248320445817,35.69160422415723,0.04379233869477517,0.036551888878100236,0.005771194351174902,0.013147714413343121,87933693.0,-10067199.05,0.20708273781165643,0.07466371135822003
2024-03-18,0.04032912655846336,0.02677468930891768,0.0540926468030883,0.18853552116181535,1.0266788033862144,0.3190051112430426,-13.49232119853464,78.99248320445817,35.69160422415723,0.050780954693940394,0.07303668949340203,0.010907615789433223,0.007204358471628937,95064526.0,-7744765.5,0.1275929834776912,0.07466371135822003
2024-03-19,0.03607421026965851,0.026330848110490176,0.04505027799083744,0.17959273092093433,0.9175241405695149,0.3168212718274588,-13.498725265219463,78.99248320445817,35.69160422415723,0.04088846288277326,0.08825315719274918,0.009823455264764025,-0.02720587181707488,106318739.0,-7805993.35,0.031696273075583425,0.07466371135822003
2024-03-20,0.030848078522901848,0.025227796269934433,0.03430225232013605,0.1680152559228206,0.9254648584460338,0.3182170122752558,3.203854807777276,78.99248320445817,35.69160422415723,0.07433693374103134,0.03416280868653776,0.010454730102703147,-0.07435669564299903,101133165.0,-9410010.05,0.028427619452715103,0.07466371135822003
2024-03-21,0.028380065505614036,0.024712438372422194,0.06208683497345723,0.2018529791182267,0.9271976825428098,0.3294177047323079,4.890623296864803,78.99248320445817,35.69160422415723,0.10154824022679199,0.05507577454538204,0.012250680870298236,-0.07492928306702273,119022380.0,-8105674.4,0.05945132870138248,0.07466371135822003
2024-03-22,0.03107889583474811,0.02515812605591865,0.056555722665968325,0.19718526326535668,0.7603116351002827,0.32846924677239303,0.3159259919833346,78.99248320445817,35.69160422415723,0.05161143050353534,0.08807870065985668,0.01453239390664196,-0.05992438428369431,115123861.0,-3030001.8499999996,-0.0401076716016151,0.07466371135822003
2024-03-25,0.031040889496316237,0.025189733040914264,0.04376837704644121,0.1836114501592677,0.6842961032640064,0.331742884662837,-4.045833481361896,78.99248320445817,35.69160422415723,0.05990436943829813,0.06440296552752023,0.015292140449112868,-0.04864945198703764,94385826.0,-1983726.2999999998,0.07791312341990353,0.07466371135822003
2024-03-26,0.030861754270902292,0.02529933951891114,0.040371689826553994,0.1806826408200379,0.7195101299949568,0.3315572917454101,-8.803388949296334,78.99248320445817,35.69160422415723,0.040401173222688325,0.08517384547147078,0.004176949955001952,-0.04331804876049053,93807875.0,-1217240.75,0.18358876117496803,0.07466371135822003
2024-03-27,0.031391281257641165,0.025850362512864777,0.030605097779921143,0.17012638093981403,0.6381651367994693,0.3327766122247597,-10.715678934289087,78.99248320445817,35.69160422415723,0.05264572339971352,0.06861125139669633,0.010669198617583753,-0.07438257047203946,85558705.0,-1076232.25,0.15528396836808045,0.07466371135822003
2024-03-28,0.02954272649477563,0.025410185143666095,0.011872735475166681,0.14964554512340641,0.5772959274657918,0.3337652652856685,-19.668441670535984,78.99248320445817,35.69160422415723,0.03771801553849441,0.08197880296876492,0.010474660592960205,-0.05639163598394618,82948982.0,-4716278.7,0.02153823222536899,0.07466371135822003
2024-03-29,0.028946719783489783,0.025151691341857185,0.015059665837304127,0.15442382503764587,0.49681411970606554,0.3327934306661358,-9.331580388922347,78.99248320445817,35.69160422415723,-0.00494364972295358,0.13647276537617925,0.012753484655161795,-0.05604931674969402,86096044.0,-4142383.4000000004,-0.027109783420462996,0.07466371135822003
2024-04-01,0.026245880657904046,0.02474783944150456,0.00403492437837471,0.14021895916709567,0.5408241927297842,0.28834039413373563,-6.180096225802316,79.81580886385738,48.76400159257037,-0.003988405456198274,0.07101654565134918,0.011872904423394282,-0.01018819534034276,36387107.0,-1547545.75,0.015300546448087537,0.07466371135822003
2024-04-02,0.024506995444211442,0.02464945023445981,0.025873912803921182,0.16406774373964636,0.5434618744107678,0.2991531283154267,9.593572471085793,79.81580886385738,48.76400159257037,0.0014569899294489819,0.08578820278864652,0.016049203060445327,0.05884909085645523,41438165.0,-346144.6499999999,0.08805080151785027,0.07466371135822003
2024-04-03,0.022000440990190794,0.024149480001868513,0.009713925082721255,0.14400142266468527,0.6099603628783187,0.3049576416080785,-5.626077845076338,79.81580886385738,48.76400159257037,-0.018893856548623966,0.0850737768178994,0.015805101816572575,0.039196491881044744,38257472.0,566584.7999999998,0.20287925438961474,0.07466371135822003
2024-04-08,0.018218529880234497,0.02411134984823912,0.011859669919314452,0.14301563209320203,0.665739876509593,0.2827639387290022,13.329392713767731,79.81580886385738,48.76400159257037,-0.06590227248237646,0.10097610780702071,0.02056946697657236,0.09857522870087256,17744512.0,2839483.8,0.17728554168344735,0.07466371135822003
2024-04-09,0.014738946374764713,0.024763166442662077,0.05574586509040755,0.18895090410760423,0.9391067269567442,0.3064505593949768,15.008148625811629,79.81580886385738,48.76400159257037,-0.01754207131645702,0.06706276607008543,0.020295993759559483,0.0824481291942241,16886771.0,5314920.05,0.20390612441729616,0.07466371135822003
2024-04-10,0.014965685844962056,0.02595617490039343,0.04704265301610622,0.17632238691313754,1.022923206027951,0.2928749125919984,19.469018153701754,79.81580886385738,48.76400159257037,-0.020418406950284185,0.08935528044875163,0.016316433228242166,0.139313550544122,24844556.0,3710848.0,0.09291709615667787,0.2090576298225788
2024-04-11,0.0142668677321145,0.026858288705808128,0.049852944497411886,0.1766694161890784,0.9977369873202034,0.2929640526393969,7.706157792562976,79.81580886385738,48.76400159257037,-0.017253776653697983,0.08716161356167418,0.026171597642132616,0.07100527847418736,26250454.0,1228707.9000000001,0.026310235666549442,0.2090576298225788
2024-04-12,0.013847050950017743,0.028076226358515814,0.04444277592686129,0.16697081538508324,1.008958263860539,0.29204630656378516,-5.458008140145026,79.81580886385738,48.76400159257037,-0.025447044158365628,0.08041468430476995,0.026297146874009414,0.2277030856141469,17016632.0,1224685.2000000002,0.08662704309063884,0.2090576298225788
2024-04-15,0.013765913714189481,0.028746314382739876,0.027438805523680925,0.14371348187474906,1.0527900785675328,0.29814770315959976,-10.943024965433544,79.81580886385738,48.76400159257037,-0.021855655581374367,0.05471744457698591,0.02698161022182277,0.3409106585674506,4470759.0,-332710.55000000005,0.11005649717514121,0.2090576298225788
2024-04-16,0.013722344637280602,0.028005736145086408,0.002034454586974802,0.1127834772601065,1.0462277289955344,0.2715867627763573,-19.565238286383064,79.81580886385738,48.76400159257037,-0.00781472096586644,0.05918198131628538,0.027367967105464963,0.26543102598550905,9442256.0,-7631530.2,0.015392711485330945,0.2090576298225788
2024-04-17,0.012869200690988819,0.02743598565693854,0.019786927635455316,0.12945783310197398,1.103853231804202,0.2723888031738591,-7.67545390604721,79.81580886385738,48.76400159257037,-0.03999706472938802,0.0923531042842679,0.028294074616035614,0.23587494289774225,5665216.0,-7110668.0,0.09953524399690172,0.2090576298225788
2024-04-18,0.012083836627388557,0.026751252375677808,0.017077815903306516,0.1236509528923393,1.19229454888955,0.27186989946264056,-0.010760849600075062,79.81580886385738,48.76400159257037,-0.04691470585645108,0.1020328226195214,0.022028396291831287,0.20453710554017712,-4234331.0,-8375296.850000001,0.2571910871033085,0.2090576298225788
2024-04-19,0.00881926645318071,0.024789456294169263,-0.05075307452349971,0.04407876543546397,1.5781290098251293,0.36806724021520915,-7.820776141755488,79.81580886385738,48.76400159257037,-0.10052045681744182,0.0899664128393699,0.02160392232013386,0.22873838443359482,-57017811.0,-16309349.849999998,0.25629006686427247,0.2090576298225788
2024-04-22,0.004493447383331802,0.023072911332001813,-0.058375442224717945,0.029152124087460894,1.6174902170913479,0.34599443827221404,-15.99967649337578,79.81580886385738,48.76400159257037,-0.10534353093224924,0.05177225917477368,0.023354875592552338,0.09800367985513739,-77046214.0,-14605639.3,0.22709755932661757,0.2090576298225788
2024-04-23,6.359264416355045e-05,0.022302075702636617,-0.04126131962420664,0.04154164043409739,1.516782410358325,0.3521481421187121,-12.38922954962878,79.81580886385738,48.76400159257037,-0.0874973985576768,0.04800696653527603,0.02195529829908982,0.008387148813158284,-77758966.0,-10826104.899999999,0.24270891755468305,0.2090576298225788
2024-04-24,-0.0022830990233258927,0.02176401313450461,-0.004576771447856961,0.07652737643647464,1.5041716631627704,0.3793005310674838,3.247584635435409,79.81580886385738,48.76400159257037,-0.07467868104804143,0.07852473709753649,0.01780186114465887,0.017294677579922365,-64517811.0,-8075149.850000001,0.1939587775408671,0.2090576298225788
2024-04-25,-0.0059455939710548935,0.020720619533192368,-0.025197192769997993,0.04881111309097949,1.4496391063254768,0.38722452745744845,5.522107789904716,79.81580886385738,48.76400159257037,-0.04881403692391295,0.02835376810826329,0.02814965119993662,-0.027522929524381148,-77721097.0,-7338145.35,0.1656325869975721,0.2090576298225788
2024-04-26,-0.00525249264064049,0.02041202270983008,-0.005025795162159537,0.06684954963175052,0.9161078096613786,0.39448622149119106,3.781656036091846,79.81580886385738,48.76400159257037,-0.03360445508354781,0.03745552936429719,0.020250665786130106,-0.055756246892638604,-59311774.0,5708499.1,0.11069625942059047,0.2090576298225788
2024-04-29,-0.0009517764768208492,0.02064193966744964,0.009844371860444531,0.08036197312036478,0.8145084814651993,0.3951480088566243,-4.150564632966173,79.81580886385738,48.76400159257037,-0.028422824504000133,0.062232984636423794,0.01812408805793697,-0.08315363367428037,-43546249.0,8308475.850000001,0.13533231195739392,0.2090576298225788
2024-04-30,0.0019073086460394248,0.020286837712295787,0.002601768670426209,0.0695722218989495,0.8278037904961295,0.39523571605940044,-2.7979165420916132,82.33859069284583,59.529385229784225,-0.047278334280654644,0.06531965488741598,0.012989445338472239,-0.029908577819859606,-47348456.0,8611943.6,0.2794196668457818,0.2090576298225788
2024-05-02,0.0018433885426729353,0.018890450254574406,-0.020366710515901443,0.041725240568950876,0.8134129253141416,0.4032735127408779,-10.690779508051847,82.33859069284583,59.529385229784225,-0.071894962410876,0.0744924357456569,0.01697255977904999,-0.09293125879899597,-56578743.0,4688560.35,0.21112307140294218,0.2090576298225788
2024-05-03,0.002227032052758685,0.01790546253629605,-0.009586714935752284,0.04919360251251542,0.8281706889478077,0.3938602900497874,-2.5818664997309284,82.33859069284583,59.529385229784225,-0.03494006516291781,0.022281734084261262,0.010338943871581296,-0.163566471168751,-55343880.0,8968401.0,0.20056939501779358,0.2090576298225788
2024-05-06,0.0024174620368712504,0.01752434068933403,-0.0023481403698423996,0.05383881256212584,0.8265783281309131,0.39203981302983226,1.4931794958210531,82.33859069284583,59.529385229784225,-0.016936841987865825,0.02462919702123123,0.007425318187100238,-0.16138257118840055,-44487020.0,7668760.2,0.11387063299896227,0.2090576298225788
2024-05-07,0.0018418625127210636,0.017073389680777252,0.01432731511430074,0.06890681031476133,0.8596793327025011,0.3966446946642951,13.686907932597194,82.33859069284583,59.529385229784225,-0.008395228729380366,0.030106663779360887,0.004727387031083552,-0.17250439516783092,-27665594.0,8286120.100000001,0.07594417077175697,0.2090576298225788
2024-05-08,-0.00012689902389241523,0.016966190509160713,0.01796035277347144,0.06770403133096049,0.8099087419046581,0.3601452051969008,7.91207894966314,82.33859069284583,59.529385229784225,-0.016512689842902883,-0.0042441641459718404,0.009073120185658645,-0.1818238928202821,-43355749.0,9125587.45,0.04699913211829898,0.2090576298225788
2024-05-09,-0.0014592878390008385,0.017427124368151168,0.011564399775626696,0.05571247597256222,0.7200605860583161,0.36065356721768244,2.622396786503714,82.33859069284583,59.529385229784225,-0.00638368334288586,-0.016929174607859032,0.011474629754655519,-0.19344076209328956,-41829462.0,9994405.1,0.06777149016437622,0.2090576298225788
2024-05-10,-0.0019681083273669427,0.01817766000023921,0.020356308945970233,0.05952665280936197,0.6954731919412084,0.36105215533674434,13.472277301126859,82.33859069284583,59.529385229784225,-0.020043398619022712,-0.0019077245142717913,0.00484106118830141,-0.19631133389983585,-35122562.0,8341622.300000001,0.08835423949551036,-0.02711935362799245
2024-05-13,-0.0022846888172754856,0.01905636157965038,0.04191836067863363,0.07754966661241812,0.7038607027998691,0.3693334586278762,23.276101502566156,82.33859069284583,59.529385229784225,0.016446621695183516,-0.01522428771524087,0.006190974114227643,-0.11860009508930333,-16023724.0,8569362.2,0.007725967455216809,-0.02711935362799245
2024-05-14,-0.002155440188942249,0.019591633646845897,0.04828466120858108,0.08112916965035563,0.6862250161909673,0.36572622417479905,23.702252322905636,82.33859069284583,59.529385229784225,0.04804985433793485,-0.024476680277587315,0.0036428500212830617,-0.11357705308705826,1414164.0,5636070.8,-0.020019001085776367,-0.02711935362799245
2024-05-15,0.002157777669065655,0.01912706373817087,0.0626306397968904,0.0959989035313628,0.7883628109601146,0.3584031227337453,2.6689029113596376,82.33859069284583,59.529385229784225,0.0687529382802119,-0.004031920112769427,-0.0023187009527084745,-0.1611642687736328,28193417.0,5740744.949999999,-0.09192796061155739,-0.02711935362799245
2024-05-16,0.005718649659283192,0.018839401927166616,0.06267375718096779,0.09476989006738477,0.8929147829805132,0.3527851557997062,5.414418530399047,82.33859069284583,59.529385229784225,0.09857661833612696,-0.052556684616357874,-0.014357805827332815,-0.14653838518830845,39733514.0,7498512.3,-0.14899612539626628,-0.02711935362799245
2024-05-17,0.008842240320349578,0.01839681011740249,0.053029794229942674,0.08319567854585648,0.9194082678065273,0.35435887167290786,-0.23447138895825503,82.33859069284583,59.529385229784225,0.10938151903539306,-0.07082431761224717,-0.0066238750872485985,-0.15871457669421707,52483694.0,6310053.100000001,-0.21376013749395784,-0.02711935362799245
2024-05-20,0.014184858092257904,0.017537277201455342,0.04741592467286012,0.07966636491354356,1.0268045144603555,0.24278572011573757,-0.7371720070371595,82.33859069284583,59.529385229784225,0.18191400231506938,-0.06858065999856278,-0.007770868926574193,-0.12740594081363893,104801856.0,-235217.2000000002,-0.2173388203017833,-0.02711935362799245
2024-05-21,0.019250321125741068,0.017056138394470014,0.048432360752480384,0.0836142384916255,1.0133597676167363,0.23517696631596216,-5.222572404828838,82.33859069284583,59.529385229784225,0.15803118103820601,-0.024608188133734776,-0.009174332384001449,-0.13240674791767273,116706749.0,-1234770.4500000002,-0.2583471074380165,-0.02711935362799245
2024-05-22,0.022924437402287556,0.017654853305143003,0.06977022526038652,0.10907607647004647,0.9853660748506791,0.24450627451967105,18.11040669304687,82.33859069284583,59.529385229784225,0.1446839068868504,0.0012045421791548883,-0.01068660803953625,-0.0896296260242436,126393773.0,-1393670.6500000004,-0.24528940539320776,-0.02711935362799245
2024-05-23,0.026345699832247438,0.018028443164547908,0.07725438646273146,0.1188578535313269,0.9463878017246442,0.21590247921273073,21.73409805039222,82.33859069284583,59.529385229784225,0.1325128715644095,-0.015016082750720194,-0.00860221313105014,-0.04272859520787589,118521594.0,-1469504.1000000006,-0.17167688552890048,-0.02711935362799245
2024-05-24,0.03070809911440588,0.018227476840683907,0.06081002944882032,0.10457383883994814,0.9880691182601186,0.1986945641924074,10.498211617990819,82.33859069284583,59.529385229784225,0.13128377602019214,0.0005699999770030217,-0.012458945936368204,-0.09401576823141519,128944672.0,-2379238.1999999997,-0.18786160610969682,-0.02711935362799245
2024-05-27,0.030669831791011855,0.01866484426667992,0.057627974361006404,0.10304079514747866,0.984004347124907,0.1913972669165345,-8.003674265364282,82.33859069284583,59.529385229784225,0.10255546731170151,0.008697809770539022,-0.01051302058231629,-0.0832244418351355,109230931.0,-1832821.15,-0.06847609561752988,-0.02711935362799245
2024-05-28,0.028672933147968246,0.018922459938157606,0.04829415178576651,0.09383955923834111,1.0221696700609109,0.18964777533865484,-11.537570010036859,82.33859069284583,59.529385229784225,0.11584229972363658,-0.027792052216288443,-0.015018840919651777,-0.0004255067488184871,94717442.0,-3002570.0999999996,-0.014586814034185824,-0.02711935362799245
2024-05-29,0.025815629873909354,0.0187656531762992,0.034399468931217106,0.07982688828667459,1.0108522096696682,0.19211337525649505,-6.479967297908189,82.33859069284583,59.529385229784225,0.11683821760880209,-0.032028230893805354,-0.00802234386662204,0.11067898941171538,89508411.0,-5607972.15,-0.07517849643007135,-0.02711935362799245
2024-05-30,0.024068939445746028,0.017310693121182812,0.007453765592685401,0.053312777262694774,1.020041933856352,0.1909796309653127,-17.36570417266566,82.33859069284583,59.529385229784225,0.12331519991450168,-0.037822940564873786,-0.0030484922044557994,0.1263768577862838,83615732.0,-9302335.8,-0.08875985068436332,-0.02711935362799245
2024-05-31,0.02024959437250303,0.015594316929541227,-0.015410529316389194,0.029908142588081364,1.2073291142023936,0.20804242418692923,-27.584690781227586,82.59859868943288,69.67502288986873,0.0863345045330366,-0.033770469865977315,0.00032148842299672964,0.00795756698366996,53822436.0,-11514362.0,0.015532368982689171,-0.02711935362799245
2024-06-03,0.018499348741051247,0.014271152760308723,0.010933871466304083,0.05873696192849276,1.2248765943434614,0.22990024418607932,-19.74978615054451,82.59859868943288,69.67502288986873,0.06888559301689323,0.007450268896395551,0.005827663134147842,0.02429874834921358,50482832.0,-8829352.2,0.029066517607601927,-0.02711935362799245
2024-06-04,0.016542442909344392,0.012201124243021146,0.00023847999313249908,0.04817240465131344,1.2531060607245474,0.22742372153214607,-14.285735769757508,82.59859868943288,69.67502288986873,0.06925777550009515,-0.02050767137993703,0.0015900582106973538,0.0284865660004564,31271495.0,-7349923.75,0.04921785578023652,-0.02711935362799245
2024-06-05,0.015570307965971076,0.01010851749486664,0.01497508462765589,0.06527857310354901,1.225112074234952,0.23390091074560515,3.5109928600670415,82.59859868943288,69.67502288986873,0.11628724072436025,-0.051449390283310414,-0.0010814504897231902,-0.011505039029011366,27268748.0,-6853570.0,0.06382707390167708,-0.02711935362799245
2024-06-06,0.017432078107295874,0.010402103523716975,0.05636312077012682,0.11213278419794162,1.294693216677291,0.2764538872805357,8.704610339777005,82.59859868943288,69.67502288986873,0.11385217227435884,0.009263493339169093,-0.002505220093389493,-0.014994330448572025,47049012.0,-1762862.6,0.13621451104100957,-0.02711935362799245
2024-06-07,0.01954788533049769,0.010761801544838325,0.03393524667907017,0.09092640259838276,1.0649711577611465,0.28785811237905523,11.000014527474924,82.59859868943288,69.67502288986873,0.09966877715654099,-0.0036588393121721463,-0.0040167871789322795,-0.04194431605210927,25417497.0,-366368.45000000007,0.19227862451190325,-0.02711935362799245
2024-06-11,0.019716802859648823,0.010594380210959129,0.03474537696402096,0.0934565207348309,1.153545200962734,0.2812310654505376,6.301411435023724,82.59859868943288,69.67502288986873,0.11243623001657888,-0.03429210375362857,-0.0027757264119433467,0.010418742850207946,2034569.0,-2023205.05,0.2638577922518488,-0.09472887275001884
2024-06-12,0.022353357771194748,0.011536299197112541,0.05999641115495533,0.12267257589332527,1.2291207659631904,0.29539108328223007,-4.751951783110307,82.59859868943288,69.67502288986873,0.1258052050685987,-0.023987169134172426,-0.0017205998495877228,-0.04810847538096188,7423065.0,565939.75,0.3099508344297486,-0.09472887275001884
2024-06-13,0.02415924879075423,0.013585324928827799,0.07058415716411447,0.1353657785526519,1.3267136790403287,0.2943743321779759,0.6805470229762705,82.59859868943288,69.67502288986873,0.11047195190549575,-0.010886892476252186,-0.003487728435056625,-0.054107614784191196,3240183.0,2182693.65,0.3164015124491688,-0.09472887275001884
2024-06-14,0.02322552947200456,0.014170334676119771,0.06883470538601673,0.13530989697676196,1.208384784104961,0.29429030078260554,4.140728614712174,82.59859868943288,69.67502288986873,0.11574795916123137,-0.01519677431546862,0.008357456573107047,0.001978619467172309,-7504587.0,-1050302.4500000002,0.29546081677704183,-0.09472887275001884
2024-06-17,0.023859029153393083,0.01517118927494181,0.062182761689083765,0.1303221589743552,1.1311536060528158,0.2917644194000423,2.866897702631384,82.59859868943288,69.67502288986873,0.14149653731299416,-0.034239365520850606,0.007010399283415625,0.00607590926229481,-17479236.0,1228853.0,0.28116674636245653,-0.09472887275001884
2024-06-18,0.026561189535390318,0.016809752242322885,0.08062499189748241,0.15289078980065268,1.0645771701598281,0.298293845639724,7.249155190702787,82.59859868943288,69.67502288986873,0.13255866621864265,0.0011476637968839132,0.004259333934247378,-0.030006690498559467,-7281624.0,3505718.2,0.31302579921480644,-0.09472887275001884
2024-06-19,0.029917293602050456,0.01825035764214168,0.11501967453686048,0.1944804030841177,1.1135410886527892,0.32160580363531627,11.248320614806076,82.59859868943288,69.67502288986873,0.13611860084671723,0.03485827889083137,0.004399851845833025,-0.0316866651975965,1997878.0,3415635.7,0.4733675061288165,-0.09472887275001884
2024-06-20,0.031933020376149084,0.01873404587274951,0.10744667406778605,0.18967545055785665,1.0618363272647247,0.31448703640489023,18.30058991635076,82.59859868943288,69.67502288986873,0.09424958239310866,0.04555559356137362,0.0045292638872238555,0.04140524508308056,-19348192.0,1375752.6,0.5962774704739124,-0.09472887275001884
2024-06-21,0.03259617595262745,0.01933015517748005,0.0889823289668497,0.1717645348926364,1.2251998604545464,0.3198844369413199,15.65364578900217,82.59859868943288,69.67502288986873,0.0804841337979676,0.03237209528472085,0.003633941346006031,0.03338942306086027,-30947243.0,1315406.5499999998,0.6787639238232124,-0.09472887275001884
2024-06-24,0.03168594133049681,0.019247247722934506,0.05079967930056302,0.13185524942800386,1.356087226105796,0.34175617463769725,-4.390826498699639,82.59859868943288,69.67502288986873,0.028845509969469996,0.05954325606213118,0.004413313034563826,0.0378790773266515,-53657016.0,-484709.8000000003,0.7271496758566645,-0.09472887275001884
2024-06-25,0.02965801528575721,0.018788044953646173,0.051724772327379154,0.1340297038873546,1.3942533994030362,0.3416714833677785,-7.883039746789137,82.59859868943288,69.67502288986873,0.04725991550668862,0.04439996786793321,0.0041163036508107265,-0.0038016784941754624,-51781908.0,-2682236.0000000005,0.6778267842822774,-0.09472887275001884
2024-06-26,0.026864463957558832,0.01858885087453556,0.06260448625444405,0.14757835998114052,1.2541607835218584,0.3420769392541848,-10.098278058776444,82.59859868943288,69.67502288986873,0.02528262331881792,0.08883360773896265,0.012581839947338969,-0.024901892065244464,-43807750.0,-5237436.1,0.6009781545484187,-0.09472887275001884
2024-06-27,0.025890257400186568,0.018270832108338502,0.056389697452232386,0.14331903842114788,1.2114350662011042,0.3382937474582041,-2.664862756760826,82.59859868943288,69.67502288986873,0.03865829769522722,0.08585803965323979,0.012696567972493744,-0.041390940470425755,-44444876.0,-3929644.6000000006,0.5869988322304398,-0.09472887275001884
2024-06-28,0.027591688449308698,0.018319862113237967,0.05537225152173296,0.1459391483033616,1.009380174488063,0.32141584180372584,1.4367808252233658,82.59859868943288,69.67502288986873,0.057797213661447966,0.09940281422672048,0.004478502105936366,-0.01792061105867026,-29165886.0,-3306983.5,0.5956824240847909,-0.09472887275001884
2024-07-01,0.031600192648114214,0.018662649599920457,0.04895295875310446,0.14421596250285035,0.8710382049833165,0.3051483791598963,1.1529189833736382,91.44338278255677,88.29497570693968,0.06905430196268036,0.11455275283782629,0.004561758521185233,-0.032615556004509265,-12950019.0,-34339.85000000009,0.4378867483946294,-0.09472887275001884
2024-07-02,0.03357031992252943,0.018879652981554185,0.033716624109573,0.13068327353377854,0.7350393897826617,0.29933237134068175,-1.3018790710511041,91.44338278255677,88.29497570693968,0.07617267828746987,0.06296496547073671,0.0017465473552980004,-0.043568154037949065,-20354564.0,997986.3999999999,0.4681030840726659,-0.09472887275001884
2024-07-03,0.03587255963573063,0.018907385924925586,0.04610854160507176,0.14857423916728912,0.6471778110137625,0.2972797646056974,-7.165240292788027,91.44338278255677,88.29497570693968,0.10465635966601261,0.0667188313943321,0.007999527800731876,-0.034691990607611925,-10907727.0,1339041.95,0.46399999999999997,-0.09472887275001884
2024-07-04,0.038303089382977565,0.018880196080821147,0.06511094116553848,0.17473294751822263,0.6495919997739761,0.3026128302801396,-2.9603882866148297,91.44338278255677,88.29497570693968,0.05690204598305071,0.12446136809331931,0.009053781911811498,-0.03260650835657746,1255893.0,3587226.5500000003,0.4812395109086549,-0.09472887275001884
2024-07-05,0.037111652278791485,0.01869072264762085,0.058690673148838704,0.1703294530947737,0.5945040521936049,0.2676414471088599,5.439403564646923,91.44338278255677,88.29497570693968,0.06689009352780162,0.06161580224404095,0.00789410063174567,-0.0010006347153949271,-19101047.0,3557608.15,0.3658726192459325,-0.09472887275001884
2024-07-08,0.03730943797488429,0.01935526127250395,0.0812164977510046,0.20018284311500462,0.6867203666094462,0.26572355020019545,5.4605021217324605,91.44338278255677,88.29497570693968,0.09040060700381636,0.09162461649164477,0.00571584568720751,-0.010400005380248987,-7580858.0,2357381.5,0.33273466800485973,-0.09472887275001884
2024-07-09,0.039396657604430334,0.020113053918566104,0.07741300716893065,0.20075579742087693,0.7832863567826854,0.265669748167334,-3.887824374635059,91.44338278255677,88.29497570693968,0.07451854691236082,0.10783650362263919,0.004237058178676145,0.002162964376719236,-13317579.0,151799.34999999998,0.3748121108009448,-0.09472887275001884
2024-07-10,0.038895873067204656,0.020877315209186776,0.07482638929954093,0.20093392024856918,0.8857226940210715,0.2541027117723571,-3.3238461178384995,91.44338278255677,88.29497570693968,0.06949446622201161,0.08456383963532632,0.005932082244325176,0.0260710198185077,-32588960.0,-1769705.6,0.3741079452344451,0.2361315900514176
2024-07-11,0.038933535258636576,0.022863091523422807,0.10170344712650047,0.23418217223639368,0.8994162240670138,0.26956496053273693,5.359377236278775,91.44338278255677,88.29497570693968,0.017356827180218914,0.1578335375941402,0.011984056008441435,0.02763969664698981,-40579804.0,-3993446.3999999994,0.3980056362453934,0.2361315900514176
2024-07-12,0.03888624865319197,0.023669352147004406,0.054552690067354664,0.18308412889950537,1.0875436725892877,0.31376680107066907,6.720405426428258,91.44338278255677,88.29497570693968,0.031595228017244015,0.09638722433384239,0.002718321707988469,-0.008159200943524564,-63896597.0,-7189811.950000001,0.4030033548112253,0.2361315900514176
2024-07-15,0.03645313523734605,0.023974223198362413,0.04822846639456509,0.17774520659584833,1.0653121534950718,0.3134551474871184,5.116005204180709,91.44338278255677,88.29497570693968,0.015753918134839617,0.11345325069926782,0.006151699226046414,0.04284237274670325,-65820887.0,-8002070.25,0.47768595041322315,0.2361315900514176
2024-07-16,0.03364322943412166,0.02546248107589129,0.0573791711786613,0.18782953038193936,1.0089032188887843,0.3081596346790703,-4.700778724440369,91.44338278255677,88.29497570693968,0.006749151306101764,0.11202070961523836,0.00845183231487212,0.04471107031351132,-70617394.0,-4787456.3,0.4936729136633029,0.2361315900514176
2024-07-17,0.02874772461136409,0.02627821495504304,0.02979401827297266,0.15338668417935605,1.0650801420874472,0.2966699696532128,-9.306513958782801,91.44338278255677,88.29497570693968,-0.06182180926073644,0.11177079038731275,0.006671342144884074,0.13706856337607526,-103415280.0,-5478970.4,0.4794030151767257,0.2361315900514176
2024-07-18,0.021524003696841786,0.025347171886894795,0.003595036908381018,0.12008428383315299,1.2014653540135665,0.3116312967540042,-16.571222549829535,91.44338278255677,88.29497570693968,-0.030942877285822457,0.055407756360285054,0.0033970938331131517,0.2380508552704645,-127975073.0,-10671957.15,0.5286818075392179,0.2361315900514176
2024-07-19,0.015412684770343653,0.024301715842462334,-0.031356086857442865,0.07727401021979448,1.2982040936441914,0.33471668581618663,-24.495980448680463,91.44338278255677,88.29497570693968,-0.048998451017506106,0.048998451017506106,0.00921432050180715,0.26755163565060414,-159109775.0,-11319102.45,0.3725599315068493,0.2361315900514176
2024-07-22,0.009272788401508188,0.023000218713228104,-0.06226598212499094,0.03946029386716862,1.4656071352248148,0.336006353153365,-19.811943726914322,91.44338278255677,88.29497570693968,0.0197914292802035,-0.020855308557282348,0.012915962085705779,0.13712628587747766,-141753343.0,-11266384.65,0.34086784359016664,0.2361315900514176
2024-07-23,0.005311946776984971,0.020843016451240776,-0.023976872730530337,0.07975533071426773,1.5466863994238933,0.368120021963594,-8.297872910092998,91.44338278255677,88.29497570693968,-0.012758703341594457,0.048737480277572076,0.015067355436228613,0.11464487910092816,-130369656.0,-10703301.0,0.24423467558848122,0.2361315900514176
2024-07-26,0.0010497854135787523,0.01776623488110279,-0.07715353783969196,0.016627043140870688,1.603506557783291,0.4176818317904998,-12.249974044651921,91.44338278255677,88.29497570693968,-0.06404428805793405,0.026544249552359345,0.00521971028575674,0.2233168715963159,-175554035.0,-13077872.850000001,0.3987210296932915,0.2361315900514176
2024-07-29,-0.0009486782961413789,0.01588322409532293,-0.056424539477905135,0.03564961115559162,1.43121135653516,0.4257550789227502,-4.8404871205019475,91.44338278255677,88.29497570693968,-0.061513410803725854,0.04484675615298317,0.006620222276494836,0.21915396592777167,-162449946.0,-4924365.7,0.30524895756683845,0.2361315900514176
2024-07-30,-0.0022468646883515267,0.015474886889480465,-0.05920030743051036,0.028047328947220836,1.2177977590507572,0.4251782796358895,-14.179079528399214,91.44338278255677,88.29497570693968,-0.10637467668071598,0.07945948526823221,0.010063988433685722,0.2746334613054523,-170702321.0,1451329.0500000007,0.3441727791361042,0.2361315900514176
2024-07-31,-0.0038947410841240126,0.015075105687630298,-0.06361204505891895,0.018570532888774197,1.0185676734478748,0.42542206057807386,-3.896915971442759,85.28886086194859,99.40080682225619,-0.04454318959904713,0.009419407986746675,0.007922092112071732,0.16147815503550628,-175861850.0,1289550.2999999998,0.3747716292476959,0.2361315900514176
2024-08-01,-0.005582968245247313,0.014597179408380916,-0.037545687509303406,0.04356684904660243,0.9971096474522089,0.43689031570736947,-3.4559990509822427,85.28886086194859,99.40080682225619,-0.12360714115887972,0.12360714115887972,0.0015558270850211109,0.2897630736161835,-173215489.0,71866.04999999888,0.3576978417266188,0.2361315900514176
2024-08-02,-0.007590506857670134,0.014085409709502847,-0.09122932387020442,-0.02027793973768366,0.9259027390614495,0.4785815376176246,-9.171818198024553,85.28886086194859,99.40080682225619,-0.18471552191788954,0.10708527385468025,0.004411645526214425,0.5615715418109022,-221121008.0,2736311.4000000004,0.3993210796489486,0.2361315900514176
2024-08-05,-0.016292662269902242,0.011467656190648328,-0.17187410213965898,-0.11601176241088378,1.1992362846117475,0.568874783467637,-10.57282057305325,85.28886086194859,99.40080682225619,-0.20034077705358477,0.011286095849472377,-0.0009992363939554938,1.3658947813072404,-275776264.0,-5226429.199999999,0.4373406709019545,0.2361315900514176
2024-08-06,-0.02126806943067243,0.009902468187793313,-0.10011244034277528,-0.04700962626185202,1.3156175442922637,0.6515289870945444,-4.355396093443659,85.28886086194859,99.40080682225619,-0.19248241752957906,0.06810429001122398,0.005303582388360706,0.6238864923906398,-236102067.0,1327709.9499999993,0.31161070005691527,0.2361315900514176
2024-08-07,-0.02536467411273305,0.009221418410457054,-0.053643907743108774,-0.0058645486608101816,1.3566985816872612,0.6650698699089574,10.29480323529863,85.28886086194859,99.40080682225619,-0.2322447838809535,0.12113378759923732,0.011885231470844637,0.5612737057743227,-223208513.0,3669431.6500000004,0.26599286563614744,0.2361315900514176
2024-08-08,-0.032583073098232856,0.00743675038478174,-0.07145445788989999,-0.03319418597181076,1.3364040701187772,0.6680391343935753,13.362076319245226,85.28886086194859,99.40080682225619,-0.179558453239695,0.04109705066994318,0.005512637454684999,0.29279430802890527,-219407276.0,1217926.8000000007,0.2613822725497852,0.2361315900514176
2024-08-09,-0.034468853689422055,0.007532723840970222,-0.02647473073762351,0.005779867638416335,1.248451454136129,0.68952602883091,9.549378531471987,85.28886086194859,99.40080682225619,-0.20240185278509037,0.0961819312114005,-0.002993201078758778,0.08478010250013104,-194902311.0,11589701.350000001,0.23932445949065162,0.2361315900514176
2024-08-12,-0.03226131520443204,0.009123924280826335,-0.013019763605930091,0.01035076737596597,0.9157995513074445,0.6762090045242536,10.056092477692523,85.28886086194859,99.40080682225619,-0.1677012849587386,0.03807173085007853,-0.004661303652577775,0.08047471312712856,-182316660.0,21785317.2,0.15517909753450154,-0.0236879453678267
2024-08-13,-0.031138112392665597,0.009401500067888131,-0.006807668420807957,0.009558640122305779,0.6943956482243088,0.6665056047501987,13.197277014311638,85.28886086194859,99.40080682225619,-0.14421688139484723,0.0490247919089144,-0.004563601552649232,-0.0684043708824868,-152506314.0,13959824.5,0.10801988841234289,-0.0236879453678267
2024-08-14,-0.03013933406166802,0.009293239679162835,0.005462239574448508,0.014959530728677459,0.621570400551143,0.6676409662331583,3.163868446817169,85.28886086194859,99.40080682225619,-0.14614092243983856,0.05767961364472718,-0.007465897382675668,-0.17414810964861158,-135425120.0,13034820.0,0.04600562892400961,-0.0236879453678267
2024-08-15,-0.02870610989604853,0.009838447449360646,0.0061349993081679126,0.007606721761125115,0.565640430268405,0.6641736815642895,5.454791239553693,85.28886086194859,99.40080682225619,-0.10865724775510821,0.0024961282344861946,-0.0177749263123107,-0.2271389691995888,-137183139.0,14985658.350000001,0.03302949061662197,-0.0236879453678267
2024-08-16,-0.02626637546902853,0.010160748494555939,0.037251224702365415,0.03297388868898554,0.5521278521610302,0.6696910437089967,2.967891085121309,85.28886086194859,99.40080682225619,-0.04408813980777171,-0.015134985730329564,-0.0037096981657336325,-0.24956900420193098,-99031203.0,13476047.35,-0.045499471728979946,-0.0236879453678267
2024-08-19,-0.020789553270968885,0.010286814254984379,0.043319652347548705,0.03517186699139657,0.5216550750063333,0.6648422452833602,7.745368201626313,85.28886086194859,99.40080682225619,-0.03124300552516357,-0.0005978922851539448,-0.010935313999747343,-0.25475635603092606,-64087761.0,9779457.05,-0.13024965538367284,-0.0236879453678267
2024-08-20,-0.01551531468306623,0.010234403673160856,0.04315187387200847,0.03331455081470327,0.5487905994310496,0.6525628327647379,2.5839462653441174,85.28886086194859,99.40080682225619,-0.013453236556404513,0.016545969305803765,-0.022319935279060066,-0.19086925214822045,-25108441.0,7460405.45,-0.12977575398434338,-0.0236879453678267
2024-08-21,-0.009704606148956076,0.009822813173575626,0.026025580418323372,0.015688957178533518,0.5499426975684,0.644078477977331,-3.4466185286707045,85.28886086194859,99.40080682225619,-0.03831807473947724,0.05855257177109208,-0.027027784999130722,-0.17386003989795806,-24032975.0,5126025.95,-0.1299064845576473,-0.0236879453678267
2024-08-22,-0.005281391981246913,0.009342666980595746,0.02005792841482142,0.006749089072932917,0.5824694913115188,0.6262614919600937,3.163510331060337,85.28886086194859,99.40080682225619,-0.0576149994676568,0.029014469707771107,-0.033939337142469106,-0.11522274743850669,-36181892.0,4787560.2,-0.07068087966964376,-0.0236879453678267
2024-08-23,-0.000695777769770486,0.008540774826801507,0.01654963900439823,0.0030861615815574285,0.5458117375944055,0.5911557412357895,22.877902664692634,85.28886086194859,99.40080682225619,0.0245966734952221,0.002459568113349908,-0.018625790521559327,-0.19935384894327976,2476144.0,-1677912.4,-0.10678509027373329,-0.0236879453678267
2024-08-26,0.0013403505156170748,0.00823958179520929,0.017294023120300078,0.002442658254148565,0.5714033857885702,0.5865830732717844,20.152299753847657,85.28886086194859,99.40080682225619,0.0019124817192774923,0.004443479150238794,-0.031815991511315866,-0.18378694573108756,-13208119.0,-2210528.6500000004,-0.033825049328196966,-0.0236879453678267
2024-08-27,0.001286537666872235,0.008328475108250891,0.00861933154989871,-0.007869877747137847,0.5622091649867095,0.5872637468128676,0.2769046811494036,85.28886086194859,99.40080682225619,0.05387973492233211,-0.05175197636817441,-0.03166887443827826,-0.2156962261568,-10516454.0,-3639566.9000000004,-0.032134845085794006,-0.0236879453678267
2024-08-28,0.0018742698896886767,0.009230319101326444,0.030520116101107688,0.012702658616763514,0.5737192900470948,0.5919307235564683,-3.972969007412644,85.28886086194859,99.40080682225619,-0.03317678951529324,0.06529664313191175,-0.032553502578121174,-0.13195674502755142,-5075159.0,-3458221.05,-0.04964266729667477,-0.0236879453678267
2024-08-29,0.0024670202972838827,0.009479513453928032,0.008987812443102821,-0.011094222603085312,0.6634299285890941,0.5896869788752068,-16.286389533056557,85.28886086194859,99.40080682225619,0.034912443581674335,-0.05262074776273762,-0.018092064619711246,-0.20006135610250442,-28429606.0,-5616970.9,0.0344576999939441,-0.0236879453678267
2024-08-30,0.003320667056883,0.00983311305030052,0.007847102994925555,-0.011914670587748774,0.8399457299151826,0.5467463576780747,-5.9721970737765915,85.28886086194859,99.40080682225619,0.1195939212596957,-0.07418962039151467,-0.026240568049611168,-0.21648515309618552,13562898.0,-6780533.100000001,0.021655523341814087,-0.0236879453678267
2024-09-02,0.010119406734940939,0.00983384255893601,0.004982559530847723,-0.009409028195250082,0.9473308288643248,0.39851718465780245,-21.098139029908836,85.0114317519526,107.74300319013696,0.14147066596051738,0.021719524056335038,-0.01819334810958928,-0.16508961522163573,55958646.0,-7979821.7,-0.03161510092621267,-0.0236879453678267
2024-09-03,0.013223407100928123,0.00880100565237618,-0.006657581369143344,-0.018613596198911973,1.0724282329361123,0.29777244349690746,-6.825814378093618,85.0114317519526,107.74300319013696,0.041910727837421335,0.02627104159459215,-0.02288935031898298,0.17617002592779868,20395539.0,-5314771.75,0.058395065554970094,-0.0236879453678267
2024-09-04,0.009941740330256766,0.006453733571797457,-0.059010367259479724,-0.07207511563058462,1.3264496137266422,0.3207606100670728,-17.54904363512285,85.0114317519526,107.74300319013696,0.07784886068959063,-0.11154457300300535,-0.02431505828998959,0.2330826884363577,-36899176.0,-12010838.6,0.10582010582010581,-0.0236879453678267
2024-09-05,0.011181254989008012,0.005081630191255094,-0.04555315400150367,-0.05887260456749765,1.2641664685038942,0.31182828496972415,-24.18312275506746,85.0114317519526,107.74300319013696,0.002623706263819914,0.004072752716647088,-0.021286418673579055,0.16404900019990362,-24447938.0,-7733706.5,0.055596830113917806,-0.0236879453678267
2024-09-06,0.008114020696589471,0.0034020204733379023,-0.027799729722624088,-0.042386586866059346,1.0695089863726561,0.27836941827723566,-13.046236138583708,85.0114317519526,107.74300319013696,-0.03848219493841032,0.021351588378643482,-0.01244047443197438,0.301465418817052,-36017873.0,-6270674.75,0.05363960887785191,-0.0236879453678267
2024-09-09,-0.0011661230775468143,0.0013536316075468543,-0.045850227530644536,-0.06188046855513173,1.1806242527479573,0.2856947946934015,-3.7984261422521257,85.0114317519526,107.74300319013696,-0.02488290943510696,-0.018734132847969653,-0.012612904625751042,0.13523614228289818,-67762084.0,-8686557.600000001,0.19628175442128937,-0.0236879453678267
2024-09-10,-0.006287652756459195,0.00017894609434643806,-0.03865585890517643,-0.05636744161126968,1.2522259483483198,0.28679347506667296,6.16909223291043,85.0114317519526,107.74300319013696,-0.052938835001621776,0.013618876404284053,-0.004063299437007006,0.11052907490651631,-74193225.0,-8873582.75,0.20309663275442746,0.004011494278898242
2024-09-11,-0.00714475615228334,-0.0004018623468785353,-0.03944567729733582,-0.05917162051189012,0.8996101891994835,0.28470857462702753,1.9043172698949036,85.0114317519526,107.74300319013696,-0.004698668313092624,-0.04487950060690393,-0.004550359317201713,0.025150709184606244,-84303048.0,997942.0000000005,0.20994170202490592,0.004011494278898242
2024-09-12,-0.007396876804405035,-0.0007705039133691313,0.006537167764344163,-0.014090896418326662,0.9268637837691336,0.33564399577368415,18.563623992502215,85.0114317519526,107.74300319013696,-0.053145129032507676,0.054408995230032065,0.003500471993511889,-0.01602491429636785,-63283920.0,3523501.0,0.1656458700993113,0.004011494278898242
2024-09-13,-0.007497241767907355,-0.0015053570081552197,0.01499441101523379,-0.006234038745596341,0.9598154292165484,0.3212299602450383,15.444925146904666,85.0114317519526,107.74300319013696,-0.036702241791983004,0.018356494634020337,-0.016012968030151176,-0.05024090450069631,-74769172.0,4512686.0,0.18221095479540095,0.004011494278898242
2024-09-16,-0.00649343201689858,-0.001675919777064445,0.016175043284628904,-0.005718526165100028,0.8295572967999351,0.3207358335665004,16.53052659617999,85.0114317519526,107.74300319013696,-0.06762084140132496,0.04523970961916712,-0.006145917281181079,-0.023945814332596804,-75556634.0,8793990.7,0.16261050258866616,0.004011494278898242
2024-09-18,-0.006017208040507345,-0.0017948077207019426,0.011238675683165918,-0.011590876013799822,0.7916274965479818,0.3212785088639849,-3.649281738498246,85.0114317519526,107.74300319013696,-0.06485572008778029,0.036280710882613865,0.0009088305213083014,0.031225235733169168,-76868065.0,9513418.65,0.18894702888681825,0.004011494278898242
2024-09-19,-0.003192140795021507,-0.0010247892541838258,0.031310264317260535,0.007939721649582093,0.880714592161157,0.3252965463445885,5.1708939789579915,85.0114317519526,107.74300319013696,-0.03820860693311101,0.04476493593006137,-0.00363696903858024,-0.07640969938624796,-66372396.0,10829127.399999999,0.15633728124447588,0.004011494278898242
2024-09-20,-0.0018515575320432326,-0.00048271235773233523,0.04380568021835067,0.021013629620146104,0.9571574835429282,0.3270504893211839,5.874878536495309,85.0114317519526,107.74300319013696,-0.017071270403805072,0.044767338521741196,0.002303200975753761,-0.08295952636431483,-42476052.0,9263841.8,0.07491991319623859,0.004011494278898242
2024-09-23,0.0008214364979059578,0.00040738191450221767,0.04628893929287188,0.02482995661739459,0.9101517338335956,0.326868728248199,12.80767787613803,85.0114317519526,107.74300319013696,-0.03879392339102239,0.07288973273661448,-0.0014359146931993694,-0.09779983123443438,-36113329.0,7982729.850000001,0.004662080657255485,0.004011494278898242
2024-09-24,0.004197005060261056,0.001473388292150748,0.054670483308550594,0.034754021174462635,0.9877105567286483,0.3281829880294584,6.822975059897168,85.0114317519526,107.74300319013696,-0.0010927859364734394,0.04467325323678384,0.005621286190115704,-0.1242993862210777,-22047311.0,8933295.55,0.0016207980809750389,0.004011494278898242
2024-09-25,0.009300394409400075,0.002664144787061576,0.07006372995186363,0.05282860577720879,1.0222636870517525,0.3302259395618361,26.086323575219282,85.0114317519526,107.74300319013696,-0.004096115507179143,0.07573278297025043,-0.0034266796273711986,-0.12311150532652626,-6933644.0,10168176.799999999,-0.030445404999060344,0.004011494278898242
2024-09-26,0.011930691385805214,0.0031376646689077526,0.07753991799574156,0.06235292772838764,1.0439770061375833,0.32297787153816476,25.8124013262629,85.0114317519526,107.74300319013696,0.04959718602016072,0.008002641146352518,0.005300557707662357,-0.1210362261508168,6106323.0,10478448.65,-0.0614337652652186,0.004011494278898242
2024-09-27,0.013789351485346294,0.003346930996303508,0.058178838778321945,0.04584555435613519,0.9123728500766148,0.31674412205289876,12.769038618165673,85.0114317519526,107.74300319013696,0.03737733866257398,0.027796908999420555,-0.016352459756959425,-0.033728391601107785,31007581.0,6107896.350000001,-0.11687741482262026,0.004011494278898242
2024-09-30,0.012961185689226927,0.002665342083065183,0.011757015189458769,0.0011823916710080725,1.1939487311996666,0.3570239863137887,-18.306971836985994,87.15859630501383,114.38729282056909,0.0027603666846722774,0.015531683451968314,-0.008883138943385993,-0.05150666175324026,10129042.0,2639633.9,-0.016129032258064502,0.004011494278898242
2024-10-01,0.01223759834027613,0.0016189927090131423,0.026085174801921674,0.017381081341037396,1.1796473907486014,0.36062575845150563,-16.37350789537622,87.15859630501383,114.38729282056909,-0.02595164928691318,0.055840319173504405,-0.013001636530864613,0.07890095785064269,11710563.0,984157.2499999999,-0.03421710564567704,0.004011494278898242
2024-10-04,0.01080919596261977,0.0004509815781689991,0.029126897760569533,0.023034621930953906,1.1525745414358362,0.3587684969076891,-5.808512204955747,87.15859630501383,114.38729282056909,0.0941037704874974,-0.05010706775018714,0.002724681381802041,0.08067052865605326,15267896.0,-618081.6000000001,-0.026327349401118694,0.004011494278898242
2024-10-07,0.014210064410010338,-0.0008874359331852233,0.05197521600488113,0.05282079656633944,1.229967053145225,0.3012110992788303,1.02243128696864,87.15859630501383,114.38729282056909,0.08928172093281739,0.0462433854273927,0.011225391395311979,0.26891602300754036,75272601.0,-3786171.8499999996,-0.08099997168823081,0.004011494278898242
2024-10-08,0.016852790568627988,-0.002100709736102027,0.051047585416511804,0.05852771195305807,1.1997027530196924,0.29972294620965534,-0.9879635656754857,87.15859630501383,114.38729282056909,0.11042467440846182,0.014302562908221628,0.005219826183268106,0.19544593843221073,74153200.0,-4034639.6,-0.06187683284457479,0.004011494278898242
2024-10-09,0.021535986636315,-0.0021485549445735175,0.055627748800319995,0.06938861521892493,1.0755243797961054,0.29695224817333643,-1.071574973077432,87.15859630501383,114.38729282056909,0.17527409221359758,-0.059208146843832354,0.005092579736254654,0.16915148350409712,83866218.0,2482555.9,-0.0674365848628583,0.004011494278898242
2024-10-11,0.027931870093221085,-0.0021787026607954126,0.07317144748611062,0.09617758195776964,1.1581208043182845,0.28689663896302475,6.796939214773175,87.15859630501383,114.38729282056909,0.1535222577021167,0.014064117504953177,0.005295639349081505,0.14349584101119775,119074493.0,3444399.549999999,-0.11156306104129265,0.2476131466037268
2024-10-14,0.03334032088292541,-0.001600967589268879,0.06523952789910671,0.09599330221577809,1.1292395301980762,0.2881825015391985,4.652115668343569,87.15859630501383,114.38729282056909,0.16056249460150895,0.000565934907630572,0.0006851674959487131,0.09911573955446007,116803888.0,1883760.0,-0.08012072205455267,0.2476131466037268
2024-10-15,0.035907672068974265,-0.0005537068372022763,0.08119032571970454,0.12153462457231196,1.1081143012113421,0.2906385995159323,4.610726192219701,87.15859630501383,114.38729282056909,0.04786800514079714,0.14499730022460255,-0.00018659489465455703,0.14216145523789242,129591827.0,1167043.4500000002,-0.0815110477548111,0.2476131466037268
2024-10-16,0.035333949208107465,-0.00020344312170602,0.05035678950252792,0.09543224006713397,1.2065865789269086,0.27370361157332035,-9.106445079329063,87.15859630501383,114.38729282056909,0.052551409214808054,0.05915069859493127,0.0019934280320557107,0.0760311138863479,90790445.0,-852768.25,0.011518138098913555,0.2476131466037268
2024-10-17,0.034204652915689804,0.00031952877169716686,0.03572494069972486,0.08476816853336624,1.1987689507232369,0.27867757187233283,-10.88789320703863,87.15859630501383,114.38729282056909,0.04503970767184917,0.04788525341932948,0.006640916693623211,0.04289460725872043,71376461.0,-5292547.05,0.09372074058413116,0.2476131466037268
2024-10-18,0.033325491724562825,0.002324407027792801,0.07831445720398446,0.13549721186241698,1.296965257091414,0.3180751315450023,-7.7323871681482785,87.15859630501383,114.38729282056909,0.060723719124819775,0.08499963106938857,0.004070419852000962,-0.018428244773820122,104548010.0,-3116538.1,-0.006573765525598296,0.2476131466037268
2024-10-21,0.03302752203362766,0.004241377348531319,0.0706532586318554,0.1331391652552054,1.2828519330391686,0.3153310932679775,-0.8580375038823149,87.15859630501383,114.38729282056909,0.07324525167542117,0.07978331514284709,0.00320916124496029,-0.00029926394045455914,109792696.0,-1221857.7999999998,-0.010399710616748048,0.2476131466037268
2024-10-22,0.029808500904861614,0.006082729576435382,0.05480042768435472,0.11996283341464838,1.2624073314989819,0.3167012178393855,4.683821324573003,87.15859630501383,114.38729282056909,0.02448561889708656,0.09530587206922059,0.008559091377240202,-0.014564905663503725,95218293.0,-4125113.8500000006,0.03485492402238055,0.2476131466037268
2024-10-23,0.028746591991796414,0.007667262627202701,0.035661927924385765,0.10270144373733006,1.2034338894152465,0.3228373602192579,8.056554666083173,87.15859630501383,114.38729282056909,0.026261696270640567,0.06315249937241951,0.007743650611767849,0.033103324150924804,74231126.0,116619.1000000001,0.09684035121450996,0.2476131466037268
2024-10-24,0.02836984548837427,0.009946079360553679,0.03147957396805571,0.10002935949630307,1.094703236298203,0.32323048631077916,7.4819460764075245,87.15859630501383,114.38729282056909,0.026224589300212875,0.05872933217205345,0.0004689517286193823,0.015812166930526696,78721627.0,3710015.2499999995,0.09345794392523366,0.2476131466037268
2024-10-25,0.025193785666944135,0.01064184031304982,0.03242699394186402,0.10283029155732296,0.802399770711076,0.3224750227139544,6.213618283710474,87.15859630501383,114.38729282056909,0.023773670126434165,0.055253706523215484,0.001590840904023283,0.06831318729746383,74450230.0,-1911137.5,0.07456551991973859,0.2476131466037268
2024-10-28,0.020130234253459185,0.010530388471313138,0.015670178724574792,0.0851589328099817,0.818983930506263,0.3239626888617614,-11.555771272876264,87.15859630501383,114.38729282056909,0.015421255453959004,0.029354603470628016,0.011476341958118974,0.028598108931624167,68035350.0,-1931742.1,0.04526070943981386,0.2476131466037268
2024-10-29,0.015601217031555372,0.009983456693287542,0.00478224317935254,0.07278876668028822,0.8319655534562361,0.3253070968106095,-13.653876232240947,87.15859630501383,114.38729282056909,0.004080580336126571,0.020549813481345103,0.004732784133311796,-0.005553260072498471,54613242.0,-67907.5,0.026883856442855292,0.2476131466037268
2024-10-30,0.012750346430221587,0.009776500380209815,-0.006319091127334213,0.0611188234837516,0.861341634806175,0.3224013563266099,-18.653873174417228,87.15859630501383,114.38729282056909,-0.012217162427641926,0.04221715929562131,0.01725998993579525,0.037339128924891225,48266587.0,52038.25,0.046601040734480126,0.2476131466037268
2024-11-01,0.011969038918425014,0.009509054889855003,-0.014375583888257963,0.05368817077630304,0.9452562851611156,0.27761958784502344,-17.0938845285475,90.97364117259131,123.96349421095101,-0.03317763197575485,0.10423305865411359,0.00911480057802172,0.1008804609190743,60771521.0,-3482511.25,-0.05444859758071641,0.2476131466037268
2024-11-04,0.011439071848107815,0.011273524048429276,-0.0032109401308739382,0.06493643824816626,0.9676374957118972,0.2770427091706989,-8.782035103175552,90.97364117259131,123.96349421095101,-0.010137422934450857,0.08009612666464849,0.010854975972420577,0.09839586127363732,58717381.0,-4512753.449999999,-0.0256464284639234,0.2476131466037268
2024-11-05,0.012768406320326364,0.012280249361296871,0.002865188513128471,0.07199457215002267,0.9405111899763727,0.27784179571624673,-8.055572056748233,90.97364117259131,123.96349421095101,-0.028618081234794035,0.10333641899302792,-0.0033106657229010628,0.020672466805388034,56246797.0,-5024737.25,-0.029294995187680417,0.2476131466037268
2024-11-06,0.014202194532497795,0.012840462622153097,0.009764251122257627,0.07955745311537102,0.9697498017087519,0.26299733994767505,10.100967982891973,90.97364117259131,123.96349421095101,0.0036118419482542574,0.051114429461830424,-0.016008045543285943,-0.17647354471780863,37415546.0,-5332858.3,0.004744300677757218,0.2476131466037268
2024-11-07,0.015387570770390225,0.014519064526087078,0.011876580096905742,0.08147440942156163,0.9816919517348077,0.26297058987447464,10.657117710041717,90.97364117259131,123.96349421095101,0.01289191915454957,0.041563621876562484,0.00662475564206888,-0.21832815931933852,22838079.0,-6554585.15,0.019849953110346874,0.2476131466037268
2024-11-08,0.01543342044754312,0.015072600651511784,0.032197099568687604,0.10386924411180869,0.9119434360534311,0.2720983241243926,7.407494622778408,90.97364117259131,123.96349421095101,-0.005896368475228231,0.07452384353882047,-0.004227472177728342,-0.21982299332558464,11627152.0,-3734364.6,0.04201680672268915,0.2476131466037268
2024-11-11,0.014041303945964563,0.013657964959006947,0.02551989838044049,0.09604585437869513,0.9583300842531036,0.2616481984977811,-4.545451094194448,90.97364117259131,123.96349421095101,-0.033649142730077464,0.07192668853520223,0.0012269165224008116,-0.2068874050749535,-3192438.0,-2824217.7,0.006409649205898038,-0.12150391379717174
2024-11-12,0.01074498117121702,0.012584192720565117,-0.007796024521395805,0.05867203918109412,1.0292041638450855,0.28859809656103874,-16.950788088842465,90.97364117259131,123.96349421095101,-0.0595650437935038,0.06434957217596304,0.007619065032334671,-0.21022254279838468,-14457642.0,-5694051.300000001,0.002599975238330998,-0.12150391379717174
2024-11-13,0.006430098545643115,0.011655892852364846,-0.020350224107112024,0.04195128141667964,0.9694926150504916,0.2789913121931045,-9.427639793011686,90.97364117259131,123.96349421095101,-0.026999854802754797,-0.00571049724452688,0.008173622351145271,-0.23364943518183331,-41139952.0,-6007467.199999999,-0.0017693071765582102,-0.12150391379717174
2024-11-14,0.0033254052892562882,0.010322113161329808,-0.019886372904890325,0.04027241194431918,0.9816426372088916,0.26678346342464115,-7.575758726176744,90.97364117259131,123.96349421095101,-0.029339435815266657,0.019770019392498117,0.00736686771167383,-0.2063667933852174,-27036075.0,-4936273.05,-0.09312085461055353,-0.12150391379717174
2024-11-15,-1.1863713974998477e-08,0.00877774600865852,-0.019886372904890325,0.03904875953715905,0.9933630712526772,0.264549505628306,-1.799270636488984,90.97364117259131,123.96349421095101,-0.07132252871184452,0.07132252871184452,0.012516030098301378,-0.09744166845653375,-17012728.0,-6601063.6,-0.15262896277477078,-0.12150391379717174
2024-11-18,-0.0047259080942630115,0.007192389189737641,-0.026590565765838285,0.028041027491360622,1.046197087745274,0.1955590939160397,-0.48868179099948605,90.97364117259131,123.96349421095101,-0.06140783748094869,0.0061083666855806795,0.01228011782403815,-0.12274775157251205,-52840405.0,-5176710.75,-0.0966364772969841,-0.12150391379717174
2024-11-19,-0.007087183091908595,0.0064753189418512835,-0.010230891571657082,0.04184320236164947,0.9237903925955625,0.2049783908251281,7.575758726176744,90.97364117259131,123.96349421095101,-0.056766612831495866,0.015291793235867712,0.012492949084113247,-0.07412648442770786,-55132203.0,-1110525.0500000003,-0.0932102714063785,-0.12150391379717174
2024-11-20,-0.007808798651729386,0.006130584307784572,-0.02217969798693266,0.02559676023416223,0.913921023606552,0.20820484037992437,7.859922714100314,90.97364117259131,123.96349421095101,-0.05904008569998198,0.012528673257066303,0.008564531895290939,-0.025387634257507993,-63375280.0,-642500.7999999998,-0.09424764380890482,-0.12150391379717174
2024-11-21,-0.009706434172669405,0.005568499943160625,-0.034185982280733496,0.00952355118941184,0.8857714002980611,0.20872383040827566,3.7786822552471477,90.97364117259131,123.96349421095101,-0.03280221630012847,-0.014367607285569295,0.014290637178606458,-0.035366048365954236,-74396120.0,-1924027.5999999996,-0.08566086245179383,-0.12150391379717174
2024-11-22,-0.010653410666558671,0.005978761929332025,-0.0045466505713636935,0.037863077092124664,0.8507264792354408,0.23773601375364414,0.0,90.97364117259131,123.96349421095101,-0.03912860102709659,0.020260541584421254,0.015663572420183458,-0.11889689823444814,-73167414.0,73530.1000000001,-0.09202872744539414,-0.12150391379717174
2024-11-25,-0.00949668778121422,0.006439472561841653,-0.012464066520249038,0.026445922552620186,0.9106375451667652,0.23872969838658123,-3.748031291438828,90.97364117259131,123.96349421095101,-0.04314549925458111,0.010281519980849807,0.01828111776907515,-0.1416813409961615,-83966133.0,-215464.94999999925,-0.0625847062012469,-0.12150391379717174
2024-11-26,-0.009279082224471375,0.006446202960238601,-0.02977904371313529,0.005309728620417164,0.9407691575551905,0.24314932608132847,-8.214276973391186,90.97364117259131,123.96349421095101,-0.054514170609453294,0.016419071715146227,0.008364570445930086,-0.15695065224095642,-98371257.0,-2259222.5500000007,-0.014959048060578017,-0.12150391379717174
2024-11-27,-0.008824233640741279,0.005922017974987301,-0.0375361205392013,-0.005308536136009511,0.9115533093751886,0.24331130420250466,-15.853734554895908,90.97364117259131,123.96349421095101,-0.08986213179071167,0.051400674409595504,0.01221964232135786,-0.1435339652050799,-107129618.0,-731632.0999999996,0.030339179778178904,-0.12150391379717174
2024-11-28,-0.007650006921143891,0.005965167288877935,-0.031558555515945344,-0.0014306184887142828,0.8763436941750229,0.24265283773925655,-17.70989817684982,90.97364117259131,123.96349421095101,-0.05830620707219436,0.03403450677603914,0.012867556345547815,-0.1269619931365032,-106150129.0,1422072.25,-0.008867213478164437,-0.12150391379717174
2024-11-29,-0.008088053704995312,0.0053066876815472475,-0.03888834917136944,-0.011293155493311223,0.9729107856176934,0.24392397159963944,-11.045005472749892,90.97364117259131,123.96349421095101,-0.014969741565132422,-0.013323064242714566,0.019819357755306966,-0.14124077471125127,-106250946.0,-1748094.2999999998,0.0030503937498054245,-0.12150391379717174
2024-12-02,-0.006663453327677514,0.00541538120272992,-0.0010134832024318477,0.025873195632503468,0.8693898099075446,0.27830786853706163,11.967744372270928,89.27636804302333,127.4107844287538,0.016348979537344155,-0.02115657136322735,0.016170232902570136,-0.1281045733423366,-94378125.0,1059623.4500000002,-0.045197565571997944,-0.12150391379717174
2024-12-03,-0.004514869288582633,0.006188447399501217,0.018045016754284632,0.0436422866062875,0.9411934058887695,0.28485739176478264,28.02357248443637,89.27636804302333,127.4107844287538,-0.004343802481378445,0.00910590610175599,0.021292888522013387,-0.10980221246183494,-84734145.0,4751732.25,-0.0802193716304146,-0.12150391379717174
2024-12-04,-0.0021174026289409063,0.008582635759885096,0.032021649825677644,0.055263024739475725,0.9807798342310822,0.2873303383685002,31.761038218917548,89.27636804302333,127.4107844287538,-0.017982702221142066,0.027416702395116843,0.02016512777173407,-0.09118553399380111,-66430213.0,7999310.65,-0.13359293554915064,-0.12150391379717174
2024-12-05,-0.0004336297858020081,0.010408373457295788,0.036344249144915096,0.05711837014522655,0.9852384152107038,0.28732200865376756,13.060306854329703,89.27636804302333,127.4107844287538,-0.05767166861405859,0.06706114170885802,-0.0006679784779268783,-0.07994429152667164,-44765808.0,9102473.4,-0.17272030651340997,-0.12150391379717174
2024-12-06,-0.0002412378136807415,0.011968526800625793,0.02794276513585979,0.04469819982954696,0.9422360098871311,0.276082572699466,4.123797307400892,89.27636804302333,127.4107844287538,-0.04332659436076747,0.020390782383117978,0.009015398711119449,-0.12582144730991252,-51714797.0,10339962.65,-0.17353868542323547,-0.12150391379717174
2024-12-09,-0.0004826101850514356,0.013417153536308964,0.038095601582477503,0.051413406209293765,0.9085009205705036,0.2781351873799872,-7.455703091352461e-06,89.27636804302333,127.4107844287538,-0.0266756954616858,0.017458953418691747,0.0047463897947175315,-0.02601417835950858,-47540505.0,8760709.65,-0.15498525443935496,-0.12150391379717174
2024-12-10,-6.044621183844139e-09,0.014146569148829433,0.02769477715257085,0.038838666872614565,0.8516337601300871,0.25406559608807633,0.44108821383917274,89.27636804302333,127.4107844287538,-0.04187806063467647,0.05616401355055811,-0.0001236028401552236,-0.024926928169680975,-33046972.0,5572849.800000001,-0.17775994072610524,0.007624290078549256
2024-12-11,-6.041706134890773e-09,0.013496265508548641,0.00790896497274606,0.01688318476482511,0.8243843570667426,0.25808065161421734,-0.958343619838935,89.27636804302333,127.4107844287538,0.0042965480340064754,0.005365326893366884,0.003362697407248927,-0.06477051086011912,-24529613.0,1542135.8499999999,-0.1612923287415653,0.007624290078549256
2024-12-12,0.0009193459972821744,0.012589591033150454,0.024867727311349678,0.03336326898509564,0.7988981528306,0.26553675567006485,-2.259510218620818,89.27636804302333,127.4107844287538,-0.00447587175834685,0.03256540578631295,0.002400664911789807,-0.040066204897842725,-22265370.0,-674720.7,-0.14413773017054465,0.007624290078549256
2024-12-13,0.003772239903865154,0.012084641203053994,0.028014148495170973,0.036189889602514125,0.7517857862211912,0.2657069631082976,0.30177647101261584,89.27636804302333,127.4107844287538,0.06541513691218426,-0.03247620616887548,-0.0021883051532622932,-0.03993880519709106,-20960446.0,-252807.5,-0.16167508554668408,0.007624290078549256
2024-12-16,0.007355186756210028,0.01143263998256254,0.04409841490496939,0.05323008982899645,0.8513590673094349,0.26866347686446357,11.8604263876231,89.27636804302333,127.4107844287538,0.07512933469873406,-0.012525905463657727,0.0011243684534738563,0.024407212278323927,-737607.0,1578728.9500000002,-0.15338914393734815,0.007624290078549256
2024-12-17,0.00851410893933751,0.01096491998987386,0.03253884376751969,0.04120500662865276,0.8909675186815061,0.26851133736417104,14.10631411805354,89.27636804302333,127.4107844287538,0.05094973020832927,-0.013324341709748388,-0.0007798174954267711,0.10854985637712218,-1194645.0,2563062.45,-0.16910208606268262,0.007624290078549256
2024-12-18,0.011122294745621535,0.010633186860153432,0.03895432495541056,0.04871225761477588,0.9897011298927445,0.2624226455478023,10.891394574540612,89.27636804302333,127.4107844287538,0.017757072317909683,0.04484635691716665,0.0032264817671505686,0.8613114434306628,26267330.0,5034757.3,-0.18459079492448704,0.007624290078549256
2024-12-19,0.012794092263501396,0.010240184701056476,0.021467498104390432,0.0325385499911682,1.1086893440073178,0.2617091002042762,-1.3269821697984128,89.27636804302333,127.4107844287538,-0.014019522789804229,0.07749577900446158,0.006359453815102389,0.5848684161757004,32715810.0,3716611.9000000004,-0.20146344580777098,0.007624290078549256
2024-12-20,0.011084828421461903,0.009248903457529002,-0.011896883026756653,-0.002226798452073681,1.249683567599978,0.2715000711840554,-19.090219324338605,89.27636804302333,127.4107844287538,0.0018383211432153601,-0.002822257550181506,0.003836373112340752,0.19562388572192077,2598542.0,997029.9,-0.1325706814839026,0.007624290078549256
2024-12-23,0.010570516792516934,0.008502149930433881,0.02841609324468495,0.0395382668094862,1.2310357488284067,0.30913276650400356,-14.46096358687312,89.27636804302333,127.4107844287538,0.026229386231970686,0.026343009208561474,0.001458483184515913,0.08503074486548055,26562215.0,-281917.94999999995,-0.20411244979919674,0.007624290078549256
2024-12-24,0.01222608685317138,0.0075347999105559995,0.02481194859638602,0.03822504145684335,1.1640187497435424,0.298159321715559,-15.45287595434155,89.27636804302333,127.4107844287538,0.04992328801167467,0.023492078623574608,0.008536464502975516,-0.07777811939439573,43449136.0,-421485.99999999977,-0.21803520441780933,0.007624290078549256
2024-12-25,0.013381047439176773,0.00663656415749808,0.02523559877191082,0.04179829638166675,1.0299820063333953,0.2937876290045206,2.32818191474248,89.27636804302333,127.4107844287538,0.06605185409666436,0.023116835594320984,0.006449610913813464,-0.07828444218201233,56938068.0,-2800868.8,-0.2228306787245361,0.007624290078549256
2024-12-26,0.014293979966195896,0.006434477943634058,0.021190258928363247,0.040319472835370906,0.8818914333626873,0.2941973458297028,-0.44216199757745756,89.27636804302333,127.4107844287538,0.06641245506070859,0.017337327879386244,0.009042236133756987,-0.050504439057745154,62384343.0,-1070944.75,-0.20113748921621877,0.007624290078549256
2024-12-27,0.019012347614038912,0.007631906626048745,0.02119580561529986,0.042836261289982094,0.7276346935186475,0.2900690046011014,1.5089147895985704,89.27636804302333,127.4107844287538,0.03986760618240881,0.05871475202652565,0.006991981626135013,0.020114461410948116,77035451.0,3974967.6500000004,-0.23137315748642362,0.007624290078549256
2024-12-30,0.019202491604011707,0.008020195514526443,0.018383048466427337,0.040816148870148075,0.6917299729024821,0.26047182385784423,4.394493327689766,89.27636804302333,127.4107844287538,-0.005698958640703244,0.06288547818209067,0.011390585897485206,0.09858884923546886,68317202.0,1275854.4999999995,-0.18171228887594637,0.007624290078549256
2024-12-31,0.016771112603864883,0.00837685309515771,0.0032419276666729,0.024833525824856886,0.7222827778236639,0.2592958117155906,3.333592724122049,90.47437971886562,135.12121167432736,-0.011106283538151795,0.033978522521218246,0.005170028884556199,0.08160340647397771,51255582.0,-486464.90000000014,-0.11861209364999159,0.007624290078549256
2025-01-02,0.012461251335677648,0.008206303572454431,-0.006048664917935995,0.014271189076510012,0.8943267193903013,0.25713528581102363,-3.3769271492891377,90.47437971886562,135.12121167432736,-0.019579089567044128,0.018730224242396454,0.010380667156037804,0.10236705422489499,27935350.0,-2519511.1,-0.06278090384683443,0.007624290078549256
2025-01-03,0.008659945745635684,0.007875659891069208,0.003091689214452294,0.022677060681431292,1.0023822158555724,0.2587921775258832,-4.917454761407015,90.47437971886562,135.12121167432736,0.02731191336006611,-0.023469695886991104,0.01723148104533534,-0.016133517335167703,23878350.0,-2030933.1,-0.04423860689144132,0.007624290078549256
2025-01-06,0.007039932199360331,0.0074158643302873134,0.04661816704801071,0.0683985177944411,1.2189539608367221,0.3032863418749771,0.2847452283454359,90.47437971886562,135.12121167432736,0.04916530172758926,0.01123110557172935,0.018237913579098874,-0.03128392412476664,56908198.0,883362.3000000003,-0.060161408657373405,0.007624290078549256
2025-01-07,0.007027695075881644,0.006880762010928381,0.04838710401092387,0.07163749855413898,1.3192274609299124,0.30243471884448025,11.986078535923191,90.47437971886562,135.12121167432736,0.0385368256950569,0.016664822837548998,0.010738582291362375,0.06454789835836691,47902782.0,-94338.70000000019,-0.048229004232568484,0.007624290078549256
2025-01-08,0.007954844317493583,0.00626999656721784,0.023100760869452404,0.04686965321063498,1.3853458026029766,0.3125299608473958,1.767656855657286,90.47437971886562,135.12121167432736,0.054681572244214216,-0.013136574024613212,0.010926474794218155,0.046377617646540636,36940354.0,-789562.0999999999,0.008898400540662266,0.007624290078549256
2025-01-09,0.010750587260195133,0.005791410868670066,0.015697208606168765,0.0415720241776553,1.2884992729628657,0.30380092944170123,-2.38091842145473,90.47437971886562,135.12121167432736,0.026761266994622,0.029914696028235266,0.012191061163025374,0.03378795958214504,37249352.0,315988.0,0.004819813139552043,0.007624290078549256
2025-01-10,0.012422776658971707,0.005628657593225155,0.0138249523760036,0.04060312126745746,1.2409410854786502,0.2984554999565577,5.1567786069793655,90.47437971886562,135.12121167432736,0.011095577263739775,0.026640338436501487,0.010626167954327581,0.12282721661349563,32822059.0,-1640350.3499999999,0.027299882784436846,0.054374324342012725
2025-01-13,0.00987033455911645,0.0045910392259395005,-0.009672967342573347,0.01624859162848828,1.1086897989760447,0.3108092179709535,-6.158362984668422,90.47437971886562,135.12121167432736,-0.025193260975491127,0.03458300825924587,0.019414113910062314,0.08592933585614806,19545336.0,-9750669.0,0.056367594464313386,0.054374324342012725
2025-01-14,0.007332961564158679,0.003322532087953697,0.003914442320254902,0.030280341730974977,1.0129224563521617,0.3075300804241793,-4.20168045196354,90.47437971886562,135.12121167432736,-0.03997478357153028,0.04458323063126857,0.017114801635921717,0.04685963602548608,803481.0,-7918185.649999999,0.0841307814992025,0.054374324342012725
2025-01-15,0.004814588825113371,0.0020583990565875444,-0.01865937826202823,0.006901247169973301,0.9614141499503089,0.3169358862843672,-23.834545439698616,90.47437971886562,135.12121167432736,-0.003118137693348788,-0.0061842624043561,0.016516037685448293,-0.09868601677601349,-12994936.0,-6833981.0,0.15354760460885375,0.054374324342012725
2025-01-16,0.0030009358802539983,0.0020575947985209814,0.017261199895017534,0.04415790801696422,1.0674323198241005,0.3430606336243436,5.9607264883794215,90.47437971886562,135.12121167432736,0.03862014758117116,-0.02018693446352815,0.011292185868076121,-0.0423445172185182,-14250026.0,-3239250.5,0.09648771901752151,0.054374324342012725
2025-01-17,0.003456231623886395,0.002135418132608191,0.028702615164184316,0.05726538847269197,1.2470475234700131,0.34099591452950295,3.3087618239512864,90.47437971886562,135.12121167432736,0.08506642551303267,-0.038337427388901446,0.005049179684864402,-0.05659262628133932,4718881.0,-504177.25,-0.060741867072146016,0.054374324342012725
2025-01-20,0.006909264851222443,0.002450561662170262,0.02470262817587744,0.05620093166719869,1.134407501541494,0.3149693158661436,11.513093587506269,90.47437971886562,135.12121167432736,0.06945343768021983,0.012672161524379666,0.008581022682542239,-0.04988547241696437,30665479.0,1817711.6500000001,-0.12743509551980103,0.054374324342012725
2025-01-21,0.008519452888840337,0.0032366756183611236,0.02283102774580614,0.055221142997932265,1.1098714267274348,0.2786629998558814,5.652151249116741,90.47437971886562,135.12121167432736,0.05074481074481074,-0.013707825066339385,-0.009197915951518199,-0.09941694044014972,15127436.0,3154612.0,-0.07129016631680929,0.054374324342012725
2025-01-22,0.01151808067360176,0.004889909865393394,0.03393302086334695,0.06786086955119508,1.1260425685410158,0.28145179089312666,8.967414103642874,90.47437971886562,135.12121167432736,0.05716179518927511,-0.00623592543678031,-0.0007360793037709534,-0.09926030907045916,15961297.0,6744152.550000001,-0.06925607896637509,0.054374324342012725
2025-02-03,0.009896428549629887,0.0048851727057217555,-0.024612623164154263,0.006169691041386942,1.2623109151793181,0.3524412055948496,-7.127149609804583,90.65144656038663,144.30388681381578,-0.04808101136987941,0.034256130287712794,0.006561621154014485,0.09648738754151757,-15412481.0,584167.65,-0.044451602512481925,0.054374324342012725
2025-02-04,0.008036737748119326,0.004957110107530328,-0.002277882750816449,0.02856704083129931,1.1753723657910053,0.3624618611441097,-15.769155950192243,90.65144656038663,144.30388681381578,-0.03839774092641457,0.04761440499736713,0.008533060887455202,0.006109079645059546,-7105608.0,38655.0,-0.08979281657467397,0.054374324342012725
2025-02-05,0.0050320222425864775,0.005342946655065876,0.010468950295605824,0.04120760921812068,1.2035954774420248,0.3651854010949389,-18.92104337777311,90.65144656038663,144.30388681381578,-0.006142962680627195,0.02449161699623914,0.005198452507039875,-0.07758896711204823,-7751256.0,530956.0,-0.11708183616617551,0.054374324342012725
2025-02-06,0.004337900058603052,0.005650546518765088,0.013866842106093279,0.04460780909317198,1.2327477888839338,0.36534526348589286,2.8772103410599783,90.65144656038663,144.30388681381578,0.013146314481850663,0.009789417540206458,0.00040543913988777547,-0.08831575147267338,-10040580.0,160140.40000000002,-0.1444444444444445,0.054374324342012725
2025-02-07,0.004099292713326395,0.005485849979911242,0.020639505619886353,0.05267749739172823,1.1631941757076822,0.3617360940773973,10.67110779062046,90.65144656038663,144.30388681381578,0.0059056386195488475,0.040605897491974074,0.001098996173308775,-0.024821612905693548,-4694.0,-1116649.3,-0.1933190643632472,0.054374324342012725
2025-02-10,0.0066089351543669305,0.0057192127703416,0.0006791768540181348,0.03317287838067937,0.8541322421119533,0.36662903241924927,4.612752430940176,90.65144656038663,144.30388681381578,0.01218160348003594,0.02537715128629081,0.0008201349408070158,-0.061999398791952993,9738920.0,3420590.6,-0.1829475512592984,-0.11346948285698577
2025-02-11,0.007744879815563197,0.005402026549791395,0.0036167613562809947,0.03705491452492576,0.700488332115673,0.36575177888516386,4.86275230992625,90.65144656038663,144.30388681381578,-0.016205530793638512,0.048763815041355296,-0.00013392720882121623,-0.04922994118790599,4946302.0,1326051.2999999998,-0.16266087765545045,-0.11346948285698577
2025-02-12,0.0056895881186145416,0.004225873671043132,-0.004299570560337026,0.02748526373715152,0.6582274829708309,0.3268775895454871,-2.9019305410852994,90.65144656038663,144.30388681381578,-0.0413077794575476,0.019085710078435847,-0.003311866970832078,-0.05652535202434549,-24379400.0,1622113.4,-0.15187353629976585,-0.11346948285698577
2025-02-13,0.002727908853174518,0.0031303368416673565,-0.011561920977843901,0.017999475786576263,0.6883013822807839,0.3274623304468281,4.410114077414981,90.65144656038663,144.30388681381578,-0.010717034540025927,-0.02468114570222557,0.0036656787268043445,-0.09613312331833801,-30249196.0,-228463.0,-0.1421494051102009,-0.11346948285698577
2025-02-14,-0.0015876403431728434,0.002112791357059815,-0.03680147552465316,-0.010234944831761003,0.8567558782794932,0.3324738398814153,-16.862753197386972,90.65144656038663,144.30388681381578,-0.00027316168476065883,-0.04045080795045697,-0.0033369349600762543,-0.10806484880395187,-38117976.0,-4659302.0,-0.14104424844628038,-0.11346948285698577
2025-02-17,-0.0040751515393717625,0.0021876016476618174,-0.013412200880834627,0.012258465230347943,0.8828093704882324,0.3442559007103297,-9.446798789598553,90.65144656038663,144.30388681381578,-0.00027316168476065883,-0.01336331025026094,-0.007739871532084108,-0.10010356747137426,-22197552.0,-3098961.1999999997,-0.1757434875654933,-0.11346948285698577
2025-02-18,-0.005650988975118085,0.0024955704601825343,0.00022737160063792365,0.025153660732841,0.8968740948909877,0.3479787180548187,-9.319166518862232,90.65144656038663,144.30388681381578,0.04176494142189702,-0.04176494142189702,-0.003789134893016244,-0.052673800122162176,-12822962.0,-2911952.1,-0.17700320217895393,-0.11346948285698577
2025-02-19,-0.00384702104878266,0.0031923039521474005,-0.009541035080907088,0.014904646887537492,0.9438513588000345,0.3393046113971877,4.230788599163283,90.65144656038663,144.30388681381578,0.05769872353405425,-0.04374512338749681,-0.01133057230547363,-0.04607214383566269,1199337.0,-3717621.65,-0.16799146242732022,-0.11346948285698577
2025-02-20,-0.002493768521190162,0.003966559182271065,-0.01818180456712909,0.004674854999196575,0.9241296427441852,0.33744159683556274,-3.3374789639846583,90.65144656038663,144.30388681381578,0.05245388425471931,-0.06162826866083049,-0.009327020917043738,-0.012298990924476292,-3344006.0,-2329773.3000000003,-0.16715704303052592,-0.11346948285698577
2025-02-21,0.0009086794580549639,0.004665403767294343,-0.005901040147869448,0.01769803314667757,0.7456941230260713,0.3298285092609616,10.097549404509444,90.65144656038663,144.30388681381578,-0.003314158334530304,0.03148328300144854,-0.007862913355144774,0.1410131133159306,9355806.0,1543238.3,-0.2169067395647145,-0.11346948285698577
2025-02-24,0.00022733188210122043,0.004660892486166656,-0.022727300962281153,-0.001723922033290083,0.7373722553377027,0.30789738854065035,0.7691971873655916,90.65144656038663,144.30388681381578,-0.030877621186520376,0.0037283080963752546,-0.0007013850318851045,0.18045833123770846,-11415364.0,-1224546.0,-0.16450200656694636,-0.11346948285698577
2025-02-25,-0.0027278804518344004,0.004343760949697453,-0.0380669670827102,-0.021036809786312487,0.8802566466212792,0.3086130276951423,-2.6303592603099517,90.65144656038663,144.30388681381578,-0.07926194747491988,0.02122632472078656,-0.004363155293599763,0.19558194850257338,-46214123.0,-4635759.25,0.0001278064158820591,-0.11346948285698577
2025-02-26,-0.006133567913689471,0.0037969386348075088,-0.030857172172105714,-0.016761907707445046,0.9281477956234785,0.3096406437222603,-19.512220364320754,90.65144656038663,144.30388681381578,-0.060063279196141184,0.0064918665432484035,-0.00400178088754366,0.16406631599316251,-56401550.0,-5349114.3,0.037094615019216626,-0.11346948285698577
2025-02-27,-0.009318171153341976,0.003096077269346119,-0.04565273329510078,-0.035521489307640396,1.0208801783085588,0.3147679281924558,-14.767402292278902,90.65144656038663,144.30388681381578,-0.12861392581574793,0.0571853384686406,0.01343914604425267,0.26439870439765895,-76439744.0,-6886176.600000001,0.06598278709901773,-0.11346948285698577
2025-03-03,-0.01588741709004752,0.0023944149770811227,-0.05904057181935988,-0.05427175363299609,1.1762606558257307,0.3128296717585459,-6.352756417506718,79.35899876769088,142.44128887625607,-0.1634435028112402,0.06212198326993734,0.009851434726108277,0.3325144302684817,-100776516.0,-9445421.2,0.07647870322469386,-0.11346948285698577
2025-03-04,-0.017727261054224053,0.001617081182098372,-0.07450256136649831,-0.07287031267257216,1.4051714469005259,0.2523030956619285,-10.498413356996913,79.35899876769088,142.44128887625607,-0.06503810079128414,-0.0003824032730984639,0.0018551737385021916,0.355824684083011,-99330920.0,-12803021.600000001,0.11941682116972863,-0.11346948285698577
2025-03-05,-0.018235688219312346,0.0011515974872662806,-0.05270488433514474,-0.05460300419495453,1.4094934843149762,0.24783773169426979,3.1007387456416637,79.35899876769088,142.44128887625607,-0.055419436470914185,-0.01307369079474241,-0.0058265289318893965,0.2477241715198647,-114643803.0,-8270371.25,0.15309575075800863,-0.11346948285698577
2025-03-06,-0.020342853944031302,0.0009785091494456974,-0.06206250565806239,-0.06869021907008449,1.4451461127802725,0.2422540173813504,2.4204614389108485,79.35899876769088,142.44128887625607,-0.11856032649391146,0.023965662008156863,-0.0027514585374543987,0.3792912494191728,-128984421.0,-7923959.95,0.2113493986922128,-0.11346948285698577
2025-03-07,-0.021793985776818854,0.0003603397425453964,-0.05722324076303141,-0.06831553741700205,1.3490996498853036,0.24046926243918665,11.122376826779607,79.35899876769088,142.44128887625607,-0.09091641271056372,-0.007738296311541326,0.0010998324275184324,0.2684197937990988,-137186817.0,-5631962.35,0.2329343254610159,-0.11346948285698577
2025-03-10,-0.02246309394006198,-0.0006724334264019718,-0.05817961004285765,-0.0740472071806377,1.220769151043586,0.23471369319953744,-5.41452764987055,79.35899876769088,142.44128887625607,-0.12062467687312217,0.0077358832893082985,0.0009451832121223358,0.46704932623152745,-152493426.0,-3835594.7,0.2551880981711361,0.09979675456825698
2025-03-11,-0.025497448451282233,-0.0021980184851351186,-0.07782893824333015,-0.09777392420949917,1.1166690986648784,0.24311617690623627,-13.5143169026843,79.35899876769088,142.44128887625607,-0.13941493517148307,0.01814803348680083,0.0011788784490909254,0.3772638771449301,-167850428.0,-1403843.5999999996,0.22908771605508838,0.09979675456825698
2025-03-12,-0.027768753080951007,-0.0037688998925233352,-0.056216360809166,-0.08079824704310769,1.0578628008865296,0.254887952903862,-10.820486975680957,79.35899876769088,142.44128887625607,-0.1179042730530897,0.007994183958452306,0.00010353472423485499,0.21414072125422776,-166547358.0,-479976.69999999925,0.22402777777777771,0.09979675456825698
2025-03-13,-0.029304714289578686,-0.005447539055374267,-0.07220457691632902,-0.10085917573710562,1.0024738701392621,0.2622842811372256,-3.028013828696899,79.35899876769088,142.44128887625607,-0.1252359260145226,0.0025086429730919457,0.0031399476322648834,0.20911986466550278,-174279402.0,58117.29999999888,0.22090294077039907,0.09979675456825698
2025-03-14,-0.030440902087784202,-0.006776133645481969,-0.07212996763388907,-0.10489440334355862,0.9700597925959782,0.262090913577003,-0.04787309470391676,79.35899876769088,142.44128887625607,-0.10813768603069218,-0.012045799367497834,0.003427048406521749,0.0502448451875837,-170054910.0,188204.09999999963,0.20876722295484518,0.09979675456825698
2025-03-17,-0.02887746818513857,-0.007368704671223933,-0.05738308488239155,-0.09334501531096649,0.9333880073004748,0.25660859757362486,-1.2704211752269003,79.35899876769088,142.44128887625607,-0.09629442159853652,0.011388729010086474,0.009526187717874945,-0.02405367139514039,-149369580.0,1528047.4000000004,0.13028031714397126,0.09979675456825698
2025-03-18,-0.02789660187192534,-0.006923776290732742,-0.046943884128439056,-0.0872491735787736,0.8046345676625266,0.23800648344655329,4.889303394850771,79.35899876769088,142.44128887625607,-0.11081511560744228,0.009917155700759128,0.008905456165520187,0.015822515720056704,-162791557.0,4942513.25,0.1682259725144366,0.09979675456825698
2025-03-19,-0.029089042319406292,-0.007253300760140824,-0.05899366133034674,-0.10366181317436295,0.7962501925275837,0.2320510724056213,6.323170412036603,79.35899876769088,142.44128887625607,-0.1168724192534959,-0.013639345539146697,0.008334656155777997,-0.07825565722078867,-180638695.0,2660567.1500000004,0.18322898032200352,0.09979675456825698
2025-03-20,-0.027614963634428627,-0.006945526328768769,-0.02154171112197218,-0.07149766044493377,0.7525911858038374,0.27456921218988817,13.617883689733304,79.35899876769088,142.44128887625607,-0.1334013533813152,0.041282819162343,0.008618285664721892,-0.09240927922833311,-168894428.0,5864061.4,0.13304436286434607,0.09979675456825698
2025-03-21,-0.026458135308123167,-0.0069044789237525045,-0.029490876107809743,-0.08219513479562521,0.7677266191235128,0.27581162523813796,10.195914700958511,79.35899876769088,142.44128887625607,-0.14173077471205398,0.04592554334139465,0.007362695737061831,-0.12351681685443774,-169207855.0,6132830.15,0.15588430117023622,0.09979675456825698
2025-03-24,-0.027957131788299627,-0.007031807207318635,-0.023743695851722,-0.08077726505328686,0.70330845396259,0.26755899103099,18.624002226406553,79.35899876769088,142.44128887625607,-0.08612126768200268,-0.022070189160790732,0.008616448892647677,-0.20402543535652407,-169321428.0,6486730.4,0.16313104189044036,0.09979675456825698
2025-03-25,-0.026685711338222597,-0.007427453696341553,-0.0016534183839061367,-0.06242517462484528,0.7304791622852955,0.27613990618487555,4.751580861567454,79.35899876769088,142.44128887625607,-0.06839161726316811,-0.006385850375269508,0.007271239500212134,-0.21578492377977534,-150329434.0,8213582.100000001,0.11169817911881585,0.09979675456825698
2025-03-26,-0.02327664205214896,-0.007156279660231404,-0.00823194911151643,-0.07064819986217455,0.6827160117399349,0.27168047606967904,4.6458662556218755,79.35899876769088,142.44128887625607,-0.07775598041873166,0.01099538351595708,0.010568908414926304,-0.15971395366639785,-133624585.0,9137585.85,0.09652410972908498,0.09979675456825698
2025-03-27,-0.023250088675641992,-0.007119773745429209,-0.025710041764049698,-0.09047334542221051,0.7150083609261443,0.27806312570219216,-4.0669818785236345,79.35899876769088,142.44128887625607,-0.1153257068960305,0.023311637313408462,0.00946356967333073,-0.14240482638012053,-146196307.0,3680247.7499999995,0.09385409726848759,0.09979675456825698
2025-03-28,-0.022380427742691934,-0.007368299009070961,-0.02769974800677765,-0.09440737282000913,0.7035301236355537,0.2730816124926549,-3.33274499005001,79.35899876769088,142.44128887625607,-0.08573955166159919,0.005390659963347311,0.01102582963078147,-0.007768305435156035,-135442555.0,2817023.95,0.06691404338607088,0.09979675456825698
2025-03-31,-0.021877591386122795,-0.008435352058055949,-0.06557220865129872,-0.13208973197717402,0.9078590896866593,0.3039841821380395,-7.163305936218258,67.0630808572698,129.54622942431638,-0.0666481472746292,-0.037036843936055,0.008533653734682067,0.02227628635018816,-140360705.0,-1674067.1500000004,0.04096916299559461,0.09979675456825698
2025-04-01,-0.02052117214368259,-0.009173398106545862,-0.028096609539585576,-0.0977121810347149,0.9841053183034336,0.33414690923834567,1.8956203355959715,67.0630808572698,129.54622942431638,-0.06994225684822408,0.018342091810963357,0.010647988987694701,0.002879202377429358,-110799587.0,-4323618.85,-0.04916058119400735,0.09979675456825698
2025-04-02,-0.0207539835584034,-0.010022308191436676,-0.026483909078729505,-0.09764055127243329,1.0269397924287829,0.3235047577215509,5.662078017605424,67.0630808572698,129.54622942431638,-0.08084599309997964,0.008679817950636992,0.012462312259217123,-0.008138700924482406,-107406152.0,-3388567.200000001,-0.0414237262299455,0.09979675456825698
2025-04-07,-0.02366617799483876,-0.01264057661650404,-0.11667558163214901,-0.18460038959170746,0.9952373359409848,0.4701745683684482,-4.674842838430834,67.0630808572698,129.54622942431638,-0.17667705677122814,0.024390833345835694,0.011017824737294735,1.0612495318503934,-97621858.0,222801.7000000002,-0.07923445698539122,0.09979675456825698
2025-04-08,-0.02893267627357823,-0.014979204068585075,-0.14176877628202408,-0.21197366488188454,1.3452807979859207,0.4808364448670102,-14.483909419844665,67.0630808572698,129.54622942431638,-0.23039835889214677,0.04612301367060889,0.0037190452523312434,1.1588284447872776,-124649364.0,-4100196.8,-0.015518986392772827,0.09979675456825698
2025-04-09,-0.03438253032334353,-0.01692635187566309,-0.16522600242447572,-0.23841733149103939,1.525776153475821,0.4910154896242767,-21.94080587764671,67.0630808572698,129.54622942431638,-0.039644968577719486,-0.17011578242108183,0.007728402197643147,0.37067836096574336,-145181961.0,-5165419.149999999,-0.03216065227238407,0.09979675456825698
2025-04-10,-0.03715721541174147,-0.01793623474092054,-0.0772022483111841,-0.16006782535783928,1.5203800064384267,0.6240243852854963,6.49338215623429,67.0630808572698,129.54622942431638,-0.10991360328284083,0.0028304798260680997,-0.00847363593925654,0.6147196850437832,-126226474.0,-6570418.7,0.07012596352697886,0.22244654901231065
2025-04-11,-0.0383906866769887,-0.018662992540467552,-0.04457781143598497,-0.13221479199511166,1.6945919688735036,0.6315997978486132,10.852528651486892,67.0630808572698,129.54622942431638,-0.10937690861706317,0.01336837210525399,-0.0025099929099983154,0.45106148690434356,-111769230.0,-4091498.6999999993,-0.08173531525398081,0.22244654901231065
2025-04-14,-0.035736228781878286,-0.01901972134858462,-0.0655745723469657,-0.15212762609945613,1.8378614891451495,0.6332186048020224,13.355100849304279,67.0630808572698,129.54622942431638,-0.10105456700901161,0.0016054451737675945,-0.01654090815770437,0.17918763018163095,-116428094.0,-6595695.3,-0.0573711787100909,0.22244654901231065
2025-04-15,-0.030466999889815233,-0.01876106537383333,-0.048626423292088695,-0.13687175347541045,1.4344985390066787,0.6364892175774987,-0.2980041646401048,67.0630808572698,129.54622942431638,-0.12544607202854186,0.04420250445244156,-0.018551066662902294,0.13175646185071987,-105772182.0,749504.0999999996,-0.0720412309081333,0.22244654901231065
2025-04-16,-0.02560076149686593,-0.018198496518729245,-0.06689950683779869,-0.15513017085472902,1.1074245880102627,0.6383385458591488,-3.752539705121336,67.0630808572698,129.54622942431638,-0.17298573014059848,0.058537320144835925,-0.012816530618085076,0.19911826538597158,-112869766.0,6165495.7,-0.030473781048758086,0.22244654901231065
2025-04-17,-0.026838689584131898,-0.019081317188047526,-0.0693330399915426,-0.15960431396667316,1.1582389953069347,0.6371374462847564,-2.589470119837216,67.0630808572698,129.54622942431638,-0.16486269426716416,0.0371593152084535,-0.017526257555134817,0.07359462281767451,-118320414.0,4300168.1,0.0172050427252175,0.22244654901231065
2025-04-18,-0.027382369995388633,-0.0201768365311932,-0.06077351327224729,-0.1531983672914562,0.9136379910429435,0.6359107254301272,-2.022589554634237,67.0630808572698,129.54622942431638,-0.17306174555658493,0.06591886977292072,-0.018205385377648597,0.05497240696667029,-111826077.0,-791433.1500000004,0.00257020826246368,0.22244654901231065
2025-04-21,-0.030466101532860782,-0.019937874933625213,-0.06963781995309466,-0.164883091604045,0.695085196850289,0.6196607290566017,1.687457989195913,67.0630808572698,129.54622942431638,-0.18461027551448994,0.03232610726094065,-0.018922358675840578,0.17406094333095487,-124752016.0,1992156.3999999994,0.0023031580591013068,0.22244654901231065
2025-04-22,-0.034849336359354804,-0.020366408820333057,-0.08283684133443549,-0.18021061472222655,0.69567227630163,0.6217506025749422,3.6079756706734543,67.0630808572698,129.54622942431638,-0.1592602190412057,-0.001233564730143466,-0.01657302990729148,0.040840285439571515,-127223727.0,-256685.25,-0.009016236867239735,0.22244654901231065
2025-04-23,-0.03443194261266979,-0.019496383406136814,-0.013280476794174415,-0.12019020249206408,0.6575957557094272,0.6803255134917519,4.651057057822321,67.0630808572698,129.54622942431638,-0.15131379876953488,0.04946202975150471,-0.012172789193398814,-0.049099213828306204,-111036458.0,3939143.5000000005,-0.04798183847012194,0.22244654901231065
2025-04-24,-0.034776388380390544,-0.019377482164005512,-0.016449493467502463,-0.12579706497873983,0.6461104849556321,0.6750710062184382,4.760008511998741,67.0630808572698,129.54622942431638,-0.09721451718465468,-0.03005823404279373,-0.014495048022155621,-0.1288464967239444,-116407707.0,6900037.149999999,-0.0443065320711733,0.22244654901231065
2025-04-25,-0.03441987842888388,-0.01915586196503423,0.016192719342236678,-0.09806394186396519,0.703757752325022,0.6852795603008679,17.305554964155093,67.0630808572698,129.54622942431638,-0.05702931589036053,-0.036848227886762785,-0.018450407711194328,-0.19115611809188718,-99138744.0,9950760.4,-0.08643462046461037,0.22244654901231065
2025-04-28,-0.029749297838437508,-0.018944051752370055,0.030087250819462757,-0.08555112154757166,0.7303221248836673,0.6834255426275487,20.410217774173063,67.0630808572698,129.54622942431638,-0.04068396643734784,-0.022990355268813545,-0.017211416433939197,-0.18958546286588226,-71170773.0,10645219.65,-0.1406166730110392,0.22244654901231065
2025-04-29,-0.024053050602534525,-0.01808936272042272,0.038811389535764004,-0.07711701723348313,0.7164139281316417,0.6838311193950928,27.880058145298847,67.0630808572698,129.54622942431638,-0.020574563534642376,-0.03194649750158596,-0.020702872307517772,-0.22431361281132028,-57094126.0,12925522.7,-0.14412382954328307,0.22244654901231065
2025-04-30,-0.018705847783440522,-0.018728629608372013,0.04584202988938604,-0.06745188930641792,0.7180900769614825,0.6656811181557852,3.858672641066633,64.41917731585055,117.81017855573737,-0.009446432881640487,0.0072487212891912955,-0.026038173872441228,-0.21037065700557997,-23004391.0,10064530.55,-0.15696533682145197,0.22244654901231065
2025-05-02,-0.011326762769130208,-0.016765379762034155,0.09384001504255947,-0.022391391978352115,0.7635817385013053,0.6728823630459391,-0.056997694559875356,64.41917731585055,117.81017855573737,0.026757948654565933,-0.020401949679663467,-0.033920966379374584,-0.2760007591279191,-491966.0,13344148.3,-0.14580364212193186,0.22244654901231065
2025-05-05,-0.006351196499658164,-0.01556209477380588,0.08027185205853936,-0.032218497278614755,0.8226590322496927,0.6745961341071035,-3.7896964356373672,64.41917731585055,117.81017855573737,0.008200005966846113,-0.012446247070921568,-0.07526914333914914,-0.24791221403742314,12343007.0,12920325.05,-0.16764729267710898,0.22244654901231065
2025-05-06,0.0012632147562695257,-0.015059777130283981,0.05516685854415381,-0.04776322620701694,0.8812131010154454,0.5676377970923976,-0.7796888691540644,64.41917731585055,117.81017855573737,0.16678175679894602,-0.08187608191092366,-0.12069351860905175,-0.18341770233839272,8306628.0,10821857.6,-0.11561167595933097,0.22244654901231065
2025-05-07,0.010595426280396033,-0.01458619344060099,0.057549889290826196,-0.036460584403229836,1.0316526904852297,0.5451092111938003,3.5711171639687365,64.41917731585055,117.81017855573737,0.23110687674123587,-0.09385201507748642,-0.09103971009312894,-0.18462739539123882,48364103.0,8340775.65,-0.1895061493355672,0.22244654901231065
2025-05-08,0.018371348683655447,-0.014300003433090935,0.038285364806091675,-0.04350367654547139,1.1043771320026405,0.5234516485363615,-0.04169738957200764,64.41917731585055,117.81017855573737,0.047273868468028724,0.12215289451393718,-0.08131631254809346,-0.2063688360963111,78009238.0,3877746.6999999997,-0.1604134165366614,0.22244654901231065
2025-05-09,0.0229706441062125,-0.014942869563361195,0.06815246616776537,-0.008606174487454616,1.0383937668541192,0.41214457738218985,10.044694161404642,64.41917731585055,117.81017855573737,0.14722727351682208,-0.04757483695261899,-0.07116405383496582,-0.20027754118414215,91676518.0,968128.5,-0.2610681658468025,0.22244654901231065
2025-05-12,0.027121968059173156,-0.014911928400651114,0.07305044148932047,0.0023314384709241932,0.9468347288224216,0.40171651465078895,8.111456826970226,64.41917731585055,117.81017855573737,0.1979579274773431,-0.12146743062572973,-0.077468325946638,-0.30409447110974536,79946822.0,-156538.30000000028,-0.14721146717192524,-0.0831056535266178
2025-05-13,0.02884505567275226,-0.013942489162438378,0.08020731967272862,0.01713512513081358,0.990684477002074,0.3854523838057909,15.49913510916717,64.41917731585055,117.81017855573737,0.23184589748889284,-0.11161468884577563,-0.06083983693530404,-0.2935931206894538,99141671.0,792825.0499999998,-0.187547486703723,-0.0831056535266178
2025-05-14,0.02923077867743805,-0.012327093178029602,0.10612852458089218,0.05020440935616626,0.9973556986966143,0.39476005620933,9.445690757209974,64.41917731585055,117.81017855573737,0.23343256851042393,-0.09432188576416389,-0.0597030867560443,-0.2616238340047956,112543020.0,2669527.4000000004,-0.171808489074472,-0.0831056535266178
2025-05-15,0.029293681875271285,-0.009944344931441218,0.09114881070732217,0.04503360072692019,1.0037070147851632,0.37983389292270275,5.542134416777557,64.41917731585055,117.81017855573737,0.27877441108811674,-0.1173708730034364,-0.0665856759439245,-0.2715610561220955,122112628.0,3237054.0,-0.1974459336575337,-0.0831056535266178
2025-05-16,0.032809957355785076,-0.008770710815809445,0.0876198623333343,0.0518077887045298,0.9070510216984472,0.3746239149477287,-3.250324468772945,64.41917731585055,117.81017855573737,0.284338815185341,-0.10606252989664622,-0.06831011834718281,-0.2773458021772005,132822088.0,-27843.0,-0.24395389135839674,-0.0831056535266178
2025-05-19,0.0363850501496571,-0.00814827898150378,0.06458942054653154,0.03907704172169025,0.885218312788394,0.3828071247507074,-7.110443588830066,64.41917731585055,117.81017855573737,0.2779512946944085,-0.12030415643735481,-0.06721061302737963,-0.22082386901039633,136799272.0,-1852210.5999999996,-0.2465221489161169,-0.0831056535266178
2025-05-20,0.038347921068003485,-0.00783464149329019,0.049975783513327855,0.034688583621882284,0.7737194059651139,0.37480950751784214,-10.916289307613638,64.41917731585055,117.81017855573737,0.3035440348317391,-0.13228667131153715,-0.06896487332332069,-0.19580340732960558,139659059.0,-3124919.75,-0.21089733603365013,-0.0831056535266178
2025-05-21,0.04096771803842517,-0.0078297300345736,0.05302340102211789,0.04895611747092697,0.6869546613966878,0.35663045466921445,-8.068856769680423,64.41917731585055,117.81017855573737,0.2533004265970409,-0.04006526848188652,-0.07072316453140481,-0.05177305689166147,156413603.0,-5664435.15,-0.22340876672192456,-0.0831056535266178
2025-05-22,0.03906377406741584,-0.008642249058267888,0.03849405274407279,0.04246643817692634,0.6697874342927221,0.2826072395607332,-12.125624740934526,64.41917731585055,117.81017855573737,0.19868629603283128,-0.07382963016419453,-0.07833031228341958,-0.06115454123918711,139925437.0,-5046389.449999999,-0.17892652170398515,-0.0831056535266178
2025-05-23,0.03705317239754309,-0.008725768219266005,0.034047933862337516,0.046181728984995334,0.7162948508155444,0.2764600731964495,-4.73982570158104,64.41917731585055,117.81017855573737,0.11743527461621817,0.021453716113905008,-0.07641208459667947,0.041978352074498834,140041880.0,-4478483.8,-0.17286589124984586,-0.0831056535266178
2025-05-26,0.0342962095090072,-0.0080952906929216,0.020920473657551154,0.03904055140847691,0.7310243904183239,0.2693830647871323,-1.6588636644258798,64.41917731585055,117.81017855573737,0.10602337326956923,-0.006924306937500901,-0.07596899279507752,0.04822595723122429,136354971.0,-1912785.5499999998,-0.13985627418463242,-0.0831056535266178
2025-05-27,0.03000697179423203,-0.007813250401584884,0.005837002760059315,0.028974765937790234,0.7622904817098506,0.2745018997459999,2.460826721776918,64.41917731585055,117.81017855573737,0.14766898571107445,-0.07186067670461571,-0.08007626344320318,-0.09520405310355325,126595057.0,-1855872.25,-0.07756024096385539,-0.0831056535266178
2025-05-28,0.023932354527673165,-0.00752804552295612,0.004518772065364586,0.03235811906453354,0.7610855937866082,0.27448320452218544,2.277060813475998,64.41917731585055,117.81017855573737,0.15194374739381655,-0.07988156626014709,-0.07589919361242692,-0.06769025315701913,126248657.0,-2274605.6499999994,-0.06885772974903992,-0.0831056535266178
2025-05-29,0.021150599651922633,-0.006487000956825177,0.0014498737797657446,0.03324551131510481,0.9410701452616536,0.2745259349578843,-10.241935783830712,64.41917731585055,117.81017855573737,0.1490252358706181,-0.0840473133796047,-0.07337795381532264,-0.06146015182041552,111636919.0,-2325238.5500000003,-0.023502030757997505,-0.0831056535266178
2025-06-02,0.01450189358613732,-0.0058474181369440196,-0.020095268969451796,0.011696229847833972,1.0338727741149778,0.23688597788050975,-15.364290307052585,63.10562207549063,111.89771398476762,0.09909831676468084,-0.10330886524090765,-0.06977536935443118,-0.0919880995217353,72469666.0,-3818376.0999999996,0.006256662186587603,-0.0831056535266178
2025-06-03,0.010460254695481551,-0.005698297204246957,-0.016563096778164192,0.01715734075482958,1.1292250120606764,0.23258277165238309,-23.17075844388045,63.10562207549063,111.89771398476762,0.13962461512732727,-0.12683143702555166,-0.0233517473339373,-0.11205920440781202,58497802.0,-4958848.5,0.02994698380856864,-0.0831056535266178
2025-06-04,0.010527412273762858,-0.004290229728001855,0.021144870699669627,0.060180487014743364,1.2061083147924831,0.26274355953754497,-10.49546482572876,63.10562207549063,111.89771398476762,0.16750553665518297,-0.091418613155686,0.027637194031123524,-0.09992330391777353,77351305.0,-2479126.65,-0.05530317077693303,-0.0831056535266178
2025-06-05,0.010751564569577448,-0.0031239775125977308,0.025693726917989455,0.06879224031148941,1.2183669937125159,0.26260069245915557,5.787657541716271,63.10562207549063,111.89771398476762,0.14238687158844798,-0.06695587331143038,-0.001187575460192658,-0.0430572729783891,82747063.0,-2078691.15,-0.06252936202198633,-0.0831056535266178
2025-06-06,0.011650783849871834,-0.002238057433239752,0.018580156462280204,0.06554847033611756,0.9934239464549917,0.2583052023175379,6.285185143796909,63.10562207549063,111.89771398476762,0.13714667735562114,-0.05326865908614242,-0.014655807435400625,-0.1185745635693176,87123807.0,-1480604.1499999994,-0.07994611418218978,-0.0831056535266178
2025-06-09,0.014760714944309286,-0.0006739048141735908,0.0258765780446328,0.07551831194080032,0.9302844188746471,0.23490542487098684,11.015194574074933,63.10562207549063,111.89771398476762,0.1500414544385984,-0.09103205353119947,-0.011605910216297421,-0.08669967912303347,78223813.0,2791593.15,-0.050832144555397085,-0.0831056535266178
2025-06-10,0.018685286179949998,0.0015889581361089107,0.06193780809187363,0.11709787352016279,1.0310277638043368,0.26855392038833503,18.049440416538395,63.10562207549063,111.89771398476762,0.09654393752850088,-0.004590078659863828,-0.010996400830504793,-0.09440612366821624,98411091.0,6902906.05,-0.05742851622874812,-0.17723602467447863
2025-06-11,0.019958720386699297,0.003638474869389404,0.07700847401163291,0.13636241332444782,1.0322579994756758,0.27215796090722333,22.265563786284922,63.10562207549063,111.89771398476762,0.061074489041681224,0.03799654196973923,-0.016589290642870957,-0.0754727085988985,103323693.0,5778201.549999999,-0.051041000147659554,-0.17723602467447863
2025-06-12,0.018881494762622707,0.005373911353098994,0.05856790107677832,0.1178676196640219,1.0677715850953367,0.2621126155330573,10.490639488835747,63.10562207549063,111.89771398476762,0.058140621039758145,-0.007655867932583327,-0.02029575721648591,-0.03320992326997184,86609862.0,4738745.1,-0.06588672964902831,-0.17723602467447863
2025-06-13,0.016983387308616777,0.006573892393703306,0.04120060038697302,0.10047607566372596,1.1698298671041085,0.26736756090765557,-7.07877645898666,63.10562207549063,111.89771398476762,0.0364504519951081,0.005211755448311761,-0.026846039675883282,0.10812462187525679,87463014.0,5037376.100000001,-0.07473274545544117,-0.17723602467447863
2025-06-16,0.01567671532131254,0.006923331347302961,0.034513978631202154,0.09400208646260429,1.1951814022201022,0.2682678775065128,-7.482513709168941,63.10562207549063,111.89771398476762,0.07011307312180914,-0.03870087926825039,-0.02194453078350822,0.012075010681106517,85224016.0,3752101.2,-0.08231190832087698,-0.17723602467447863
2025-06-17,0.014460051691286394,0.00755447191432224,0.051243018921338285,0.1134268279052767,1.0489670554966792,0.2686359158947358,2.4531710311732127,63.10562207549063,111.89771398476762,0.06654945760484754,-5.124853992466427e-05,-0.039652258393679585,0.13356074707606613,92058093.0,-885751.2500000005,-0.06079255478835188,-0.17723602467447863
2025-06-18,0.013655515795691056,0.007006933496319177,0.056989288775307484,0.12260314222301362,1.0230581965268033,0.26707326975485135,9.089733911795811,63.10562207549063,111.89771398476762,0.07365701385050016,0.009652482680673646,-0.016542907942072582,0.05128535085083995,99795913.0,-1837318.4500000002,-0.07669907704456835,-0.17723602467447863
2025-06-19,0.01356820971493946,0.0065070629617045034,0.034403117830613,0.10001252555438232,1.0185438449801236,0.2772760675022914,1.9070466430005553,63.10562207549063,111.89771398476762,0.09334522847310112,-0.04345439983355259,-0.020055496422950125,0.053292149193604824,89520954.0,-1737584.3000000003,-0.10216441620333594,-0.17723602467447863
2025-06-20,0.015357183301720588,0.006829033958965614,0.05034216010933101,0.11954127209267369,1.146278078494756,0.2803471655283697,3.846094754284735,63.10562207549063,111.89771398476762,0.09130195478337111,-0.01240514780976687,-0.015015603015127943,0.07743759125291007,94236385.0,-1407262.65,-0.12163426039872016,-0.17723602467447863
2025-06-23,0.01578417950790029,0.006396475610692621,0.013470728234213627,0.08174608947720789,1.1509050159353853,0.30984658826930295,-7.653873493859379,63.10562207549063,111.89771398476762,0.1152437564340032,-0.07425991808765486,-0.017103223726386618,0.04286088690918262,81835715.0,-2245835.75,-0.07557763975155285,-0.17723602467447863
2025-06-24,0.016384626811230745,0.005979118737316373,0.03924509671204543,0.11210466424652817,1.1452082914971828,0.32169213825856796,-2.833502594511174,63.10562207549063,111.89771398476762,0.1572587185220582,-0.07687413838337709,-0.009929425905983558,-0.06894993400093224,84356264.0,-853216.0,-0.10045481510777143,-0.17723602467447863
2025-06-25,0.017717922322458262,0.006714087079809385,0.05335436976312564,0.13097093812898936,1.1283307756567282,0.3205193941488052,-10.088279220871243,63.10562207549063,111.89771398476762,0.13005518952716844,-0.016541917465266343,-0.015273325632954249,-0.10203862401135003,108730280.0,824240.0,-0.14919567827130853,-0.17723602467447863
2025-06-26,0.02081769669135984,0.007767422421128039,0.0524699675395058,0.1337189261127095,1.1857850525958273,0.32027445865546234,1.6958073009213024,63.10562207549063,111.89771398476762,0.14625126705755398,-0.029848452952808024,-0.02078772465123757,-0.10462260865852174,120759774.0,4247602.499999999,-0.16401304431229613,-0.17723602467447863
2025-06-27,0.022725761114692915,0.009289529518573427,0.05133929671423233,0.13552221648583174,1.056488555802891,0.3195988660072275,2.4478371708529636,63.10562207549063,111.89771398476762,0.14083182250659854,-0.01923646346326713,-0.03776295459058365,-0.11234399031024779,135202503.0,4689705.85,-0.19394335919244787,-0.17723602467447863
2025-06-30,0.0265474855208863,0.01080058322068418,0.025977658566686868,0.11215568914169537,1.0602973993001328,0.3161100218491093,-10.441445925485937,66.69053161828589,113.6331286769788,0.1476890148818586,-0.022426946472384968,-0.025978406113987607,-0.08599216244774847,147253344.0,5525965.8,-0.17243920412675018,-0.17723602467447863
2025-07-01,0.02945817089208665,0.012072243780852424,0.04315717117818459,0.13546726075273077,1.1295741110823958,0.3219977210110344,-10.885528096661602,66.69053161828589,113.6331286769788,0.10939665069097293,0.03755476667597524,-0.02603437658178198,-0.07836373323181411,165030915.0,5849426.050000001,-0.22704507512520866,-0.17723602467447863
2025-07-02,0.02881298662197659,0.014241420825317977,0.038207097483503344,0.1307224953662688,1.0595763216127394,0.29477719164641136,-6.529654209568207,66.69053161828589,113.6331286769788,0.11477439395687039,-0.014164336790753351,-0.024694728365180385,-0.08634183172829436,149348786.0,2044700.500000001,-0.18293341184552725,-0.17723602467447863
2025-07-03,0.027878069520749307,0.016853653555440003,0.038212169599342496,0.1304853710790449,1.0447704768003303,0.2945484813720347,9.598429755256461,66.69053161828589,113.6331286769788,0.1269627543907037,-0.030144016185913003,-0.03252621266689226,-0.09540250293964209,143309914.0,-596805.7000000002,-0.13515409671761458,-0.17723602467447863
2025-07-04,0.02660546860908887,0.019071108531836776,0.028833973751540978,0.11943045754172914,0.9600376658888992,0.2951567007723681,8.646524240001774,66.69053161828589,113.6331286769788,0.12089178205703122,-0.025812509483024604,-0.03433588147129796,-0.09442728677768206,142745332.0,-2753114.5999999996,-0.1276885792184187,-0.17723602467447863
2025-07-07,0.024578188492961443,0.02079126538326284,0.020259497947800957,0.11006009693633764,0.8812417721710136,0.2962271325837957,-0.15905607273636235,66.69053161828589,113.6331286769788,0.07875546108890985,0.00043133376779103116,-0.033983252420979326,-0.018184776318884856,136393729.0,-2288825.6500000004,-0.1619658333750814,-0.17723602467447863
2025-07-08,0.019626070403991346,0.02157127029191123,0.018363544762027992,0.10636893562600959,0.7996652555282987,0.26437535028148446,-7.2261096642201395,66.69053161828589,113.6331286769788,0.07605535810085828,-0.03817705201818322,-0.028264515336744234,-0.07191168781494646,110664295.0,-4583078.15,-0.14055854470919804,-0.17723602467447863
2025-07-09,0.016199051266970504,0.02127394949843798,0.026365293972516364,0.11227077957809868,0.8157330552118891,0.25812923799573206,1.2284770133941052,66.69053161828589,113.6331286769788,0.08283955696695688,-0.055022380549282435,-0.026156907880798497,-0.11672625200127795,99490894.0,-4001736.9000000004,-0.14512448132780087,-0.17723602467447863
2025-07-10,0.014161888269913617,0.02029480755497906,0.033106268779326334,0.11816382506950826,0.7253267188433679,0.25217624595755234,4.320546915354001,66.69053161828589,113.6331286769788,0.08746747403946276,-0.034836044613059114,-0.020192907280430994,-0.1201315967940144,102954180.0,-4149617.6,-0.14436933396216522,0.22546342354714977
2025-07-11,0.012951071052710632,0.019248285721286992,0.02972141830697149,0.11347391299773939,0.7762976619900335,0.24433579773355663,22.16120404246106,66.69053161828589,113.6331286769788,0.11424537539537272,-0.046284312951937245,-0.009557932229729671,-0.07415249533233396,103077125.0,-3676970.85,-0.14327547652007244,0.22546342354714977
2025-07-14,0.012465844460779292,0.019705421486833432,0.021693541422326126,0.1037282179838722,0.8246929488468118,0.2441996625599837,4.700499151505355,66.69053161828589,113.6331286769788,0.07203319048188495,-0.003740491660558787,-0.00989662176580608,-0.023725682860967583,105098824.0,-3500620.2,-0.12780975133022043,0.22546342354714977
2025-07-15,0.013648896237506905,0.02081516398574208,0.03255823156204356,0.11391517753167915,0.9129704113500461,0.2399539326822798,5.32478878725064,66.69053161828589,113.6331286769788,0.09475366270534735,-0.03255266725457262,0.011760065596223557,-0.0015511356537110858,111329490.0,-1716282.1,-0.10281817697512119,0.22546342354714977
2025-07-16,0.015772124178417633,0.02192256843725178,0.047508797920497635,0.12835185988518563,0.9699419994342711,0.24478626266582643,-6.571349238065878,66.69053161828589,113.6331286769788,0.08478161190594569,-0.013691453931985675,-0.008736125094162328,-0.0056785233138282225,113717116.0,311865.7999999998,-0.11487678409151658,0.22546342354714977
2025-07-17,0.017609771753858024,0.023375713625743803,0.04291658046637108,0.12242201290794286,1.011946084476132,0.23049699934435006,1.2681087890019,66.69053161828589,113.6331286769788,0.09267154102964925,-0.0008840950651138879,-0.004762802825011958,-0.032616935176315115,111862360.0,-1073018.5999999996,-0.07033064248590071,0.22546342354714977
2025-07-18,0.018956251411878497,0.023903173868855532,0.061093345425038754,0.14185390168555284,1.1476652140341785,0.2330852647612077,19.818192073634123,66.69053161828589,113.6331286769788,0.09999849153634766,-0.005211653320658316,-0.005684577755320386,-0.02706548266112747,125163979.0,1463728.4500000002,-0.11174624523649401,0.22546342354714977
2025-07-21,0.021693506797426137,0.024441738035717763,0.050228316692185145,0.1315105058074361,1.1640251132430754,0.18941202927299883,8.952321604118538,66.69053161828589,113.6331286769788,0.09441110074312453,0.03303990521127087,-0.005248389316367952,-0.003441578475741407,135800314.0,1196232.2999999998,-0.15383788432595136,0.22546342354714977
2025-07-22,0.02232560414390611,0.024035608948919342,0.028207549354537634,0.1073694436105032,1.1550187180813825,0.18578146285061892,-2.83337148059087,66.69053161828589,113.6331286769788,0.03617136012274624,0.04001932812052833,-0.011468041165547449,-0.009514651070523489,128019311.0,301595.85000000056,-0.18377665420971645,0.22546342354714977
2025-07-23,0.022247994738853406,0.023138366019135746,0.03831343328969822,0.11747351711879235,1.1635008013772246,0.18052938436839958,-17.62964374188593,66.69053161828589,113.6331286769788,0.026302994468225593,0.043790569356998876,-0.002006212167830479,-0.07348242361512877,103238948.0,-996827.0000000005,-0.1324077209617338,0.22546342354714977
2025-07-24,0.0209967979798099,0.0218473876752453,0.03502836727774013,0.11300521006153082,1.101554389591554,0.18087272393106804,-7.8754227225113596,66.69053161828589,113.6331286769788,0.0185709464609376,0.04654546319694508,-0.003670530823527196,-0.06890915817859108,84730615.0,622711.4500000002,-0.11748508490133092,0.22546342354714977
2025-07-25,0.019292634948800493,0.02100552064259685,0.03199650543277367,0.10867938385658008,0.9594806885817709,0.18113815217813564,7.999999999905995,66.69053161828589,113.6331286769788,0.018191128323532535,0.041994211695571826,0.019848034237632373,-0.09292503089613385,76676548.0,-2081482.5999999999,-0.09485157699443414,0.22546342354714977
2025-07-28,0.01712331982003622,0.019419424120452212,0.028058468716096,0.10513005229835033,0.9370558873582047,0.16299514484797925,5.629616033383343,66.69053161828589,113.6331286769788,0.03435656413758781,0.045832170152837026,0.012957580945629488,-0.08210938503276918,79899988.0,-2286431.5999999996,-0.13807880676758677,0.22546342354714977
2025-07-29,0.015696114867322284,0.018609947374404544,0.016797348888578797,0.09194818493845894,0.8280101100716963,0.1512096717890729,-5.076966173529897,66.69053161828589,113.6331286769788,0.042177038413526935,0.003906021749838118,0.015421151242728914,-0.021552797448924722,62741377.0,-2091683.85,-0.07187425005999515,0.22546342354714977
2025-07-30,0.015416033928918268,0.018323850025797978,0.031480290699331046,0.10694948421089742,0.8435794962917701,0.16032013144850676,-5.629653363386851,66.69053161828589,113.6331286769788,0.0314148021612628,0.03310145926607366,0.01586264745928445,-0.0487894985818137,74597935.0,54040.450000000186,-0.08137649390427004,0.22546342354714977
2025-07-31,0.015367259938834324,0.018074147090615354,0.03271758104243495,0.10756764814637684,0.9733350702837152,0.16029017361790698,-4.571460460246655,69.19109373506245,121.57009304848941,-0.006941625908255533,0.07116194266000098,0.02968436082871939,0.026333526231249665,77870547.0,1303149.0500000003,-0.10476300845984476,0.22546342354714977
2025-08-04,0.014646263005561874,0.01768182152626968,0.008216762888977278,0.07990189238798859,0.9773635286193977,0.18112921943340152,-5.5000593747835325,69.19109373506245,121.57009304848941,-0.004021511932848831,0.050104572096213884,0.03105081766643103,0.07169076082236224,80415892.0,613246.9999999995,-0.0572094691535151,0.22546342354714977
2025-08-05,0.013916970940178831,0.0177216622228118,0.018374977692971674,0.0906280611967904,0.9558787376972969,0.18312968271905744,-7.8704706279408825,69.19109373506245,121.57009304848941,0.003697709047054909,0.061117122735860674,0.03401615593837737,0.09167638142308088,82594765.0,791075.9500000002,-0.07500596231814927,0.22546342354714977
2025-08-06,0.01366183881296597,0.017200845212097405,-0.005744530141867167,0.0640254090021853,0.8977642478374138,0.20332501472419837,-22.943779239362094,69.19109373506245,121.57009304848941,-0.016117153150130736,0.05778395344059062,0.029898568656853364,0.025750842874356715,75333357.0,-2646775.6500000004,-0.03943696153379439,0.22546342354714977
2025-08-07,0.0145121934117053,0.016755157945362968,0.03873241392013522,0.11227311344357599,1.018757476287727,0.26197926355605605,-1.1363585248958117,69.19109373506245,121.57009304848941,-0.005698922470180001,0.08826788493900883,0.027745808902891467,0.011568618810432774,93961798.0,-481748.30000000075,-0.0369916707496325,0.22546342354714977
2025-08-08,0.01468954124017008,0.01580588132497062,0.030927763443905673,0.1044330328407396,0.9661059886418699,0.2628597621373997,-7.4999957479130615,69.19109373506245,121.57009304848941,-0.005301030566807086,0.07348296120086673,0.02062957079954697,-0.07333783815972958,87114697.0,-107678.84999999963,-0.032502641228015716,0.22546342354714977
2025-08-11,0.015989368711304745,0.015279817771992759,0.03169399405897547,0.10582066376058219,1.0288091652740146,0.26255666647953263,9.015169439354224,69.19109373506245,121.57009304848941,-0.004550316380881769,0.07727779152218917,0.020791293677162148,-0.005599238061985581,83551186.0,-1796179.5,-0.023779880478087656,0.039007802272782666
2025-08-12,0.01660397092956117,0.014933261862119112,0.027874566806410834,0.10261369968909234,1.0989258288827715,0.2611681837272525,2.5252397781428684,69.19109373506245,121.57009304848941,0.034244591824813986,0.04338103620803291,0.02516005295107604,-0.09174992943365698,72504838.0,-1793034.9,-0.08289293984917756,0.039007802272782666
2025-08-13,0.018559454313556493,0.01565120000667324,0.04121466789146983,0.11747054861883743,1.2132997833647738,0.2630383839763063,9.86485346191862,69.19109373506245,121.57009304848941,0.030426975114571153,0.050654024646057616,0.01812845968180543,-0.0985162008862879,65775656.0,797398.6000000001,-0.11782824012561899,0.039007802272782666
2025-08-14,0.016505289775310943,0.015378967614064753,0.017536189442589403,0.09078485443724811,1.0284792984189264,0.2716559736062643,-0.35720125581825357,69.19109373506245,121.57009304848941,0.033229160219780285,0.006593753209634956,0.018769485225302418,-0.07062731112463477,58229441.0,-5537844.05,-0.09724039490900438,0.039007802272782666
2025-08-15,0.015354247095442109,0.015554274624878904,0.019658685055929267,0.09214531227676222,1.0183781413521773,0.27164126602312655,-5.749359749454435,69.19109373506245,121.57009304848941,0.00263176101958984,0.04161601787243785,0.023060488598108053,-0.05007709915534516,37050864.0,-4143382.4000000004,-0.031735015772870634,0.039007802272782666
2025-08-18,0.012896168166314082,0.01567890778784518,0.01855849245307329,0.08875024900247885,0.9497879533663433,0.26139082531805014,-6.725307218632864,69.19109373506245,121.57009304848941,0.007621286691448237,0.014023730780949206,0.019923007288976224,-0.0521357068942139,34695381.0,-3519682.05,-0.043958836234277765,0.039007802272782666
2025-08-19,0.010670720020670793,0.015928413029354233,0.021331494959919563,0.0899248784187257,0.8882809777399859,0.26075597554661956,4.761918786552464,69.19109373506245,121.57009304848941,-0.011832233426791072,0.042266969736629356,0.02202670171198462,-0.012087193480242751,33814712.0,-2726199.4000000004,-0.005588472932938293,0.039007802272782666
2025-08-20,0.006941422890668496,0.014988799676017517,-0.02197328675615597,0.04133264287542647,1.0588758918677448,0.297081621355069,-12.30619890810091,69.19109373506245,121.57009304848941,-0.0013992804690096117,0.005824036464859961,0.026375921744969055,-0.001908416373675688,2816534.0,-8567530.7,0.01613322924798344,0.039007802272782666
2025-08-21,0.00519591929015756,0.014755638908606582,-0.009261312693484437,0.05205295497189713,1.005511361752548,0.2970479840552577,-10.139539316254123,69.19109373506245,121.57009304848941,-0.006124788826517236,0.010491470376488232,0.029970396812724953,0.0518645550653949,-2838274.0,-7212387.1,-0.005330213208528334,0.039007802272782666
2025-08-22,0.0025923392732761685,0.014370572124837234,-0.021762541204495944,0.03561333179364276,0.9781925874408143,0.3008554239176499,-11.904742270227345,69.19109373506245,121.57009304848941,0.019504363013822967,-0.02823805021185133,0.04384594908117245,-0.09559242183076917,-10696394.0,-7262287.1,-0.018895721240071772,0.039007802272782666
2025-08-25,0.002589536849116223,0.014401812415813304,0.007318091070979996,0.06419711797241172,1.0199104509570736,0.320491767489616,8.012842229544887,69.19109373506245,121.57009304848941,0.019561226116240338,0.0022727217970919256,0.03321762652010807,-0.05892084080166344,-8891459.0,-6564227.25,-0.012268354103441625,0.039007802272782666
2025-08-26,0.0023701560376758286,0.014783283535738073,0.010318095429878622,0.06498329617686846,1.1101829904552454,0.32062549373540594,12.416672667722388,69.19109373506245,121.57009304848941,0.012344184869230723,0.013856552626767993,0.03298046003136457,-0.06852282619233063,-13270578.0,-7708144.1,-0.012992889463477653,0.039007802272782666
2025-08-27,0.004523888937005174,0.015983316459261907,0.020802053503891686,0.07461770963165291,0.8297804506233036,0.320617833537731,2.4999907226785965,69.19109373506245,121.57009304848941,0.014777513400577869,0.033680606132349356,0.029996316759695274,-0.050450767988642876,-21645323.0,-26168.050000000047,-0.013794456066945626,0.039007802272782666
2025-08-28,0.004522919948336575,0.015710143909242594,-0.0051457766723747665,0.044787545751694,0.8263705452074832,0.3298506118755281,-7.179487163221516,69.19109373506245,121.57009304848941,0.011357585629479638,-0.007028603554470658,0.029825356779447088,-0.07419880496803731,-31343095.0,1062866.95,-0.009255663430420724,0.039007802272782666
2025-08-29,0.004955813811916555,0.015579779715537099,-0.0051457766723747665,0.04218714796736382,0.8482535915703293,0.32952808004430345,-14.96212473514477,69.19109373506245,121.57009304848941,0.010881043306846694,-0.010881043306846694,0.022287805539956462,-0.010213637765193238,-27613924.0,1697801.4,-0.029595507036032087,0.039007802272782666
2025-09-01,0.005165723560170075,0.015032399738710374,-0.0021413273055010612,0.04395612434929686,0.8295852615530801,0.3195169356445891,-5.833342381602705,63.453920639420744,126.40309826208318,0.007917236460212251,0.018514455195517865,0.02500414703581777,-0.003277005788027416,-31840115.0,1636316.15,-0.051867351467884126,0.039007802272782666
2025-09-02,0.0042992254854008535,0.01386540324648458,-0.006849296027291808,0.03700928157746,0.683418540466068,0.3170346847676767,-6.1904885882930145,63.453920639420744,126.40309826208318,0.007869913639986681,0.0008258021363971579,0.024802470022258882,0.11663903648087554,-32392735.0,2716019.55,-0.053951269820807,0.039007802272782666
2025-09-03,0.0034312658462983133,0.01193919237075877,-0.008335093005966602,0.035167469595612504,0.6692578518021987,0.3058937060241353,0.4914266685833937,63.453920639420744,126.40309826208318,0.007660850949950504,0.023450209338311767,0.026942842107006815,0.06476509723028152,-24859811.0,1719985.15,-0.06884790298130372,0.039007802272782666
2025-09-04,0.0023584891523784,0.01078688541837648,-0.007486608739253536,0.033637813097707775,0.7487443159473983,0.25000318291666573,-2.2222268036356496,63.453920639420744,126.40309826208318,0.006063451512235751,-0.023012621822124046,0.026986751652233743,0.0005231644526640866,-41339549.0,4284028.25,-0.04731620452810992,0.039007802272782666
2025-09-05,0.002572901597062939,0.010292597184301765,0.009409788584238807,0.04935531945260656,0.8042817022528247,0.2575252517742769,9.523810926277932,63.453920639420744,126.40309826208318,0.01468467573655774,-0.010429272816055546,0.029720126575142558,-0.007421433232722471,-25823324.0,5897342.2,-0.04573484069886946,0.039007802272782666
2025-09-08,0.0012848006213288742,0.009904330025304902,0.009409788584238807,0.04702755539836719,0.8571899007179298,0.25710945524865036,2.7720277129320294,63.453920639420744,126.40309826208318,0.024555671537506818,-0.024555671537506818,0.021037829986618295,-0.008302452704006672,-10827328.0,7125303.600000001,-0.0360285677847213,0.039007802272782666
2025-09-09,0.0017123253306397285,0.010115549087149789,0.02564097955606834,0.062025182010659374,0.9846477338672017,0.2639477094515038,25.252564061897637,63.453920639420744,126.40309826208318,-0.003469084580382198,0.020418150061929596,0.012792190137208781,-0.013899818795314461,4087160.0,8923828.0,-0.04448041437358363,0.039007802272782666
2025-09-10,0.0012823240345123045,0.010998658963863223,0.0458910929124927,0.08127983900111534,1.1337794297864527,0.26740340995220546,21.42860172187116,63.453920639420744,126.40309826208318,0.011112220558971098,0.009721110626837115,0.01584776857614334,0.0035959694512336087,13856944.0,11136685.200000001,-0.014924351338399422,-0.014267941962980979
2025-09-11,0.004919787484028252,0.012252173937188714,0.055768401643515084,0.09154929350613544,1.185238605129197,0.2568789616101476,31.282029635231673,63.453920639420744,126.40309826208318,0.01867302433055862,0.03664616089169104,0.009923281640947579,-0.03787036397966688,33630487.0,10686110.85,-0.08748929441992226,-0.014267941962980979
2025-09-12,0.008126594231529798,0.013561581752070225,0.06915561676366297,0.10550550427462603,1.1708698642826965,0.2611797711320391,8.428021648568347,63.453920639420744,126.40309826208318,0.04328372042807049,0.02451275115480067,0.00701487546749191,-0.03355703440727042,46218971.0,9806671.25,-0.11344236658630347,-0.014267941962980979
2025-09-15,0.011334463717073319,0.014270924464906059,0.06153524556980301,0.09790774590201655,1.136881795215067,0.2622455467667752,3.5714755891883385,63.453920639420744,126.40309826208318,0.04908324114448126,0.014476068896344119,0.00986696260918718,0.02498772177417387,44772789.0,7096470.95,-0.08299003322259135,-0.014267941962980979
2025-09-16,0.014748716247803538,0.015563389597523663,0.08242872337216223,0.11992833329093018,1.1545957249354994,0.2724499133467825,-2.8414314055250713,63.453920639420744,126.40309826208318,0.0718874631389832,0.012602076074937685,0.005628581229592644,0.06600642021600141,54999754.0,6397067.3,-0.07021463877039746,-0.014267941962980979
2025-09-17,0.01943137722388076,0.016111515749014867,0.06369388924971356,0.10327792493095288,1.1584380627311563,0.22005135585607602,6.230208864161611,63.453920639420744,126.40309826208318,0.07625894701480296,0.04273668641092754,-0.0019962120751384482,0.024204329783266733,82281641.0,1144153.3500000006,-0.1403969270166453,-0.014267941962980979
2025-09-18,0.02257641655983697,0.016583337050139896,0.07420717494238674,0.11716038644110989,1.1095407097196543,0.22141069879385825,11.09788317783027,63.453920639420744,126.40309826208318,0.12044781410374616,0.001413107579954609,-0.0063969666957742755,0.025909087926353574,88069302.0,-870002.8999999994,-0.13370801202457194,-0.014267941962980979
2025-09-19,0.024835818271791415,0.016090963303208885,0.05157531917369529,0.09668544261470201,1.1920475805450594,0.22442510213552827,-0.2669098219445374,63.453920639420744,126.40309826208318,0.0830295183745895,0.035966115051141,-0.01328812432992632,0.005532037209770993,82482115.0,-4668583.75,-0.1115753737677091,-0.014267941962980979
2025-09-22,0.027090724641675293,0.01633827224560658,0.07074319772047441,0.11914737895040273,1.2149175422539547,0.215088521235688,-2.5625230719375764,63.453920639420744,126.40309826208318,0.09968561957678501,0.01157928517300677,-0.004982347134272591,0.043388114440583596,81016945.0,-3810816.25,-0.13545139569850295,-0.014267941962980979
2025-09-23,0.029934578941147594,0.016569329640751588,0.10023260264148633,0.1533153454618579,1.1733982283049376,0.2389021264051694,-1.208556891299466,63.453920639420744,126.40309826208318,0.08613927977522606,0.05884803097161906,-0.007433359329343081,0.07137104158845262,88639742.0,-6075662.5,-0.1398257908179973,-0.014267941962980979
2025-09-24,0.030615353643441222,0.01710000200526523,0.09328732490038061,0.14904101308620843,1.234689395160818,0.23904215791912217,7.997730688196697,63.453920639420744,126.40309826208318,0.08110245111809644,0.049452200961003,-0.00892407570400544,0.037312492225564216,79391938.0,-5655971.7,-0.07318528339410013,-0.014267941962980979
2025-09-25,0.03148334627375748,0.01733633592014208,0.06978529092866081,0.12803289680547833,1.2336757708124184,0.2233562921279274,-4.455601416679272,63.453920639420744,126.40309826208318,0.0737427719890289,0.06873994235944814,-0.006897833364295836,0.06532597745472285,73062919.0,-7158710.35,-0.03462468151825959,-0.014267941962980979
2025-09-26,0.03172709455184237,0.017577514995013442,0.04743809509061042,0.10756033272614608,1.089585106586802,0.23559249069901905,-12.985925908409172,63.453920639420744,126.40309826208318,0.11220966703758295,0.012962762934734418,0.002253016808835273,-0.026734568763469285,70124972.0,-5660572.0,-0.036285602809208006,-0.014267941962980979
2025-09-30,0.03217632833847744,0.017594299300794855,0.04537527166506477,0.10828998820604878,1.1149526526385594,0.23564287323540864,-14.54003368752484,71.76371304077144,140.57488333393837,0.12363508699276116,0.00101732583478098,-0.0033474170671083936,0.03325720957214813,68796466.0,-5839608.699999999,0.010232060456095704,-0.014267941962980979
2025-10-01,0.03194972967067722,0.01702164433692859,0.05423404059889741,0.12131838194797757,1.0785296207536879,0.23457107343124348,-7.536361718515408,71.76371304077144,140.57488333393837,0.15963361266594323,-0.012823300564494211,-0.005981947347478478,0.03678721862772598,76740882.0,-5120433.3,0.010424473666280631,-0.014267941962980979
2025-10-02,0.033986852615322256,0.01738702075437365,0.07707794111001294,0.1504749648415127,0.9649344102531155,0.24682074746254568,0.5077566786073078,71.76371304077144,140.57488333393837,0.18480124357271355,-0.0033702560832171713,-0.009660388455403623,0.05748436259302566,82659634.0,-3002447.9000000004,0.0030525030525030417,-0.014267941962980979
2025-10-03,0.03700190486567308,0.01839625135785618,0.09413563617993016,0.17478682761801387,0.9873013999374426,0.25185939745647784,3.4259947799429824,71.76371304077144,140.57488333393837,0.16159192238100362,0.05013214274356814,-0.00840439068896992,0.05423114409681037,76361180.0,-941356.0,-0.03497997329773028,-0.014267941962980979
2025-10-07,0.04142242613322084,0.020115762253382272,0.11022230289279468,0.1984680013922272,1.0480348871934988,0.25637831524403615,7.811230154644065,71.76371304077144,140.57488333393837,0.15158813449591735,0.06937784818329584,-0.0059783765054218785,0.08451544393858845,52371418.0,-1563105.7,0.019857296715132033,-0.014267941962980979
2025-10-08,0.044989848728171494,0.02139740597808161,0.08469104573406144,0.17653422036222335,0.9704059866752258,0.26820098458071634,-1.6419738544375804,71.76371304077144,140.57488333393837,0.18083664079947015,0.02311245246158755,0.001893080590501528,0.02155924059325366,30055808.0,-2666984.8,0.01594231659720835,-0.014267941962980979
2025-10-09,0.04767628124224054,0.0227334705136594,0.09359500830913937,0.19155218783113426,0.9909533641655678,0.26847921939418945,2.3440520180329685,71.76371304077144,140.57488333393837,0.1753264448429115,0.029473552353279642,0.006392750401327474,0.025241040431988358,14773475.0,-4003969.15,0.0790757555224284,-0.014267941962980979
2025-10-13,0.04670040470253632,0.02292370740773389,0.06671531810331037,0.16589038515682486,1.1157949914370076,0.2810229721812241,-8.49429115215608,71.76371304077144,140.57488333393837,0.12846069649262337,0.031261797106664435,0.010325658676124672,0.17400293996090244,-17782463.0,-7369763.85,0.18528042254499955,0.11025448536429239
2025-10-14,0.04411726403258513,0.02261537289310161,0.06661757659393587,0.16932059966355542,1.1525500723407405,0.2804846183946255,3.473179568068815,71.76371304077144,140.57488333393837,0.09589700224594755,0.05789334195118068,0.01502145584332748,0.2601047242329977,-28171532.0,-7130330.6,0.19991336365605372,0.11025448536429239
2025-10-15,0.04175221141272784,0.022510200646316696,0.08800602669644358,0.19658782134486782,1.1436325560704057,0.2885425848685621,-1.1193804713783067,71.76371304077144,140.57488333393837,0.12751631932274843,0.03983308859347656,0.013004288732147762,0.22795011116503014,-38929218.0,-4196046.5,0.27465823901220054,0.11025448536429239
2025-10-16,0.04118843378894377,0.022621474012774798,0.09331864136095161,0.20742367797566094,1.205831884875935,0.28567629061994776,3.8982264585140456,71.76371304077144,140.57488333393837,0.12214697967822818,0.06585302781261304,0.010728107615501026,0.46389424439911264,-42732812.0,-3085972.9999999995,0.34127961741902757,0.11025448536429239
2025-10-17,0.03796601489043971,0.021894905886489454,0.0609109707359103,0.17411973921539203,1.2037971547097566,0.3015746663269783,-8.52813425207583,71.76371304077144,140.57488333393837,0.11494233486045213,0.017870234321834877,0.013837170548521627,0.1867165838193702,-67621627.0,-3950884.0500000003,0.3096417127876492,0.11025448536429239
2025-10-20,0.03844549409140874,0.022420928990236434,0.07441018411690657,0.19270566140623624,1.078954466685149,0.29762920204808324,-2.777781692204158,71.76371304077144,140.57488333393837,0.13610224398978632,0.03385819028264225,0.01912661823940609,0.033681085677858186,-55794120.0,445610.0,0.2896402770536979,0.11025448536429239
2025-10-21,0.038361565151094554,0.02287695891367969,0.06685891295648771,0.18729069142985272,1.033596735391639,0.29744973810939873,3.45471631662609,71.76371304077144,140.57488333393837,0.08937488839348218,0.062376108245668194,0.016981111501769508,0.007072663076830364,-55327095.0,868704.3500000001,0.2714996982498492,0.11025448536429239
2025-10-22,0.03750464630822044,0.022499780929419594,0.045096703638579184,0.16626322612500566,0.9809846685944646,0.29544547383587594,6.1167113700417275,71.76371304077144,140.57488333393837,0.07145410152332632,0.08269611188850479,0.018823970292731085,0.03899007839634913,-59647187.0,-1705712.4499999997,0.2760875955320399,0.11025448536429239
2025-10-23,0.03423523943811487,0.02205843676227167,0.03221217970639606,0.15352103467648276,0.9064955277830378,0.2929108168750279,-4.106283532212402,71.76371304077144,140.57488333393837,0.08171567204969166,0.03797558759452002,0.01751060448231989,-0.036855623315379046,-70479876.0,-1785388.0,0.2867296786389415,0.11025448536429239
2025-10-27,0.03292482882489428,0.022439840633568388,0.04834426508402949,0.17210987712591463,0.8776519292814675,0.27839163616102736,-9.306406229999553,71.76371304077144,140.57488333393837,0.13629381787467865,-0.031816203189790615,0.020372186012591165,-0.11883702175038444,-73155035.0,907394.75,0.29518806151971977,0.11025448536429239
2025-10-28,0.029764073646762694,0.022198948539654994,0.03983080951745618,0.16286192756534215,0.8714466223675416,0.27947295719921345,-9.535910730288151,71.76371304077144,140.57488333393837,0.14256153103660463,-0.04181526958443582,0.010804675694346733,-0.08429299753403004,-76098243.0,-1942287.2500000005,0.20549316930119454,0.11025448536429239
2025-10-29,0.029194456703848886,0.02229925217778885,0.054106083166216755,0.18101057928963138,0.841912844086373,0.27418046719194294,-6.44928175804187,71.76371304077144,140.57488333393837,0.1660008030453568,-0.025849281883514763,0.00589514780364464,-0.05688246696146144,-61388756.0,-1648458.7999999998,0.13040535968058475,0.11025448536429239
2025-10-30,0.029348607873253708,0.022604580446645955,0.04659246438089319,0.17563485985909305,0.8423253577321518,0.2632047123675595,-1.0927643092242363,71.76371304077144,140.57488333393837,0.14447946067535455,0.013212791611323382,0.0033931164571392447,-0.061676337827751074,-60329525.0,725685.25,0.09932523616734135,0.11025448536429239
2025-10-31,0.030610427465151663,0.023306805960483092,0.03609053502355025,0.16611911685529407,0.897674220354364,0.26573454012593195,-0.7566011892993956,76.59489310736066,165.4884824650445,0.13482961146967543,0.014595693249344954,0.00894665739946876,-0.03537152174036029,-68977262.0,1349600.5,0.11790017211703963,0.11025448536429239
2025-11-03,0.03205241567728722,0.023532594548498518,0.03637609850359602,0.16837395624563803,0.8817341746558442,0.26395986609170935,7.721093557368938,76.59489310736066,165.4884824650445,0.11856265501792929,0.021059991053014704,0.011158848622355277,-0.05261124208927786,-73887361.0,2264513.65,0.1224544841537425,0.11025448536429239
2025-11-04,0.03207613571714459,0.02395112722990903,0.0280054384407492,0.15875972117584433,0.9089105423106528,0.2508602374126881,0.5952426351049951,76.59489310736066,165.4884824650445,0.05330058759872092,0.04926352190844341,0.014980081747807406,0.041552463639879154,-76968936.0,4804842.0,0.1036721444512072,0.11025448536429239
2025-11-05,0.027490811719931715,0.02292584033074453,-0.004771588364793628,0.1200206538947413,1.0226942972569184,0.2672208454772613,-12.558918574463448,76.59489310736066,165.4884824650445,0.09212541254125406,-0.0492681527654284,0.014942331189242486,-0.016384476337393563,-107682749.0,-997958.1499999994,0.29288876591034874,0.11025448536429239
2025-11-06,0.021210027857654228,0.022106210739508858,-0.002383327830934462,0.11963790717109112,1.0363350463480274,0.2534629925366768,-23.735603075992742,76.59489310736066,165.4884824650445,0.057821290392661595,-0.036915223753463344,0.012533406967078164,0.0584595341682218,-97071234.0,-1439314.8999999994,0.24071018414626089,0.11025448536429239
2025-11-07,0.01588673776290625,0.020901357752510227,-0.007309152601227584,0.11178480908191575,0.9729231556131949,0.24784154111301482,-14.166671457954457,76.59489310736066,165.4884824650445,0.012705120184146379,0.019097085796929036,0.014477678829358576,0.027906469478240877,-90338448.0,-919509.1999999993,0.2176064591743716,0.11025448536429239
2025-11-10,0.010638317887987152,0.01996639040020678,0.0016977764619217073,0.11895104962022335,0.9700256616004925,0.24285594928377963,-0.3309452563910398,76.59489310736066,165.4884824650445,0.04630712420040939,-0.022001502099140646,0.01447341774572175,-0.05480516937726754,-92472547.0,-2358705.25,0.1811616954474098,-0.06492788773237146
2025-11-11,0.007513685517799372,0.018395999693310898,-0.006779616350406313,0.10758705599142555,0.9459357056489816,0.23483674831952142,0.5016761385807058,76.59489310736066,165.4884824650445,0.03810978144932631,-0.0027739970259090807,0.00984183157213292,-0.06760909462584459,-79979518.0,-4862027.5,0.05763705658164753,-0.06492788773237146
2025-11-12,0.007157483328070798,0.018584494685920057,-0.0016920685415966585,0.11088246178705988,0.7616414944217417,0.2347670923041484,1.5540327339262276,76.59489310736066,165.4884824650445,0.07789560016040387,-0.04280787327800151,0.00890489625734947,-0.04671166407156719,-80336996.0,947093.1999999997,0.06095066185318898,-0.06492788773237146
2025-11-13,0.005958472691699035,0.018387612977635543,-0.011677066973162191,0.09566985419302801,0.745888708145914,0.21661709732549284,3.98295456284265,76.59489310736066,165.4884824650445,0.007637020409715367,-0.01104999859080813,0.012390844125090394,0.09075042983283405,-88204744.0,41027.799999999814,0.02410194314709102,-0.06492788773237146
2025-11-14,0.0025497221238322057,0.017940421933862628,-0.03017981884182492,0.06974803112151917,0.8034507623300191,0.22181262222782647,-9.31181886858623,76.59489310736066,165.4884824650445,0.0016441386568184502,-0.038681274024020884,0.01682795945826454,0.09788505033864636,-99460063.0,-2073933.4499999993,-0.0335476203338555,-0.06492788773237146
2025-11-17,0.0011884539821418558,0.017430171993897785,-0.01984058278440906,0.07741325743499458,0.8283110952075359,0.2101011590224727,-11.554046594477029,76.59489310736066,165.4884824650445,-0.010658005231929613,0.007209720286999066,-0.0018750795977332535,0.23360153745630372,-83546176.0,-1369382.4000000004,0.0016681494661920926,-0.06492788773237146
2025-11-18,-0.0030508513721435033,0.017430658172545053,-0.044542648430740024,0.0440270254651776,0.9488211994121798,0.21670726607640672,-26.441129599468994,76.59489310736066,165.4884824650445,-0.04851104649105309,-0.0021645976859966387,0.018062193022041262,0.33712431052194397,-105635733.0,-2193552.3499999996,0.026565026565026573,-0.06492788773237146
2025-11-19,-0.007614220880599579,0.01667236487437102,-0.04859342499791043,0.03340188802728457,1.0277646288106184,0.21708721033897999,-11.84206500664611,76.59489310736066,165.4884824650445,-0.024745365205890657,-0.03268713697349923,0.016534182548251897,0.2615638794759172,-112190634.0,-2658846.3,0.06016018985464244,-0.06492788773237146
2025-11-20,-0.007615513634365011,0.01711105748363105,-0.007503455843525249,0.07354791776358434,1.0619958668180352,0.26723727381470525,-0.681838635311351,76.59489310736066,165.4884824650445,-0.04874527838248133,0.04532052750264426,0.016484536556795826,0.3799587381379767,-90979928.0,-694112.1999999993,0.03875611862942696,-0.06492788773237146
2025-11-21,-0.007968815802351432,0.016619846480402767,-0.05315339008826419,0.019146571339559625,1.1867874879949796,0.3167365182317762,5.15281277843107,76.59489310736066,165.4884824650445,-0.06439825278435307,0.019570548500256524,0.019742994835937777,0.20450340286874327,-117096899.0,-2981904.05,0.12058529705588539,-0.06492788773237146
2025-11-24,-0.011361722823941897,0.015819061492749843,-0.05660378953424081,0.009254719109099776,1.418638261643935,0.3053920282956175,5.882386804058257,76.59489310736066,165.4884824650445,-0.06484111094376355,-0.006104857501200933,0.01638814294292512,0.04223279246838472,-136295490.0,-6485445.300000001,0.16248309917112458,-0.06492788773237146
2025-11-25,-0.010880669170104143,0.015210682089332097,-0.027157124647628553,0.03570398671622349,1.33227318565583,0.32657195842394743,1.4654074441470755,76.59489310736066,165.4884824650445,-0.06678931989825965,0.026111328596422734,0.026959776960431503,-0.062413205845754986,-121804229.0,-2890687.1499999994,0.14714607808235436,-0.06492788773237146
2025-11-26,-0.010230193630783424,0.015596429412068171,-0.007752001162559283,0.050355635279158845,1.2968532552896748,0.32429204445182186,15.135568141750753,76.59489310736066,165.4884824650445,-0.05847083754425508,0.015281433961087831,0.027665800245432415,-0.13221260850837616,-124017475.0,-882391.0499999998,0.13529693486590033,-0.06492788773237146
2025-11-27,-0.012448852536745096,0.014982037426108591,-0.008806839500525868,0.043162505667545585,1.2845415015547819,0.32424136574369655,15.596488529511518,76.59489310736066,165.4884824650445,-0.043866413395579285,-0.0026452582988731876,0.01903461232154746,-0.1328254851256972,-122938095.0,-2535519.6500000004,0.1778173336606923,-0.06492788773237146
2025-11-28,-0.01230560058751436,0.015677278236500353,-0.003287821769810483,0.043262598745548594,1.109516261066803,0.3248229324293499,1.6439580944013201,76.59489310736066,165.4884824650445,-0.02815324686834142,-0.011846858266268634,0.019003785873615175,-0.1729266121411093,-116655642.0,3821770.8999999994,0.14555575294605316,-0.06492788773237146
2025-12-01,-0.012178399048060647,0.01624896032819379,-0.02066333508573857,0.01839692659824454,0.8099109112508985,0.3298995511844842,-4.01310916680206,72.16033753934879,178.37950446452874,-0.034443880567166074,-0.03178130012547731,0.019332866045775665,-0.128059899621679,-125388670.0,7020943.1,0.18965517241379315,-0.06492788773237146
2025-12-02,-0.012719160288427208,0.016750920715053436,-0.004178344259007148,0.029439068165556616,0.7988400465431251,0.3356271576985761,-2.4788591601348813,72.16033753934879,178.37950446452874,0.02434253040000467,-0.07417647020574247,0.01594988410161502,-0.15578963218614078,-123749249.0,6754853.65,0.20306372549019613,-0.06492788773237146
2025-12-03,-0.010852725221612864,0.016814531413572593,0.010101062984300186,0.0401600771799932,0.7875056858303182,0.3237728624376003,3.7566834567061775,72.16033753934879,178.37950446452874,0.012550258314170115,-0.019399591300392705,0.01562145579943719,-0.1777039207567509,-89117864.0,5053719.8,0.051043338683788075,-0.06492788773237146
2025-12-04,-0.009152144349408926,0.016637376806803186,0.007319669005290028,0.033241610325549245,0.7873664415969762,0.323686882411202,9.646958909462654,72.16033753934879,178.37950446452874,0.028151766185140037,-0.0418036789095112,0.013653580585816671,-0.18529610973136446,-85415164.0,5482467.800000001,0.06543249281838492,-0.06492788773237146
2025-12-05,-0.007094659290233553,0.01664229598501088,0.01777630220421451,0.04043722179403983,0.7725621831645142,0.3257309501324776,8.112692283263655,72.16033753934879,178.37950446452874,0.050016119404621584,-0.050016119404621584,0.012466588551413471,-0.19678925390112528,-73349113.0,6892329.85,0.05930481283422462,-0.06492788773237146
2025-12-08,-0.002951905012248367,0.01713490713226308,0.04144902375244478,0.06159932066354913,0.7319008088405109,0.3348513698099921,14.172925991248064,72.16033753934879,178.37950446452874,0.030497630076314897,-0.01693827179951568,0.009920284669627577,-0.12950336829012163,-61572493.0,8859527.45,0.04603934077618299,-0.06492788773237146
2025-12-09,0.00017409088518858647,0.016901586433104555,0.030461296830347404,0.04772532035564776,0.7343151296021522,0.3360363920236336,9.859145642199323,72.16033753934879,178.37950446452874,0.05627886002557925,-0.046040009581016506,0.006390678414897932,-0.1145860436390164,-60989339.0,6740445.550000001,0.13116753520345936,-0.06492788773237146
2025-12-10,0.0015673937470582803,0.01654696469217832,0.04677446275465798,0.062040800469888954,0.7547622783665834,0.34033322305752683,5.699821349127525,72.16033753934879,178.37950446452874,0.054413059056954705,-0.03407410517031639,0.0060294892064665095,-0.1714825887561883,-51150956.0,7081172.8,0.14314070209266716,-0.025057881697080342
2025-12-11,0.0027849356322163597,0.015900516139237753,0.02530769349721515,0.03811486492518663,0.7992551088008142,0.3464332582829851,3.1907227869808423,72.16033753934879,178.37950446452874,0.08692804326312342,-0.0767226501918643,0.00041525100335948473,-0.2091177633422237,-46694160.0,5709699.4,0.16598164517763636,-0.025057881697080342
2025-12-12,0.0046996618138157075,0.015255649506744602,0.030315339892462243,0.04230435719259969,0.8123819301938011,0.3376398014971948,7.649769394923787,72.16033753934879,178.37950446452874,0.03264764249027441,0.00576739102569479,0.0017734568780345406,-0.15248763148424496,-27072889.0,3561952.6500000004,0.169927333705981,-0.025057881697080342
2025-12-15,0.004342270096129713,0.01372276930065749,0.009086329975010151,0.01909220017864001,0.8241455213758867,0.3450778844753289,-0.4423168246493532,72.16033753934879,178.37950446452874,0.04245167750694012,-0.03564660444361456,0.02505687181721017,-0.09727541881116317,-42108233.0,451572.44999999995,0.19079604751859658,-0.025057881697080342
2025-12-16,0.005028713262266962,0.01267665195595443,-0.0025558342054200047,0.0064959270123702935,0.8914644230241381,0.3314756755614002,-16.089488507322315,72.16033753934879,178.37950446452874,0.06219024635991377,-0.03743357110283041,0.004930228665257497,-0.07765498918913358,-37090267.0,-841011.25,0.2181593159315931,-0.025057881697080342
2025-12-17,0.005363118275522527,0.011223013172044794,-0.007398508501701397,0.0012418875934819505,0.94812005541636,0.3304823162837804,-19.66643525257205,72.16033753934879,178.37950446452874,0.0037901290176785007,0.02471642061135637,0.011760813661097824,0.0031027139861737507,-40922224.0,-4176520.3999999994,0.23952095808383222,-0.025057881697080342
2025-12-18,0.004139158917827113,0.010605713030630518,-0.006703305547287659,-0.0007311748225611033,0.9516642686009351,0.2920546417224088,-8.395127491923311,72.16033753934879,178.37950446452874,0.08053438843561,-0.09444050786145775,0.014402032482605964,-0.012757450450074722,-49455654.0,-3322624.7,0.26100454595853195,-0.025057881697080342
2025-12-19,0.003952021288446697,0.009463240756905723,-0.008411501689023604,-0.002349745753451565,1.092898151192686,0.23183774798693565,5.537981258207729,72.16033753934879,178.37950446452874,0.10324625778436558,-0.06731364760739567,0.005167078022062954,-0.1051494580696516,-15773285.0,-5788163.95,0.21013162724841372,-0.025057881697080342
2025-12-22,0.006900248251971566,0.00891914209022785,0.01253834481701784,0.02053221767996456,1.1865100096548238,0.2424172796448467,8.339452796965546,72.16033753934879,178.37950446452874,0.06599379639826308,0.003012264821444788,0.005274657081862477,-0.13831090371412036,10292894.0,-3334639.1,0.14892541087231348,-0.025057881697080342
2025-12-23,0.008457034432564582,0.008670097102806872,0.026988557833811235,0.03608953233751251,1.113109993854032,0.2289314472353972,10.183097365996986,72.16033753934879,178.37950446452874,0.07005469781372375,-0.013541125887731598,0.0033761772268783297,-0.13108243013627618,8867213.0,-232763.25000000003,0.2022861280645496,-0.025057881697080342
2025-12-24,0.0091447204160398,0.00900643776553435,0.028316151023954274,0.037409591811368215,1.008528359453962,0.22218339638389373,5.701095602794247,72.16033753934879,178.37950446452874,0.04419333657652946,-0.002538191824773106,0.0032305356625905723,-0.15421322573089455,2382736.0,1458590.4,0.2294874499050834,-0.025057881697080342
2025-12-26,0.012621890674718653,0.009514138096667239,0.03579220127811541,0.045227653608485775,0.920499333661032,0.22283337380153573,2.9107202292338243,72.16033753934879,178.37950446452874,0.04466728954527843,0.01110517390093646,0.010281978314299778,-0.13631598857373825,5869551.0,2089139.05,0.18687789879618522,-0.025057881697080342
2025-12-29,0.014166713469986407,0.0105455993729253,0.046110464861399636,0.05627699339915128,0.7812425878820922,0.2258970600531204,-0.4647347096890613,72.16033753934879,178.37950446452874,0.021795992870759395,0.0442457125825515,0.002085282296095503,-0.09201357281183391,10484625.0,2716339.55,0.15430343758077014,-0.025057881697080342
2025-12-30,0.014815588423137105,0.011341882455457373,0.035214432429456224,0.04697110442766348,0.7784476844873888,0.210838327641207,-1.2122304922286276,72.16033753934879,178.37950446452874,0.02116226510627839,0.06044533688159781,-0.001883525712116918,-0.07509601827910527,11731329.0,452630.15,0.1327576629803564,-0.025057881697080342
2025-12-31,0.016327436109011387,0.011728171594102886,0.05118071467940553,0.06531703632167034,0.8419007466734809,0.21526554300494993,-0.3357893110578516,73.19339834606095,195.54900161766273,-0.009279055655552537,0.09680828229401472,-0.004854091717249043,-0.029945187752243863,9315752.0,191311.40000000002,0.10858714474890485,-0.025057881697080342
2026-01-02,0.01904635045140561,0.011822567169191014,0.06984483073031603,0.08701108078666632,1.0070191287532526,0.222441369215155,15.774641614688761,73.19339834606095,195.54900161766273,0.011944280279567066,0.08480278632459659,-0.003136781227442653,-0.05367507038067281,1261108.0,310445.6,0.15658725310527388,-0.025057881697080342
2026-01-05,0.024140038404599724,0.012086928895834894,0.11854330494156386,0.14217483234369419,1.2706944853318871,0.279567946139771,20.659918997254465,73.19339834606095,195.54900161766273,0.03194026216940826,0.12762140562386315,0.0014051109150785557,-0.025443159225519936,-2910514.0,-398777.7,0.16217295785899744,-0.025057881697080342
2026-01-06,0.029363008036823436,0.012807148482927761,0.13250974388859055,0.1622084276049113,1.3915425852332817,0.28346988165911563,29.60659648766736,73.19339834606095,195.54900161766273,0.0488140027277415,0.12288682438875131,0.0034943429918210533,-0.033167284129004486,-18858091.0,-1700764.45,0.14180423040032308,-0.025057881697080342
2026-01-07,0.031641664279796325,0.01324141563118187,0.10579000904090416,0.1386571555778424,1.5281779393739745,0.2909106263469005,11.895593209807402,73.19339834606095,195.54900161766273,0.027070364887807008,0.09706558543806709,0.006973831071998449,0.012374934845281299,-52802568.0,-4485748.199999999,0.17432404960357806,-0.025057881697080342
2026-01-08,0.0343957098417972,0.014188245663576628,0.10473690976614838,0.14190109575963883,1.5125221213605704,0.28467311202561274,7.414578524700744,73.19339834606095,195.54900161766273,0.008625330322076463,0.13368317139646146,0.009125739827671842,0.02196055889314049,-51449348.0,-5889574.0,0.11164477553420893,-0.025057881697080342
2026-01-09,0.035589538181131315,0.014958550747784422,0.09499755069673584,0.1351824651038751,1.4775566025313287,0.2840866936739376,-3.711434715395214,73.19339834606095,195.54900161766273,0.02293803478881773,0.09706196521118238,0.012641672730901998,-0.03746514355701446,-71768446.0,-6493863.500000001,0.08979510839906735,-0.025057881697080342
2026-01-12,0.03498742833537605,0.014804810910603474,0.09367413264680595,0.13899097057774376,1.2385795881712596,0.2672226566261619,0.7792167088291677,73.19339834606095,195.54900161766273,0.035534045018710714,0.1141257910821254,0.01661357939933339,0.00348431169199518,-78325870.0,-7791786.300000001,0.08093099618523358,0.1977637444148057
2026-01-13,0.03403784386800817,0.014019433853846798,0.09844226682252798,0.14950129214147803,1.1178404546831644,0.26773724095666795,-1.4925362192395824,73.19339834606095,195.54900161766273,0.10157294631472635,0.05383239518150784,0.012501596588854191,0.05971680321969096,-84624418.0,-6713736.299999999,0.06258958432871475,0.1977637444148057
2026-01-14,0.03630677139604656,0.014264969288011476,0.08934543930190335,0.14610088355632556,0.9814824794214363,0.24898183457997805,-1.280839240401292,73.19339834606095,195.54900161766273,0.10171936162544104,0.07759091662109951,0.00947630111725073,0.1098595276658126,-78171752.0,-2819088.4,0.04312153279567377,0.1977637444148057
2026-01-15,0.03753482548308527,0.013545461727180033,0.06793046386617957,0.12998336604544491,1.0198902616639272,0.2503727941092464,-7.142871677815904,73.19339834606095,195.54900161766273,0.12630127883285835,0.05139912505678401,0.005809405403055745,0.0517928361530663,-77068046.0,-3965861.9000000004,0.06456082017179265,0.1977637444148057
2026-01-16,0.041551244342501605,0.013564206646582035,0.08886107355638226,0.15999034722267327,1.082056364772028,0.2571077630386234,-4.622732791581498,73.19339834606095,195.54900161766273,0.18402435240094528,0.0327589340397465,0.0030251862269659036,0.05931069188501665,-57650158.0,-516466.1000000001,-0.07029662738724096,0.1977637444148057
2026-01-19,0.04481475805674032,0.014371447100662346,0.09012079887062695,0.16936273302703497,1.0811534852371811,0.25441262944296283,-3.539432977310426,73.19339834606095,195.54900161766273,0.15498800075181163,0.07578132909917246,-0.0007618637593438393,0.06289580416341432,-65192999.0,90816.75,-0.09175239602567486,0.1977637444148057
2026-01-20,0.04817730423638822,0.015453494377222267,0.08778923314232316,0.1750374203226222,1.0919480237077384,0.25150455342643946,4.931505466744852,73.19339834606095,195.54900161766273,0.10276360659946215,0.13849527727695432,0.0011074619378805828,0.32340833558912596,-69781137.0,-119115.1499999999,-0.10201074709655056,0.1977637444148057
2026-01-21,0.04825610551828018,0.01540889428602975,0.05742934094372224,0.14851063760001415,1.1508878407262948,0.2684125155826984,-6.268788028369556,73.19339834606095,195.54900161766273,0.12546235248607585,0.062250941501907686,0.005662792120441074,0.10302514159136643,-98988793.0,-2033962.9499999993,-0.04317781690140843,0.1977637444148057
2026-01-22,0.04834124386685423,0.016207592547619276,0.060880061115796316,0.158018770271779,1.1066755776551294,0.2668537618012564,-7.296578395419573,73.19339834606095,195.54900161766273,0.12118101897670086,0.06002702973661034,0.0034187126337275053,0.015353679828068829,-108898275.0,-710534.6500000004,-0.09146052914605296,0.1977637444148057
2026-01-23,0.04677723357391968,0.016216365472123368,0.05813785556193407,0.1611604602629357,0.9354335641426416,0.26638704144755954,-17.07436887466163,73.19339834606095,195.54900161766273,0.10459763259469113,0.079348921629254,0.0030009872457588127,0.03575913120524158,-108184046.0,-3119848.1000000006,-0.11301252358895175,0.1977637444148057
2026-01-26,0.04366677342392454,0.015609603074432089,0.04154298014804999,0.148118931099997,0.8923703520413448,0.27309241015880786,-16.060306748595025,73.19339834606095,195.54900161766273,0.09981074092182052,0.062440811036004185,-0.006316081251691252,0.031158200017229756,-115070940.0,-1839424.5999999996,-0.10059275521405053,0.1977637444148057
2026-01-27,0.04029416285575081,0.015058138337594685,0.04860091923593249,0.16086687712060663,0.8801916917462211,0.2733853967978553,-4.059678929490374,73.19339834606095,195.54900161766273,0.13079894650038693,0.03259979981565331,0.0019280146670128673,0.036811595963710614,-112115876.0,379416.7999999998,-0.11370353784146892,0.1977637444148057
2026-01-28,0.04071710805020234,0.01556540375451788,0.06277373382841774,0.18290338265025685,0.7811507136104248,0.2726920600196619,5.827028580577348,73.19339834606095,195.54900161766273,0.15868660239388643,0.038681813343851124,-0.006625639550225992,0.030213316433258548,-100276742.0,5795443.899999999,-0.12370720399429391,0.1977637444148057
2026-01-29,0.03993369763768579,0.015681505611509296,0.04622522979609483,0.1692910010533761,0.779277145393809,0.27639313717744574,11.571063263596358,73.19339834606095,195.54900161766273,0.17467698405859533,-0.01016081975942229,0.0008321406147313581,0.05718038789512953,-111960462.0,5642684.699999999,-0.08540843517412477,0.1977637444148057
2026-01-30,0.037064715720119934,0.016180261661292272,0.023202233209066718,0.14589960545006164,0.8484449741743301,0.2834993579562965,-7.096135500146367,73.19339834606095,195.54900161766273,0.08564676633896395,0.034227100796819565,0.0018592437787625649,0.08232231436395096,-121541947.0,3779018.1499999994,-0.0852112676056338,0.1977637444148057
2026-02-02,0.032344219408534235,0.01667899110819872,0.014659381126882408,0.13571833705021616,0.9267426564925475,0.2224380303880783,-14.667789550331364,79.43682833258475,224.61515938035132,0.09239839400196592,-0.03551218010636048,0.007152732286802577,0.009545593203868875,-127234784.0,3384667.0,-0.10736380821446989,0.1977637444148057
2026-02-03,0.027540503418456916,0.01727805249486147,0.03196214625195709,0.1539718843929871,0.9410633450955256,0.2212538237398637,-7.951145426827509,79.43682833258475,224.61515938035132,0.041223732944542846,0.014494729456505206,0.003256623310671891,0.10105211954992462,-122042655.0,1473107.9500000002,-0.032673092227429534,0.1977637444148057
2026-02-04,0.021751828740373434,0.017217833168677206,0.02014575408607227,0.14051800574083936,0.9598895847877976,0.21218299153442075,0.6870373255759361,79.43682833258475,224.61515938035132,0.005846970096821336,0.059824695328696276,0.002575263779811321,0.12894430877838578,-104975009.0,-2816779.55,-0.036007963299575896,0.1977637444148057
2026-02-05,0.016519348355873077,0.017159697373029404,0.00641482001424858,0.12408964540404518,0.9273887327657842,0.21796336873575733,-4.918019586669516,79.43682833258475,224.61515938035132,0.024009902599182675,0.023467867076452542,0.006613867482238689,0.293754116712564,-109796097.0,-2539363.5500000007,0.01935455427211008,0.1977637444148057
2026-02-06,0.013834849838606897,0.016993583455292914,0.012082472032307704,0.12992598671072614,0.8860310498794388,0.21801071098678593,-9.901933697167877,79.43682833258475,224.61515938035132,0.053652591586375475,0.005871266665732566,0.0032969013021690863,0.18976700161759233,-103620687.0,-1316999.4500000002,0.044202667637820436,0.1977637444148057
2026-02-09,0.014659391715727846,0.017527689158988294,0.028328624028844306,0.14777386350677474,0.9283543796207001,0.22578002014066303,-7.929111418325945,79.43682833258475,224.61515938035132,0.06355054233114599,0.010414017051651348,-0.0005792083404069226,0.007369614692859995,-90198459.0,209108.15000000037,0.025642171096716515,0.1977637444148057
2026-02-10,0.01676939367660226,0.018637384280851953,0.06005074572428336,0.18320765420505086,1.0038545662277396,0.25182160921341334,15.901626422173322,79.43682833258475,224.61515938035132,0.046352620172922965,0.05306260844214772,-0.00027562090223842706,0.026928784822974876,-74106238.0,2347638.0999999996,-0.044784172661870514,-0.20834254609202152
2026-02-11,0.019431355216031995,0.020277678396070396,0.0735809252550681,0.19926265038597735,1.0677505019334645,0.255688777338053,17.899520336174007,79.43682833258475,224.61515938035132,0.07665940661314741,0.04322364629087905,-0.004371043801471242,0.016207474878772544,-73120674.0,3299224.7,-0.04920450482659988,-0.20834254609202152
2026-02-23,0.023093377958216924,0.022279796106659946,0.05893822747131503,0.18369563600056169,1.2648964860253753,0.2525311433847738,11.317546683217955,79.43682833258475,224.61515938035132,0.04799614224595805,0.07626421579321141,9.50323963611055e-06,0.1919214907519577,-79288379.0,2246698.35,-0.052923824397015484,-0.20834254609202152
2026-02-24,0.026581381218963706,0.0250075902076778,0.08834112228302449,0.2169295428812983,1.3326708877588187,0.25871945271750346,5.000010232924339,79.43682833258475,224.61515938035132,0.05107969431615089,0.07823061522542596,-0.004099589267600123,0.0976054323053606,-81228872.0,5140832.6,0.02442696192696192,-0.20834254609202152
2026-02-25,0.030169969267395094,0.027073208414842478,0.10820840909847303,0.24066157680673755,1.3358359328954628,0.26709257397685043,5.171628000464693,79.43682833258475,224.61515938035132,0.06812054890641006,0.07676577647534555,-0.007305106689448615,0.0008372983635931775,-73592397.0,3831999.0500000003,0.047243332203882105,-0.20834254609202152
2026-02-26,0.03143500727966387,0.028620806515313034,0.09061085607211483,0.22064870186149063,1.3740091040668054,0.2735748791158011,3.0206884034064956,79.43682833258475,224.61515938035132,0.051714139281808125,0.07222942330401882,-0.008871900822948975,0.04416540202951265,-85113469.0,-1553944.75,0.07673004536241668,-0.20834254609202152
2026-03-02,0.03209529662262875,0.02983341166897576,0.07278652348079795,0.20100731327927654,1.4128867011439012,0.2634661038040273,-5.232564112638272,81.34177845772238,262.2743010435436,0.011848944506243075,0.12320853852012781,-0.009699439817225874,0.18656264398188155,-80365945.0,-4414159.550000001,0.04048024288145724,-0.20834254609202152
2026-03-03,0.03093213678289482,0.02993855946431213,0.04608732550585548,0.1704587703356231,1.2483662093700958,0.2790958004478652,-8.222669830886375,81.34177845772238,262.2743010435436,-0.03603773003896227,0.13546955753666934,-0.0033185696669351117,0.27643441050491047,-95352895.0,-4600706.85,0.057578483829726856,-0.20834254609202152
2026-03-04,0.027139286940999922,0.0282658831892871,0.005661880234121212,0.12324966581391752,1.3224607189851523,0.31479905753333653,-10.588223210042841,81.34177845772238,262.2743010435436,-0.005459987000732136,0.05913221872282448,0.004749228098704705,0.12989820611255531,-119686488.0,-10236249.2,0.07388424157439188,-0.20834254609202152
2026-03-05,0.02392409562140533,0.02712648646938172,0.020545151093817608,0.1389586293828389,1.3173727398681028,0.31670010848899993,-9.767433489931179,81.34177845772238,262.2743010435436,-0.013281158278336536,0.09590225545134334,0.008262433291620352,0.24355315465086463,-123543908.0,-11406078.4,0.1205330990041007,-0.20834254609202152
2026-03-06,0.020773536279729363,0.025326725922498114,0.012183682056782047,0.12783958488086575,1.1751717847764669,0.31603522869447587,-7.575758750337421,81.34177845772238,262.2743010435436,-0.0742178845806225,0.13601558855673446,0.014802524915709991,0.4927488408576389,-139943799.0,-9195253.05,0.19407811631549698,-0.20834254609202152
2026-03-09,0.013986959498197931,0.023145703132809455,-0.030400395860376787,0.07577056565987571,1.2391022122862152,0.34589426362088027,-5.945935054327364,81.34177845772238,262.2743010435436,-0.05975151720494298,0.054257034323992315,0.022243418867683218,0.26156433906706295,-183496735.0,-10669714.45,0.28600498550134823,-0.20834254609202152
2026-03-10,0.010406805479083913,0.022015623925201597,-0.010165851953064822,0.09493752527023522,1.218124980375987,0.3530565707984202,-3.965514154706142,81.34177845772238,262.2743010435436,-0.05471733302003423,0.0796480455137728,0.01702612545988602,0.2092842871694025,-175328925.0,-7184098.15,0.23423921233736866,0.30704566506222863
2026-03-11,0.012267453524275848,0.02257344607211075,0.0334265681551623,0.14262755977602515,1.0763930762943628,0.38341788834081364,-0.7635327946427566,81.34177845772238,262.2743010435436,-0.010489554673754453,0.10344726120335168,0.013143388898677166,0.156287259373987,-157070212.0,-1921313.4000000004,0.1549749807544265,0.30704566506222863
2026-03-12,0.011548269929823171,0.02221805963768203,0.0009292473661000913,0.10540689111045264,1.00438707694042,0.39969629073748675,-3.6540616056407913,81.34177845772238,262.2743010435436,-0.06039964378145812,0.12838831154834296,0.007234916407123704,0.2691547886480979,-168033960.0,-3473384.5999999996,0.2114838523367184,0.30704566506222863
2026-03-13,0.01030927550306047,0.021670667843992575,-0.011396784854881286,0.08931487872612516,1.0044289559748634,0.397898352665707,-10.132845219288072,81.34177845772238,262.2743010435436,-0.04013014001065518,0.07624123975183006,0.010092721480088551,0.23804755624062163,-179069285.0,-3500657.75,0.17098587686822975,0.30704566506222863
2026-03-16,0.012186951961994208,0.02109130185106046,-0.02355117893149861,0.07392232587417032,0.793414654533117,0.3988169787774203,-14.314058029315973,81.34177845772238,262.2743010435436,0.023241416966375272,0.010372027255592942,0.018683597679033603,0.058746711202247164,-187240386.0,547759.1000000015,0.1784591900870971,0.30704566506222863
2026-03-17,0.013940638295875496,0.0207688235596142,-0.010001769853455984,0.08779349714682465,0.7153776069516725,0.39897673998720473,-8.049166174881876,81.34177845772238,262.2743010435436,0.029179309516522256,0.03376751496542596,0.00909429515567406,0.006048916975020113,-179530424.0,107053.0,0.07966783443622671,0.30704566506222863
2026-03-18,0.012979528201476312,0.019847274381931842,0.0050480812678647576,0.1037670879830477,0.663221775400361,0.40235766928993855,-5.066406933231093,81.34177845772238,262.2743010435436,-0.03149486877057128,0.1052113059847789,0.00746316869568453,0.11652537788180177,-173689262.0,-1137380.7000000011,0.09155113784985613,0.30704566506222863
2026-03-19,0.010841689826235212,0.01918664219382425,-0.025021020193541358,0.06793166205779542,0.653492951725692,0.413807093561635,-7.081945485739787,81.34177845772238,262.2743010435436,-0.03666491116449133,0.05927419983461146,0.01444812779012028,0.054962375182571285,-199765409.0,-658834.1500000004,0.14417004224922692,0.30704566506222863
2026-03-20,0.008199192338166218,0.0186832522769643,-0.029424521256257653,0.05844406221848444,0.7200431038497481,0.39377886814511887,-3.256378052805772,81.34177845772238,262.2743010435436,-0.05384396523074009,0.035760592310071226,0.00763279108110293,0.15153081520146852,-223437327.0,940584.1500000004,0.22928826962907167,0.30704566506222863
2026-03-23,0.003976209020899073,0.01872503215389896,-0.042755441037721914,0.037558842294622766,0.7417608319919099,0.39065000792242993,-1.0750821339958065,81.34177845772238,262.2743010435436,-0.06255899722819758,0.010812475990508053,0.01724979633607915,0.10426078173192235,-233081348.0,2129066.0,0.23252643948296114,0.30704566506222863
2026-03-24,-0.0011855785872296415,0.018458108079521095,-0.04062899675597795,0.03380888948867637,0.7963564141322425,0.39018538979043776,6.7546416414884405,81.34177845772238,262.2743010435436,-0.041486779216137526,-0.0027734995434461895,0.011138962131402641,0.12394697997181334,-222331429.0,838649.8499999996,0.20772260901429096,0.30704566506222863
2026-03-25,-0.0076285210040582235,0.018479419461203395,-0.019124333583235818,0.04960666187878132,0.8841499435329447,0.3751740569638434,6.118935511276227,81.34177845772238,262.2743010435436,-0.04375599778536099,-0.014249260103863182,0.015619668066429337,0.043804335772758024,-229460874.0,1398110.2999999989,0.25143398909694237,0.30704566506222863
2026-03-26,-0.013136822315796126,0.018698388583411822,-0.01738270595277609,0.04266294388432371,0.8555419868205707,0.3601523260486119,5.897978368029534,81.34177845772238,262.2743010435436,-0.10411182647479178,0.020242505308615377,0.017809158393076174,0.10902295269839392,-232655514.0,5207133.899999999,0.22842616131268767,0.30704566506222863
2026-03-27,-0.01669923154076458,0.018919052638730723,-0.023670294701374082,0.027499915067561043,0.7980399987741676,0.36036946091022654,6.582726430493928,81.34177845772238,262.2743010435436,-0.09022403399382939,0.005481232015218329,0.021135885329852666,0.22420009432026383,-226474549.0,4906664.85,0.18254750806740772,0.30704566506222863
2026-03-30,-0.019117577339865098,0.018423668777771768,-0.04027372523395891,0.0019030121454918973,0.8338784001022338,0.36540631851093364,-2.396144066445892,81.34177845772238,262.2743010435436,-0.12227919151593492,0.02648554334744413,0.019187228138228596,0.18542330050524997,-224961571.0,4439577.15,0.18020248463680977,0.30704566506222863
2026-03-31,-0.021409697927943047,0.01735924434473067,-0.046721543626682696,-0.011901990326484294,0.9436640230893928,0.3617223186569948,-18.774339502769614,69.48348212623502,270.6100653644587,-0.02275369228712465,-0.06471800688454954,0.015982293320765617,-0.025322324320682835,-224062166.0,1488609.3000000007,0.19131408103872838,0.30704566506222863
2026-04-01,-0.018558980795740143,0.016770691503602893,0.0048408862880128635,0.037889460651590455,0.9560943991025371,0.39632021300968034,-4.653763064197307,69.48348212623502,270.6100653644587,-0.014172746933697633,0.012055992754245515,0.0064253260130349155,-0.05888666659300746,-191359808.0,967630.0,0.18659102165788655,0.30704566506222863
2026-04-02,-0.01638280818091814,0.015668585788686018,-0.017304318856223026,0.009840242888269615,1.0107655145148755,0.3989865187043611,1.6337590108149271,69.48348212623502,270.6100653644587,0.0014869251219991053,-0.04574720388158282,0.011760978516307086,-0.08479187869586043,-192676174.0,46402.89999999851,0.15880277087962358,0.30704566506222863
2026-04-07,-0.01257679186635309,0.015048900706131931,0.010496293931685241,0.03451402286210141,0.9649956959066444,0.4122375337057808,25.345511368051774,69.48348212623502,270.6100653644587,0.06508939331995167,-0.07775153916998656,0.00025388752190980135,-0.004479440916466517,-176393669.0,2643416.4499999993,0.10020311442112395,0.30704566506222863
2026-04-08,-0.003624066679762192,0.0160842630811974,0.05520963800016183,0.08021586287325423,1.048262517732266,0.41538043757849724,10.417048024485979,69.48348212623502,270.6100653644587,0.0896906724738944,-0.008827656201888079,0.002883426722685156,-0.18046193898594404,-122373160.0,6791789.0,0.060049843743819054,0.30704566506222863
2026-04-09,0.003934784401876415,0.017307917245122914,0.05474712963154506,0.07890119943509831,0.9574667278252398,0.4099786352510815,10.548995343822625,69.48348212623502,270.6100653644587,0.10481850804140058,-0.044613958933166886,-0.0025658823058778424,-0.2327073920699164,-121308456.0,10665620.399999999,0.08408628408628416,0.30704566506222863
2026-04-10,0.005837732790425687,0.017764641101783656,0.07709855565826003,0.099486275223048,0.9260139611625465,0.38142732717196653,13.07682556870111,69.48348212623502,270.6100653644587,0.12322340639688756,-0.08893205654792258,-0.0015138059607865406,-0.23541810242185993,-118314810.0,10749916.1,0.13380545719641734,-0.010757876447814008
2026-04-13,0.011143214740635878,0.01790508580604773,0.06851558519702462,0.09073657173610655,0.9571742477927119,0.3654909191584354,7.758952637658837,69.48348212623502,270.6100653644587,0.18269247231814156,-0.12354519553053978,-0.001398876198347443,-0.22724055356548728,-105650286.0,10812609.3,0.11799292836994946,-0.010757876447814008
2026-04-14,0.017124281748553065,0.018040160021033164,0.09763916388812699,0.12271716608148882,1.0755585032783983,0.37604675793668335,18.333339550272825,69.48348212623502,270.6100653644587,0.20629713864704802,-0.10082537946228776,-0.007982258723755797,-0.2444755204764541,-73204094.0,11843997.7,0.06553473848555824,-0.010757876447814008
2026-04-15,0.01963015025036172,0.01774155506310645,0.10388744431575804,0.132144227459779,1.023344053840613,0.37187341636273996,9.239332096474953,69.48348212623502,270.6100653644587,0.18509560522838164,-0.05404618920160398,-0.020088268042988244,-0.24398769041935353,-51540500.0,7929296.8,0.023962817631147937,-0.010757876447814008
2026-04-16,0.022376392498087393,0.017632693662570958,0.10026387086957099,0.13070662720751233,1.011966965863454,0.3700348261293333,7.770806965014273,69.48348212623502,270.6100653644587,0.19044939297791852,-0.07547611064509052,-0.011206755519041156,-0.2466141598525061,-52901707.0,7456966.949999999,0.07619276529263308,-0.010757876447814008
2026-04-17,0.023916840591953994,0.01697209021194866,0.06771857314958281,0.09735416933914035,1.0500981199583208,0.38339524160611543,-6.666680041265337,69.48348212623502,270.6100653644587,0.22587821196953772,-0.16026143936449455,-0.010255595482494106,-0.25401163573006563,-64699169.0,4136242.85,0.025241632718268292,-0.010757876447814008
2026-04-20,0.02556020721101907,0.017059256576850097,0.060209394139851116,0.09130354650423872,1.037830387228124,0.36487400021225336,-6.076994222809944,69.48348212623502,270.6100653644587,0.22076102900402983,-0.1261664719596982,-0.01758285639495205,-0.18567264752666518,-44181875.0,3855671.35,-0.009783394876089702,-0.010757876447814008
2026-04-21,0.025798518192803294,0.016913119696518195,0.06743032409052624,0.10135802825373524,0.9892089409177238,0.3637427645454374,1.9230592530460342,69.48348212623502,270.6100653644587,0.25768486898520493,-0.14355447975402869,-0.012046330638411873,-0.14505558225498888,-30478265.0,-162203.1499999999,-0.03859850660539921,-0.010757876447814008
2026-04-22,0.025606998624345175,0.016261519079876066,0.06080204003344728,0.09796072073512532,0.9085484592640513,0.35518578201111123,11.217942748821514,69.48348212623502,270.6100653644587,0.2748107494203602,-0.14221411813627372,-0.016854240444435065,-0.15712568215625716,-19907735.0,-2203061.65,-0.036877431164670904,-0.010757876447814008
2026-04-23,0.02691291815640716,0.016111684125814398,0.0688591656469989,0.11010930479776761,0.9785151420477963,0.3554434177361488,6.2568011003281185,69.48348212623502,270.6100653644587,0.2801907300672133,-0.13101951987261584,-0.012403453269658415,-0.1248584070271304,-7472952.0,-818523.0000000001,-0.07194599309743244,-0.010757876447814008
2026-04-24,0.03247862294319519,0.016917744580770236,0.11309221543967894,0.16149249800779084,1.0071098618467527,0.38545900578755155,11.407764248122362,69.48348212623502,270.6100653644587,0.3195268621944716,-0.13524502638751223,-0.012397485194745372,-0.13913688657677742,756827.0,2978424.4499999997,-0.016705178226448014,-0.010757876447814008
2026-04-27,0.038874336761995025,0.018394975917657225,0.14148922290385055,0.19859511683612452,1.180384273302351,0.3950810477815568,9.271347240482399,69.48348212623502,270.6100653644587,0.3720298236428723,-0.1410515884411776,-0.015527954576579073,-0.1525184458251076,-8256383.0,1172275.75,0.0896263686646348,-0.010757876447814008
2026-04-28,0.043478253526610264,0.019235363641012547,0.10528942677306533,0.1675457845995575,1.2669780270029758,0.4050836539038485,1.5123553803168903,69.48348212623502,270.6100653644587,0.34567233241155093,-0.12863938570154798,-0.014854380832705516,-0.13455005732368586,-18754325.0,-3134558.35,0.09027856736782258,-0.010757876447814008
2026-04-29,0.0473479860329375,0.020069550665969153,0.0770750545654605,0.14461555336375706,1.3594663712101993,0.3991309683212932,-15.379734774944126,69.48348212623502,270.6100653644587,0.4380880878280433,-0.21336907941696448,-0.0145103919993117,-0.060063996730934925,-18132981.0,-5546901.55,0.08615845663982014,-0.010757876447814008
2026-04-30,0.04971736246630982,0.01986754489578702,0.045159736068913284,0.11726588150566977,1.3614941135659209,0.40723397535855244,-24.539124288865622,78.71025903695978,303.89199257309497,0.38421495545162454,-0.17114679299489266,-0.012875004524438682,-0.13800146670377858,-19702510.0,-11175285.1,0.08305772699939862,-0.010757876447814008
2026-05-04,0.05132449610057679,0.020320659195192423,0.10236220472440935,0.18524922984388456,1.3203546760513605,0.4255090102689454,-4.809048004062049,78.71025903695978,303.89199257309497,0.35019757958051656,-0.123782508894696,-0.01202019175309521,-0.051422307683302096,-16596117.0,-11241143.35,0.05805790612074535,-0.010757876447814008
2026-05-05,0.051152824382719744,0.020140788178204853,0.07874871271500583,0.1671501447649162,1.0728943520274123,0.41353227798454334,-5.428011403542257,78.71025903695978,303.89199257309497,0.4017660152855025,-0.15867205602050594,-0.01262419044067975,-0.08318831559257807,-14103050.0,-10051586.7,0.06391458004361228,-0.010757876447814008
2026-05-06,0.05052395113235538,0.0203256116828031,0.06875673784698916,0.1623687900436189,0.9723673631762074,0.4106457928629176,1.5498560767400988,78.71025903695978,303.89199257309497,0.4334003215973523,-0.2237228534199771,-0.01156230764923083,-0.061901583835553005,-22789640.0,-5843848.0,0.06476923076923069,-0.010757876447814008
2026-05-07,0.04903656692028385,0.020686165919489633,0.08795483039926742,0.18829135751353882,0.9451303954823318,0.3903653712118722,-4.252990146435678,78.71025903695978,303.89199257309497,0.3113729581321423,-0.12675751750913045,-0.015535795798988894,-0.06867690123005761,-36316509.0,-1147749.1500000001,0.0016046572377503843,-0.010757876447814008
2026-05-08,0.04760740098807215,0.021578152539553933,0.07009350237647662,0.1730662893630341,0.8329293568563108,0.394746676295312,5.367754940102273,78.71025903695978,303.89199257309497,0.3551365412691885,-0.18378098170263413,-0.010349821488969901,-0.05676421603599038,-36523445.0,3062182.85,-0.0001877158732542794,-0.010757876447814008
2026-05-11,0.0426408343729255,0.02109185411818485,0.038689435240274316,0.14035743806746073,0.8172280791818661,0.40650599309842855,1.504966775984002,78.71025903695978,303.89199257309497,0.35897311117228625,-0.24147309311887932,-0.013389700853508768,0.010889846640441686,-62315397.0,-1193910.5500000003,0.0067972223242827035,0.01521709952981265
2026-05-12,0.03799593381870035,0.020957601295325624,0.04157043118070356,0.14573195365760724,0.9202095403063439,0.4045669410883309,-1.762038452423198,78.71025903695978,303.89199257309497,0.29622594708910577,-0.16306010558045902,-0.013070144401186812,-0.00747566387607945,-56574196.0,-135424.40000000037,-0.03788067232863079,0.01521709952981265
2026-05-13,0.032300204110736155,0.020441798018936225,0.021511507732338127,0.12389596547227716,0.9428201619150834,0.3994765002404108,-8.824908780312214,78.71025903695978,303.89199257309497,0.30288638006313917,-0.2225945022956799,-0.0044277263728759175,-0.012761675554516964,-82641256.0,345532.5999999996,0.011941829371039159,0.01521709952981265
2026-05-14,0.028023081497741378,0.020311040557036097,0.039972557955560664,0.14446952556237153,0.9361084902853927,0.40389518563463567,-2.4771955902138387,78.71025903695978,303.89199257309497,0.3067865845093236,-0.21544034522588618,0.00133260832662363,-0.04405858099335392,-80871487.0,484850.5500000003,-0.012314904382766612,0.01521709952981265
2026-05-15,0.024182242233964514,0.020352873160862463,0.03342077518634393,0.13711624882047796,0.9537990955383417,0.40457026164715804,-8.961932391666416,78.71025903695978,303.89199257309497,0.2421508943444819,-0.15581999456794104,-0.0007154897276291372,0.01935842826032397,-78800524.0,296492.0,-0.025758421738321213,0.01521709952981265
2026-05-18,0.023469271498034343,0.020272398427926958,0.0171416086772943,0.12019950408192781,0.9093654154138564,0.392550599375662,-14.355230007687673,78.71025903695978,303.89199257309497,0.18278166635173587,-0.07933330732609956,0.000918921607658385,-0.015306417503577358,-70324417.0,2815701.25,0.035099337748344395,0.01521709952981265
2026-05-19,0.021362589639047067,0.019341863766845192,-0.002826457289259022,0.09906965165846784,0.8461858514161431,0.3986989408159321,-14.10354257181774,78.71025903695978,303.89199257309497,0.17775317406390556,-0.08886425696853562,0.0027361009122457425,0.00019381404469870158,-81054669.0,803216.4500000002,0.03363832077502682,0.01521709952981265
2026-05-20,0.02059128935043003,0.018304229771097257,-0.014878268399554528,0.08629319256564562,0.8099913498471573,0.4003963949639939,-5.984306970919214,78.71025903695978,303.89199257309497,0.22452917339787049,-0.15867547874682564,0.00987299822948473,-0.028601629681134805,-92803810.0,921563.2999999998,0.0767515035647428,0.01521709952981265
2026-05-21,0.020272595285001957,0.01680380483292761,0.0013470427452972424,0.10572220679524919,0.7649323551274279,0.4046664663821367,11.090864251640767,78.71025903695978,303.89199257309497,0.20736246404388559,-0.11955761744963445,0.0034686335908917787,-0.060827641387822734,-88748350.0,-336403.5,0.06719461492773715,0.01521709952981265
2026-05-22,0.020075288534171884,0.015523111852481331,0.008610074518907811,0.11479084692114222,0.7602410795821445,0.4037129428825974,-1.4718595056738408,78.71025903695978,303.89199257309497,0.2107411726768662,-0.12660652815304485,0.0026694685175465693,-0.05729603167368022,-96427917.0,103746.64999999944,0.10118512464241936,0.01521709952981265
2026-05-25,0.01804972596876025,0.014509358470495505,0.030330094196423817,0.1386841468115079,0.7779760741788848,0.37367594555531103,6.19935494925474,78.71025903695978,303.89199257309497,0.16063672001120577,-0.10342844844069332,-0.0028861880316628508,-0.05786812776352442,-97727574.0,2422013.1,0.008244086601433054,0.01521709952981265
2026-05-26,0.014019225497853059,0.01334554337592293,0.012375997687552626,0.116567380291673,0.7580693182227233,0.3581296951625542,-6.837673872510024,78.71025903695978,303.89199257309497,0.2372079765183035,-0.23500041779660386,0.0002671744031876866,-0.03123841870397218,-92417065.0,3107830.65,-0.06630063192789803,0.01521709952981265
2026-05-27,0.01284941988859694,0.01331424041430524,0.023814851724398765,0.12844220609630955,0.7926237451245398,0.35065487609473556,1.2939948190870112,78.71025903695978,303.89199257309497,0.26571561691536183,-0.22734085866813847,-0.0003115479007020916,-0.06815771725758098,-62352576.0,5135601.0,-0.07623318385650224,0.01521709952981265
2026-05-28,0.011338132351161078,0.0133218293992988,0.018980992379125733,0.12299152638896221,0.887704023295529,0.34470750083166884,-6.1048728682090285,78.71025903695978,303.89199257309497,0.24902786330729842,-0.1962755313550184,-0.0014946233747622495,-0.09164359944908357,-54185628.0,3168275.1999999997,-0.025866528711846914,0.01521709952981265
2026-05-29,0.012300129135624928,0.01381868267764933,0.04053901278783097,0.14835842860683957,1.205365547622652,0.3425181443300041,11.292498306166578,78.71025903695978,303.89199257309497,0.22141527692668572,-0.11837082179114544,-0.0064028392305253146,-0.11185833674666482,-19965500.0,4130347.8,-0.022694149489902116,0.01521709952981265
2026-06-01,0.011262269596125337,0.014967380489373638,0.038703240641102116,0.14374733424418099,1.2700076289148883,0.2576137617048739,12.71484190448821,85.76988836279736,344.00757500602253,0.23076114448103424,-0.19559632255938197,-0.004471696963571636,-0.06345737493446842,-32740003.0,2563565.15,0.042893519348707,0.01521709952981265
2026-06-02,0.014048388794053927,0.016776770718398264,0.04672898846377746,0.1513580758526168,1.296504589991437,0.2547268946240563,18.485831965667472,85.76988836279736,344.00757500602253,0.2500495814965946,-0.1922718288628782,-0.008465723378789702,-0.0754528699181024,-25331299.0,3926978.95,0.02957806205385549,0.01521709952981265
2026-06-03,0.0160249212917326,0.01861198189599257,0.062431503833168464,0.16803112652182647,1.258141881649147,0.2606117724120641,5.341355951427012,85.76988836279736,344.00757500602253,0.21304482019894966,-0.13526713066715623,-0.0021175832511270976,-0.05476593384312946,-22401862.0,2126905.9000000004,0.022612339257332748,0.01521709952981265
2026-06-04,0.01509600363186584,0.02063767223422756,0.04319297149165483,0.14343260599173555,1.2053023291982656,0.25554279247674694,1.7054389621998567,85.76988836279736,344.00757500602253,0.220097833081077,-0.18763036736122185,0.003407817234714061,-0.08910776506767346,-38438351.0,2107798.35,0.0576751117734724,0.01521709952981265
2026-06-05,0.011819273614426272,0.02133600019811702,0.03275106840998736,0.12914328213845808,0.8736491541584109,0.25539790382215316,-5.0026964056823005,85.76988836279736,344.00757500602253,0.03781238721285729,-0.0050613629616720335,0.003532764010525602,0.2562417976907587,-53788823.0,-2839212.85,0.05005444782396462,0.01521709952981265
2026-06-08,0.011357358660665574,0.020159549770674776,0.0008722087885563879,0.09258133752214015,0.9216940235656356,0.2635012367417789,-9.299672306594871,85.76988836279736,344.00757500602253,0.06834265824427077,-0.04149703095146817,0.009172225577410043,0.10323916054149865,-55716072.0,-6119090.6,0.00733523100503608,0.01521709952981265
2026-06-09,0.00956568357787978,0.01959636729987659,0.004138519657468458,0.0936442841745686,0.9594002134310368,0.2622708980045941,-0.5673752823741154,85.76988836279736,344.00757500602253,0.08027045772654096,-0.058097517148784084,0.007342474980643221,0.1523183043457861,-67706801.0,-8053894.55,0.047091412742382266,0.01521709952981265
2026-06-10,0.006462207275476311,0.018346568204835042,-0.018391561335886212,0.0665804696820527,1.069248133796841,0.26834170181507366,-11.413328681944805,85.76988836279736,344.00757500602253,0.01568312518709769,8.269049667952721e-05,0.0012634078140072447,0.27255021108093386,-76756191.0,-10819586.45,0.01965610859728506,0.06164589232380724
2026-06-11,0.004505248023636302,0.016951910348359796,-0.017655819269264236,0.06355851845155894,1.1224717486213958,0.25592255984236656,-9.26383537887368,85.76988836279736,344.00757500602253,0.09091271593411965,-0.09707899264110942,0.002877129554838209,0.10643144277994301,-87505293.0,-8996847.549999999,0.03476852375032968,0.06164589232380724
2026-06-12,0.003977409614953492,0.01628599682814808,0.007417858438932389,0.08810560324688285,1.0687783773590545,0.2728610407386261,-12.09046403150306,85.76988836279736,344.00757500602253,0.1538608039062297,-0.1312723964535305,0.00046257029799567917,0.0084129604015387,-83714596.0,-5442959.000000001,0.04768272647384708,0.06164589232380724
2026-06-15,0.00574577854778886,0.017151992315565523,0.032591224201645494,0.11456638742598016,0.9535477615863752,0.2846296495603455,8.933720197958728,85.76988836279736,344.00757500602253,0.24747584626630204,-0.18437941179207806,0.0008231543562358112,-0.07171299644495308,-70889762.0,-190769.5,0.03846298596213926,0.06164589232380724
2026-06-16,0.0090373393470147,0.018124361436398576,0.03892404103933862,0.12143127716596186,0.9388618247442503,0.27669610537379336,11.056147577570108,85.76988836279736,344.00757500602253,0.17590727756954583,-0.08456812792017554,-0.0011250383535802433,-0.0552133279490368,-54320614.0,2143751.1,0.021683341391750766,0.06164589232380724
2026-06-17,0.012760190218346859,0.019291997482421698,0.027852010084417452,0.10967024364915409,0.8395790994165206,0.27503442652572546,9.229362748122583,85.76988836279736,344.00757500602253,0.14083970409055802,-0.04639448724129824,-0.005209723767719887,0.0586141785730642,-52671967.0,3731815.95,0.038692017459495354,0.06164589232380724
2026-06-18,0.017127734658305575,0.02071716151349282,0.03448144324715427,0.11606759382900565,0.8792912947994067,0.2695538433901001,-4.762621731258321,85.76988836279736,344.00757500602253,0.19873656643772075,-0.11513582806610767,0.001494063202870377,-0.057525457900272095,-53605759.0,4686373.75,0.04010834075393288,0.06164589232380724
2026-06-22,0.02168726903704965,0.022684714739297968,0.07140434947046934,0.15608834623647416,0.9629257022260341,0.29979749599795547,3.4850402108106877,85.76988836279736,344.00757500602253,0.19931749289198475,-0.08326591441266062,0.004792250569560341,-0.008605819094122377,-39714441.0,6068103.85,0.047391078453202784,0.06164589232380724
2026-06-23,0.022603106643257508,0.02396794070317383,0.05866134298112337,0.14118305728446176,1.0001311478380437,0.29496798560414594,0.7605296911390766,85.76988836279736,344.00757500602253,0.10489371249470114,-0.02409594508201951,0.00788832676397444,0.1089615741313995,-50449733.0,4146126.8499999996,0.07133577869478835,0.06164589232380724
2026-06-24,0.02088525947728759,0.023864154126011634,0.013429453764543065,0.09072931437639961,1.0972412348043972,0.32639341169694813,-9.179696953918686,85.76988836279736,344.00757500602253,0.04514204354997098,0.01053022252571556,0.008067191091907455,0.055165332832470756,-79896528.0,-2633379.0000000005,0.15196567920411264,0.06164589232380724
2026-06-25,0.0184289180345007,0.02395584328864965,0.011368410560463876,0.08598100557715045,1.142072105575841,0.32422471077857684,-13.640402349628516,85.76988836279736,344.00757500602253,0.09751701443594829,-0.05561438075134206,0.011515033807840913,0.06207125976114724,-94633294.0,-1642628.5,0.20027094152178826,0.06164589232380724
2026-06-26,0.01546167963981264,0.023534665085852894,-0.01085950899306435,0.05873374857561617,1.1006760627069716,0.3342917335738113,-12.248985997452621,85.76988836279736,344.00757500602253,0.02918595278585978,-0.006857939668850621,0.01252467540843627,0.027372408759453425,-101566497.0,-4054828.950000001,0.10515135422198618,0.06164589232380724
2026-06-29,0.010258978853578543,0.02271541863799074,0.0013716932946401838,0.06735980607615875,1.1505182485615346,0.3243651886990244,9.739073575232943,85.76988836279736,344.00757500602253,0.06861440548789188,-0.05956011738760836,0.013461059654052532,-0.02140166044977923,-116193292.0,-6354032.800000001,0.11795199545519108,0.06164589232380724
2026-06-30,0.007563648390104464,0.021915396265921903,0.016956227807112437,0.0808316866774707,1.1873977809498646,0.3294105601495599,8.554191847032897,86.26710110489822,376.40417341316197,0.0988233934827496,-0.07273865326263018,0.01442079851448197,-0.0889454627431279,-114855213.0,-6211770.35,0.14532824374978515,0.06164589232380724
2026-07-01,0.007655650058340592,0.022925191074734813,0.05412280040367529,0.1175911157812147,1.040833467854832,0.35487301807320365,22.030891136876534,86.26710110489822,376.40417341316197,-0.027173388731973502,0.08250233459818823,0.01608338627211836,-0.08327346366200739,-103036390.0,3184261.1,0.11319718551570279,0.06164589232380724
2026-07-02,0.006589204500948204,0.02309125431072936,0.03627766751290128,0.09478006258630912,0.9937710991984852,0.35564329466678896,8.80334864895078,86.26710110489822,376.40417341316197,-0.09274584665026586,0.11195257734912623,0.013234532521092524,-0.1078087678977257,-114808215.0,2712239.35,0.18378664782762266,0.06164589232380724
2026-07-03,0.00690418130807835,0.02250617517777851,0.02643828420309431,0.08189178610408934,0.9171920353811266,0.35133404935520446,1.2338628741807725,86.26710110489822,376.40417341316197,-0.07279458589590604,0.10068680804958885,0.013502397027816304,-0.10965325608012334,-115805538.0,3128349.5000000005,0.21561927575031703,0.06164589232380724
2026-07-06,0.008591720480936016,0.021618095495432435,0.030544317736518705,0.0844487405076153,0.8538188380007089,0.34963230895992664,-13.055979997221826,86.26710110489822,376.40417341316197,0.055592278699683195,-0.01264810938024108,0.013490754326923149,-0.12734000178419722,-100727609.0,2600863.0500000003,0.21981833786296656,0.06164589232380724
2026-07-07,0.010476126671923302,0.02067091859924862,0.018940880229898253,0.07212423033266434,0.7853829955934554,0.33145893483375594,-12.65664160401002,86.26710110489822,376.40417341316197,-0.0469656339663348,0.11298287841313048,0.014777738556397413,-0.08882930684790262,-80370914.0,2010511.3000000003,0.1789298264681376,0.06164589232380724
2026-07-08,0.011179394502998548,0.018931054282195943,0.025822426600636796,0.07931281988072304,0.7540353942018783,0.33234053697413773,-3.9034482758620612,86.26710110489822,376.40417341316197,-0.00654456391446212,0.0788119289833824,0.017538403040355366,-0.03725648205439073,-71447909.0,-1549142.9500000002,0.13873015873015881,0.06164589232380724
2026-07-09,0.013681349205064183,0.017035891705559348,0.0015552099533437014,0.054607393103800396,0.7699533103203708,0.3309482794790589,-6.978081207330227,86.26710110489822,376.40417341316197,0.06173288909920993,0.012077693381892685,0.018017883453678163,-0.08093993587601227,-68606566.0,-1986737.9000000004,0.17370775347912515,0.06164589232380724
2026-07-10,0.015733099643920934,0.015795623282014372,-0.0018598884066955983,0.052000043876584266,0.6402003811180361,0.33101134273295746,-12.91471252388397,86.26710110489822,376.40417341316197,-0.015509334345624515,0.08884266767895777,0.0141359234066607,-0.11663582127595593,-68606566.0,-1986737.9000000004,0.17370775347912515,0.05624961765550318
2026-07-13,0.016301022288127798,0.014636871214665182,0.005770816158285243,0.06011531277494278,0.7163703734149953,0.32094369113054455,-11.798512508451665,86.26710110489822,376.40417341316197,-0.07655773628918561,0.13283479256624187,0.016469733834300948,0.010095062470973063,-65829497.0,-85429.1499999999,0.19676010192937743,0.05624961765550318
2026-07-14,0.014034095253381325,0.014223559415152746,-0.0033975084937712344,0.04842400566844978,0.7540132320097616,0.3087841206830464,3.0751489525273854,86.26710110489822,376.40417341316197,-0.10196660745029218,0.12091397587134478,0.017366205799008272,-0.02961154152838334,-80182601.0,-1510557.1500000004,0.21027679515699638,0.05624961765550318
2026-07-15,0.011361035393994958,0.013736530533951064,0.004011932928711038,0.05388965497220489,0.7880116815860607,0.3079733923947136,14.961496149614966,86.26710110489822,376.40417341316197,-0.06734732060551751,0.08401398727218412,0.01952178129098381,-0.0764152764602603,-93938820.0,-1751897.7999999998,0.2065741311202116,0.05624961765550318
2026-07-16,0.009642301710730949,0.01413658669387249,0.014582049702197576,0.06358983692339824,0.7896092667339725,0.3092120005400398,20.018239854081173,86.26710110489822,376.40417341316197,-0.11943028233718733,0.15506969533509096,0.02049808037840606,-0.008944983298623687,-101091767.0,-1446462.8500000006,0.19832544594102663,0.05624961765550318
2026-07-17,0.0037197768133911966,0.013411339545160973,-0.05703108914968087,-0.015652719755863884,1.2101358573013645,0.4052848623444277,-10.38492381716118,86.26710110489822,376.40417341316197,-0.18602227716047337,0.13622974604014138,0.01978299134059691,0.10415015902524274,-136593038.0,-5669424.9,0.18849715099715092,0.05624961765550318
2026-07-20,-0.0028854080791426216,0.012543488816652702,-0.040926002480363786,-0.004508443097202406,1.2731544806389825,0.3761356072657742,-13.450292397660824,86.26710110489822,376.40417341316197,-0.19753505165804275,0.12183784050266422,0.019273234102108683,0.09268806220419634,-137464015.0,-5447617.050000001,0.16106017907466197,0.05624961765550318
2026-07-21,-0.0054566045506022854,0.011319263462723618,-0.002070393374741201,0.03240560403406019,1.2472421476293536,0.40457345340101253,-23.52335871578515,86.26710110489822,376.40417341316197,-0.08354153855291402,0.051413024496689164,0.01858495643863045,0.006137110415686302,-145674023.0,-1732201.4499999993,0.12755553980795797,0.05624961765550318
2026-07-22,-0.006069334430614135,0.009273969346583014,-0.006416890912854482,0.027087596496333983,1.3019422653202326,0.3780403331740735,0.8217853689977375,86.26710110489822,376.40417341316197,-0.07783583675641526,0.08201993717482525,0.019661175049850987,-0.012257762142119343,-145089316.0,-1351993.2000000002,0.13869966831912683,0.05624961765550318
2026-07-23,-0.007496405832819881,0.007598157334504369,-0.0046559751681324365,0.027791310603569607,1.2955365486135977,0.3780773351372872,4.048582995951421,86.26710110489822,376.40417341316197,-0.11455743149550934,0.12083358212312434,0.017954609684627254,0.11064922103281291,-112854361.0,-3338006.1499999994,0.0251701553871837,0.05624961765550318
2026-07-24,-0.004838377599341157,0.007085787701343778,-0.02761973725043964,0.0030307755450538405,0.9807103287903776,0.3796076858343562,-1.41434892541087,86.26710110489822,376.40417341316197,-0.10487242442118816,0.10914592869469242,0.013779007144235855,0.10296518891700704,-116016532.0,3541834.5999999996,0.0005956859794331582,0.05624961765550318
2026-07-27,-0.001343530384456387,0.006895603297653779,-0.027217220324950844,0.0014586311132344758,0.8538660219457622,0.3768018685113073,-2.2585669781931372,86.26710110489822,376.40417341316197,-0.15717240609025396,0.1487335875248531,0.014924477451039087,0.10496257908440915,-104564674.0,2674948.1,0.022136793208393346,0.05624961765550318
2026-07-28,-0.002380952380952381,0.005315208094768804,-0.05364740064335374,-0.02844832414623424,0.9079503672897216,0.385147670200502,-11.965811965811959,86.26710110489822,376.40417341316197,-0.22540108782801593,0.17145917911432296,0.013685416015613683,0.0721539822464296,-117946437.0,-720858.3500000006,0.0013021660420504677,0.05624961765550318
2026-07-29,-0.008900848685572345,0.003990053794492847,-0.0810359231411863,-0.06224473051633614,1.043465078547467,0.36805889826145854,-7.658246225319395,86.26710110489822,376.40417341316197,-0.21760870584306768,0.09585221881711958,0.0166298051442042,0.20200140331834773,-125989550.0,-1835100.2999999998,-0.07425311514787569,0.05624961765550318
2026-07-30,-0.014588722193481635,0.0023113379001028595,-0.07391852162956741,-0.05985289788622155,1.149698480990941,0.3673390020701693,-8.602150537634415,86.26710110489822,376.40417341316197,-0.10480013185607295,-0.0006765415719189871,0.014237419657780137,-0.008413092476089647,-141149858.0,-569164.8999999994,-0.05454321216045388,0.05624961765550318
2026-07-31,-0.015206372194062274,0.0019196534480874457,0.018907563025210083,0.03305928023179688,1.3103648107267196,0.5230079743368745,14.8917204131928,85.97911715860414,398.6931986790046,-0.1041594140541342,0.09597945495392968,0.01453450656556221,-0.0718058890156423,-109078193.0,3813406.0500000003,-0.12604064094530476,0.05624961765550318
2026-08-03,-0.016661492290179034,0.0009607299833274385,-0.002315302041675437,0.009012294927638567,1.3248889669917605,0.5285679745626122,14.538498326159733,85.97911715860414,398.6931986790046,-0.11393597892101304,0.07735061306735447,0.011435071379512829,-0.0801264486478414,-106692153.0,2247184.45,-0.13057463270451186,0.05624961765550318
2026-08-04,-0.016498910449309952,0.0015280574678415793,-0.020890483224308927,-0.01291188526831913,1.3055273972609658,0.5327634523575026,10.117302052785924,85.97911715860414,398.6931986790046,-0.009858101140926112,-0.0393222267279264,0.01064108056646429,-0.04403243650816497,-118826726.0,3329761.0999999996,-0.09809152472809357,0.05624961765550318
2026-08-05,-0.01148705096073517,0.0029494719723875086,0.01626875132051553,0.022122289458621783,1.1532837335034203,0.5487996374691345,-2.5556904301039935,85.97911715860414,398.6931986790046,-0.04501719336582022,0.020676422574745112,0.008065778807400115,-0.0811077549026228,-108402041.0,6929569.449999999,-0.10189908426034044,0.05624961765550318
2026-08-06,-0.007139857202855943,0.004299897558468324,0.00042301184433164127,0.004049084761956751,1.0352152940268273,0.547219591196606,7.658157602663707,85.97911715860414,398.6931986790046,-0.07031709647472995,0.04961316272731797,0.004846009983802357,-0.11769846011421554,-109070555.0,6747849.95,-0.07229811355821947,0.05624961765550318
2026-08-07,-0.007668067226890756,0.004188942293410105,0.003493172435693871,0.005417434139912276,0.8048098652168243,0.5472961572565798,10.064935064935064,85.97911715860414,398.6931986790046,-0.04707045411892363,0.02843691374625279,0.003414630320006218,-0.13192928751991054,-95662579.0,2049185.5500000003,-0.10296119294637185,0.05624961765550318
2026-08-10,-0.007051147126920648,0.004434262523614546,0.009009009009009009,0.008796462423933721,0.7571491911133185,0.5461322382979739,1.3020227853987407,85.97911715860414,398.6931986790046,-0.028662635229778965,0.004072471295352709,0.004236928590426237,-0.0948212675588943,-93876128.0,3880107.4000000004,-0.09390114068441069,0.05624961765550318
2026-08-11,-0.005064359569529437,0.004927876795474772,0.015906680805938492,0.014001416802034986,0.6606173749448866,0.5459143808136651,-5.076693362291294,85.97911715860414,398.6931986790046,-0.04450032300319551,0.03416974449079879,0.0020241784114125583,-0.10215354663767809,-79420911.0,6332521.35,-0.12405459969265076,0.05624961765550318
2026-08-12,-0.004331290935981407,0.005346487896973292,0.02493368700265252,0.020913973982431486,0.5859754815368743,0.545931716783482,-2.542527894640571,85.97911715860414,398.6931986790046,3.953857070282396e-05,-0.01028544021004707,0.0023401805546701127,-0.14222547894234383,-72183242.0,4404083.1,-0.14084041690445437,0.05624961765550318
2026-08-13,-0.004018612521150592,0.006083072994291688,0.03418984922488851,0.027516779915554592,0.58123720343347,0.5449215529632726,8.470209339774556,85.97911715860414,398.6931986790046,0.04958921424057294,-0.06375925472640287,-0.00026693845280389983,-0.13213701831469948,-63788656.0,5744761.4,-0.15052554833221943,0.05624961765550318
2026-08-14,-0.0008468296813803324,0.006537340324759299,0.014938023095666914,0.00942415404935634,0.615606382256479,0.47771557282000404,3.5065653770689664,85.97911715860414,398.6931986790046,0.06366002923022918,-0.01780850084594965,-0.004345408484122459,-0.14319212833089895,-24498107.0,2958722.95,-0.15920055134390076,0.05624961765550318
2026-08-17,0.0021197668256491787,0.006743495062997792,0.015335801163405606,0.010459713531217572,0.6063183501366703,0.4761201037262934,8.526543878656554,85.97911715860414,398.6931986790046,0.07469019272222122,-0.04020743410153149,-0.009989777654843657,-0.07707265492672913,-21491023.0,3230754.35,-0.14811970013518494,0.05624961765550318
2026-08-18,0.002014846235418876,0.006137358227543164,0.0075140226478992485,0.001504087885895914,0.6300502593247579,0.4569635144526973,8.957940991839287,85.97911715860414,398.6931986790046,-0.02943472654233381,0.016986593762250868,-0.013186369258996633,-0.034028525255051456,-30058887.0,2359446.55,-0.12465826603400054,0.05624961765550318
2026-08-19,0.0014854111405835544,0.005213307773856708,-0.004131793622205742,-0.011716269137332149,0.657606526775673,0.45890285050603896,8.641764739325723,85.97911715860414,398.6931986790046,-0.05418236544505628,0.03334903211172291,-0.013719876656702601,-0.08709111399942333,-36168746.0,404877.5,-0.10980957153595594,0.05624961765550318
2026-08-20,0.0015926948396687195,0.0039753102126581655,0.007102724477896745,-0.0017701818970790404,0.626677600417401,0.4605852326238521,-15.183150183150182,85.97911715860414,398.6931986790046,-0.0490620637887762,0.036588051314763725,-0.016433460607326533,-0.07630270440532257,-36168746.0,404877.5,-0.10980957153595594,0.05624961765550318
