Date,Open,High,Low,Close,Volume,SOX_Close,USD_TWD,VIX_Close
2018-01-02,187.5951408796413,188.40548706054688,187.1899677891885,188.40548706054688,18055269,1287.699951171875,29.77300071716309,9.770000457763672
2018-01-03,191.2416863421348,192.8623785992715,190.83651327785057,192.05203247070312,29308091,1309.8599853515625,29.621999740600582,9.149999618530272
2018-01-04,194.48306917895357,194.48306917895357,191.6468577534272,194.0778961181641,29096613,1317.239990234375,29.593000411987305,9.220000267028809
2018-01-05,194.48309326171875,194.48309326171875,192.86240081787108,194.48309326171875,22438255,1325.7099609375,29.56999969482422,9.220000267028809
2018-01-08,196.1037750244141,196.50894811330747,194.8882557577338,196.1037750244141,20233692,1335.5400390625,29.46699905395508,9.520000457763672
2018-01-09,196.1037750244141,196.1037750244141,194.07790957994695,196.1037750244141,19043123,1322.5699462890625,29.50300025939941,10.079999923706056
2018-01-10,195.69864336783996,196.10381654251452,191.24173844641916,191.64691162109372,23631220,1306.219970703125,29.51799964904785,9.81999969482422
2018-01-11,190.43136596679688,191.24171220495347,188.40550037140545,190.43136596679688,30446338,1314.3399658203125,29.59600067138672,9.880000114440918
2018-01-12,190.0261671492822,192.8623785992715,189.21582102071383,192.05203247070312,21513291,1322.0999755859375,29.58799934387207,10.15999984741211
2018-01-15,194.48309326171875,194.48309326171875,192.86240081787108,194.48309326171875,27476533,1322.0999755859375,29.58300018310547,10.15999984741211
2018-01-16,194.4830715631497,194.88824462890625,192.86237930012345,194.88824462890625,21691632,1325.969970703125,29.52300071716309,11.65999984741211
2018-01-17,194.8882557577338,196.91412120220087,193.67273649105357,196.1037750244141,38046119,1364.2900390625,29.549999237060547,11.90999984741211
2018-01-18,198.5348209864657,202.58655202700575,198.5348209864657,201.37103271484372,49896952,1370.56005859375,29.55599975585937,12.220000267028809
2018-01-19,205.42279488699776,207.04348754882807,203.80210222516743,207.04348754882807,50549292,1372.030029296875,29.542999267578125,11.270000457763672
2018-01-22,208.6641780641749,212.31073651578183,208.25900490288524,211.9055633544922,43400509,1382.4100341796875,29.36400032043457,11.029999732971191
2018-01-23,212.71588174920333,215.55209350585935,212.71588174920333,215.55209350585935,33527444,1392.8599853515625,29.261999130249023,11.100000381469728
2018-01-24,213.1210516996162,213.1210516996162,207.85380137243936,209.0693206787109,41874813,1360.6800537109375,29.26799964904785,11.470000267028809
2018-01-25,209.0693206787109,213.9313979037973,207.85380137243936,209.0693206787109,44643756,1337.6199951171875,29.08799934387207,11.579999923706056
2018-01-26,207.85380976059855,208.664155997482,205.4227710499483,206.63829040527344,39555523,1381.27001953125,29.06399917602539,11.079999923706056
2018-01-29,209.8796603942517,211.90552584207265,206.63827567773816,209.4744873046875,30071234,1378.4200439453125,29.097999572753903,13.84000015258789
2018-01-30,207.4486166007905,208.66413583868572,204.6124050457016,205.017578125,36860591,1350.43994140625,29.131000518798828,14.789999961853027
2018-01-31,205.01759793150657,208.664155997482,204.20725169462315,206.63829040527344,44136808,1361.5,29.21999931335449,13.539999961853027
2018-02-01,208.6640980156401,211.50030905662936,208.2589250097845,210.2847900390625,30559457,1355.0699462890625,29.142000198364254,13.470000267028809
2018-02-02,209.8796170332069,210.68996304491813,206.638232986362,210.2847900390625,25707560,1317.97998046875,29.187000274658203,17.309999465942383
2018-02-05,203.3968858078063,206.23309736289525,202.9917127285079,205.017578125,45594379,1255.81005859375,29.34600067138672,37.31999969482422
2018-02-06,196.50898745868,197.31933379871572,189.6210435683757,193.6727752685547,102409048,1301.6600341796875,29.301000595092773,29.979999542236328
2018-02-07,198.5348243713379,198.9399974822998,194.0779201507568,194.48309326171875,80063178,1272.5,29.375,27.729999542236328
2018-02-08,194.0779090417506,196.10377448059975,192.8623897784411,193.2675628662109,30989550,1218.6600341796875,29.263999938964844,33.459999084472656
2018-02-09,186.37962160828292,188.81066015099967,185.16410233692457,188.40548706054688,65735265,1255.81005859375,29.36899948120117,29.059999465942383
2018-02-12,190.8365652717445,192.45725797044295,190.4313920970699,191.64691162109372,35635236,1279.1400146484375,29.30599975585937,25.61000061035156
2018-02-21,198.1296954912009,198.1296954912009,196.10382948413337,196.50900268554688,71504174,1325.3499755859375,29.319000244140625,20.020000457763672
2018-02-22,197.72445366526944,197.72445366526944,193.67272305737455,194.0778961181641,39239993,1322.0899658203125,29.218000411987305,18.71999931335449
2018-02-23,195.2934057118941,198.5347900390625,195.2934057118941,198.5347900390625,26985776,1351.0899658203125,29.2810001373291,16.489999771118164
2018-02-26,200.15550878807207,200.5606818827848,198.5348164092213,199.75033569335935,35901810,1380.27001953125,28.47900009155273,15.800000190734863
2018-02-27,202.9916959623011,202.9916959623011,199.3451385498047,199.3451385498047,40818119,1374.719970703125,29.20199966430664,18.59000015258789
2018-03-01,197.72446972254372,198.5348159099312,196.1037773477688,196.91412353515625,39719984,1340.1400146484375,29.33300018310547,22.46999931335449
2018-03-02,194.48309326171875,195.29343948364257,193.267573928833,194.48309326171875,35139170,1363.780029296875,29.28899955749512,19.59000015258789
2018-03-05,196.5088933150961,196.91406629100348,194.8882014114664,195.69854736328125,27337846,1375.8599853515625,29.26799964904785,18.729999542236328
2018-03-06,198.93996002197264,202.5865173339844,198.93996002197264,202.5865173339844,34890780,1396.469970703125,29.256999969482425,18.36000061035156
2018-03-07,200.9658484825721,201.37102156419024,199.34515615609976,200.15550231933597,30391219,1400.469970703125,29.198999404907227,17.760000228881836
2018-03-08,202.18136596679688,203.802058279156,201.7761928887071,202.18136596679688,20645694,1402.050048828125,29.256999969482425,16.540000915527344
2018-03-09,202.5865109380848,203.39685698183712,201.37099187245627,202.9916839599609,19831063,1431.1600341796875,29.32900047302246,14.640000343322754
2018-03-12,204.20721916138652,206.6382574847364,203.8020461074949,205.82791137695312,24492615,1445.9000244140625,29.24799919128418,15.779999732971191
2018-03-13,207.04347249623893,209.8796844482422,206.63829936023845,209.8796844482422,33756883,1423.4599609375,29.256000518798828,16.350000381469727
2018-03-14,207.85378384126295,208.6641299770964,207.0434377054296,208.2589569091797,23772838,1423.5,29.256999969482425,17.229999542236328
2018-03-15,209.0693291159237,209.0693291159237,206.63829040527344,206.63829040527344,19396493,1422.0699462890625,29.17300033569336,16.59000015258789
2018-03-16,205.01759793150657,207.44863664215688,202.1813861024146,206.63829040527344,62929326,1422.5400390625,29.12800025939941,15.800000190734863
2018-03-19,204.61242481306488,207.04346352371516,203.3969054577397,206.63829040527344,21440766,1394.8199462890625,29.113000869750977,19.020000457763672
2018-03-20,205.017578125,205.8279242835968,203.80205888710472,205.017578125,21840151,1405.5,29.15699958801269,18.200000762939453
2018-03-21,206.6382153199451,206.6382153199451,203.39683155022047,204.6123504638672,28976737,1407.97998046875,29.145000457763672,17.860000610351562
2018-03-22,206.23313239459728,206.23313239459728,202.18140091336747,203.80209350585935,27000668,1368.97998046875,29.07200050354004,23.34000015258789
2018-03-23,198.5347900390625,200.1554822026467,197.7244439572704,198.5347900390625,52498390,1323.9200439453125,29.177000045776367,24.8700008392334
2018-03-26,195.6985978394808,198.1296363219588,195.6985978394808,197.3192901611328,36987945,1380.0999755859375,29.177000045776367,21.030000686645508
2018-03-27,200.96584268395168,203.3968811035156,200.15549654409705,203.3968811035156,31008260,1327.93994140625,29.075000762939453,22.5
2018-03-28,200.56065524354275,200.9658282844388,197.7244439572704,198.5347900390625,29637411,1299.8199462890625,29.177000045776367,22.8700008392334
2018-03-29,196.914110652736,200.1554951902296,196.5089375855493,197.72445678710935,36165345,1328.9000244140625,29.136999130249023,19.96999931335449
2018-03-30,200.5606576873035,202.18134987063524,199.3451385498047,199.3451385498047,16996346,1328.9000244140625,29.101999282836918,19.96999931335449
2018-04-02,201.37102807221015,201.77620116692287,198.5348164092213,199.75033569335935,17696003,1277.010009765625,28.974000930786133,23.6200008392334
2018-04-03,196.914110652736,198.12962985429607,196.10376451836257,197.72445678710935,35813944,1302.0899658203125,29.142000198364254,21.100000381469727
2018-04-09,200.9658282844388,200.9658282844388,197.3192709163744,198.5347900390625,34694824,1273.800048828125,29.309999465942383,21.770000457763672
2018-04-10,198.129610609377,201.77616785985637,197.31926455371493,198.93995666503903,25156994,1314.5400390625,29.242000579833984,20.46999931335449
2018-04-11,199.7503315710252,201.37102391642907,199.7503315710252,200.96585083007807,21607935,1315.06005859375,29.190000534057617,20.239999771118164
2018-04-12,201.37100132533484,201.37100132533484,197.7244439572704,198.5347900390625,20409657,1339.6600341796875,29.18600082397461,18.489999771118164
2018-04-13,199.34514257512944,199.34514257512944,197.72445035907143,198.12962341308597,19742548,1329.4000244140625,29.28400039672852,17.40999984741211
2018-04-16,196.9141170807198,197.7244632415458,196.1037709198938,197.3192901611328,18350139,1332.52001953125,29.30900001525879,16.559999465942383
2018-04-17,196.9141116743328,197.31928474362155,192.45720791215652,192.8623809814453,42756389,1357.719970703125,29.34600067138672,15.25
2018-04-18,194.07790018931155,195.69859246646652,191.64686177357905,192.8623809814453,42500048,1343.780029296875,29.374000549316406,15.600000381469728
2018-04-19,196.1037581430135,198.12962341308597,195.2934120349845,198.12962341308597,31901989,1285.8800048828125,29.280000686645508,15.960000038146973
2018-04-20,184.7589287237309,187.5951403488759,184.7589287237309,185.56927490234372,128452087,1270.8299560546875,29.382999420166016,16.8799991607666
2018-04-23,183.54339599609372,184.3537421152818,182.32787681731168,183.54339599609372,71009975,1253.97998046875,29.468000411987305,16.34000015258789
2018-04-24,182.32790068907883,184.3537662522908,182.32790068907883,183.94859313964844,40967892,1243.6700439453125,29.597999572753903,18.020000457763672
2018-04-25,182.7330233425564,183.138196343316,181.51750434027775,182.32785034179688,46771110,1242.18994140625,29.61199951171875,17.84000015258789
2018-04-26,182.32787364238015,182.7330466949188,179.0864892220712,179.89683532714844,48023557,1268.2099609375,29.67799949645996,16.239999771118164
2018-04-27,182.3279156780883,182.7330888240396,179.08653051047784,181.1123962402344,34174459,1258.1099853515625,29.632999420166016,15.40999984741211
2018-04-30,181.92272757643644,184.7589393649332,180.30203512586684,183.94859313964844,28500789,1244.4000244140625,29.540000915527344,15.93000030517578
2018-05-02,183.94856830135052,184.35374135928305,180.30201077995812,180.70718383789065,38167942,1259.4200439453125,29.69700050354004,15.970000267028809
2018-05-03,179.08650854547548,180.30202783424568,178.27616235296202,178.68133544921875,31690731,1267.43994140625,29.77300071716309,15.899999618530272
2018-05-04,179.08649160616068,181.5175299537556,178.68131854822818,180.70718383789065,27208722,1296.72998046875,29.667999267578125,14.770000457763672
2018-05-07,182.3279156780883,182.7330888240396,179.49170365642914,181.1123962402344,23268759,1308.47998046875,29.673999786376957,14.75
2018-05-08,181.5175267269737,185.1640841835424,181.11235367624383,184.7589111328125,40324763,1318.02001953125,29.8129997253418,14.710000038146973
2018-05-09,185.1640953778701,188.0003069044458,185.1640953778701,185.9744415283203,33778934,1336.6800537109375,29.804000854492188,13.420000076293944
2018-05-10,187.1899607539956,187.5951338292207,185.5692684530952,185.9744415283203,27530377,1360.719970703125,29.88400077819824,13.229999542236328
2018-05-11,188.0003075333624,189.6209998396845,186.7847883036208,188.81065368652344,30693910,1350.4599609375,29.70199966430664,12.649999618530272
2018-05-14,190.02617291626495,190.02617291626495,188.4054806099429,188.81065368652344,19921437,1367.5,29.667999267578125,12.93000030517578
2018-05-15,189.2158439785177,189.6210170919621,185.97445907096284,186.7848052978516,23771769,1351.0999755859375,29.79400062561035,14.630000114440918
2018-05-16,185.97445907096284,186.7848052978516,185.1641128440741,186.7848052978516,14409556,1370.0999755859375,29.88500022888184,13.420000076293944
2018-05-17,187.18995353244,187.595126592034,183.54339599609372,183.54339599609372,26852737,1364.8699951171875,29.80900001525879,13.43000030517578
2018-05-18,182.7330888240396,184.3537814078448,181.1123962402344,181.1123962402344,27664541,1345.199951171875,29.895000457763672,13.420000076293944
2018-05-21,182.32789018789236,186.3796210809566,182.32789018789236,185.56927490234372,16127815,1359.3399658203125,29.926000595092773,13.079999923706056
2018-05-22,186.3796210809566,189.2158327061016,185.56927490234372,185.56927490234372,22355097,1366.969970703125,29.91900062561035,13.220000267028809
2018-05-23,187.59511597881692,187.59511597881692,185.16407775878903,185.16407775878903,23062899,1373.949951171875,29.83300018310547,12.579999923706056
2018-05-24,185.97444799165015,186.3796210809566,185.1641018130373,185.56927490234372,12996610,1378.719970703125,29.91399955749512,12.529999732971191
2018-05-25,185.16407775878903,185.9744238321317,184.75890472211776,185.16407775878903,15971294,1390.8399658203125,29.91200065612793,13.220000267028809
2018-05-28,185.9744587028604,186.3796318155028,183.543420027006,183.94859313964844,16373270,1390.8399658203125,29.94499969482422,13.220000267028809
2018-05-29,183.5433693440755,183.5433693440755,181.11233133951825,182.32785034179688,23764776,1380.9200439453125,29.893999099731445,17.020000457763672
2018-05-30,181.51754056490387,181.51754056490387,178.68132899357724,179.0865020751953,49163788,1389.9100341796875,30.059999465942383,14.9399995803833
2018-05-31,179.49166703224182,181.5175323486328,178.68132090568542,181.5175323486328,96069458,1379.0,29.895999908447266,15.43000030517578
2018-06-01,181.922705411911,183.5433976650238,181.5175323486328,181.5175323486328,27617994,1411.31005859375,29.96999931335449,13.460000038146973
2018-06-04,184.3537556344245,185.56927490234372,183.9485825451181,185.56927490234372,25959480,1422.6700439453125,29.804000854492188,12.739999771118164
2018-06-05,186.3796210809566,186.3796210809566,183.54340945581163,185.56927490234372,26534884,1428.510009765625,29.64299964904785,12.399999618530272
2018-06-06,185.5692620318869,186.37960815429688,183.9485697870669,186.37960815429688,24767441,1437.93994140625,29.799999237060547,11.640000343322754
2018-06-07,187.18995427670689,187.59512733791183,184.75891590947688,186.37960815429688,24958266,1424.3399658203125,29.677000045776367,12.130000114440918
2018-06-08,185.569285590218,185.569285590218,183.13824691436363,183.94859313964844,23548851,1412.2900390625,29.756999969482425,12.18000030517578
2018-06-11,183.54341773649236,183.9485908440784,182.3278984137341,183.13824462890625,21696933,1408.989990234375,29.836000442504883,12.350000381469728
2018-06-12,182.32789018789236,185.56927490234372,181.51754400927948,185.56927490234372,29501260,1416.3699951171875,29.81599998474121,12.34000015258789
2018-06-13,185.5692516853069,188.0002899169922,184.7589056080785,188.0002899169922,28944970,1414.47998046875,29.801000595092773,12.9399995803833
2018-06-14,186.37960741325196,186.37960741325196,183.54339599609372,183.54339599609372,33408041,1423.1199951171875,29.80599975585937,12.119999885559082
2018-06-15,182.32787986854453,187.18995666503903,181.51753373579544,187.18995666503903,48059679,1422.0400390625,29.878999710083008,11.979999542236328
2018-06-19,182.7330233425564,183.138196343316,181.51750434027775,182.32785034179688,56889624,1391.5799560546875,30.15900039672852,13.350000381469728
2018-06-20,181.922725306148,184.3537639516645,181.11237909097588,183.13824462890625,40708701,1398.5999755859375,30.176000595092773,12.789999961853027
2018-06-21,184.3537421152818,184.75891517487585,183.1382229364997,183.54339599609372,31242557,1381.010009765625,30.16200065612793,14.640000343322754
2018-06-22,181.9227512904576,184.35379028320312,181.517578125,184.35379028320312,43581409,1371.0,30.319000244140625,13.770000457763672
2018-06-25,184.77369395964735,185.193634173192,183.09393310546875,183.09393310546875,45025211,1328.0400390625,30.29800033569336,17.329999923706055
2018-06-26,180.99422303668825,181.4141632293488,178.47458188072503,180.1543426513672,38446346,1333.4000244140625,30.34199905395508,15.920000076293944
2018-06-27,181.41418800891287,181.41418800891287,178.47460625876843,178.89454650878906,39888414,1300.510009765625,30.40699958801269,17.90999984741211
2018-06-28,177.21474615133036,180.15432724862728,176.37486583781694,178.05462646484375,37940780,1311.6400146484375,30.493000030517575,16.850000381469727
2018-06-29,178.0546446485277,182.25404664495525,178.0546446485277,181.8341064453125,34313680,1313.699951171875,30.569000244140625,16.09000015258789
2018-07-02,183.51385173619352,183.9337919003496,179.73439025878906,179.73439025878906,32449442,1321.81005859375,30.464000701904297,15.600000381469728
2018-07-03,180.99422303668825,183.0939239999909,179.31446226604612,180.1543426513672,28323220,1297.7099609375,30.53499984741211,16.139999389648438
2018-07-04,182.2540343955711,182.67397456698947,180.994213881316,181.4141540527344,15212295,1297.7099609375,30.51099967956543,16.139999389648438
2018-07-05,179.73440245870663,180.5742828440277,178.8945220733856,180.1543426513672,18225416,1332.9599609375,30.506999969482425,14.970000267028809
2018-07-06,182.67398377168013,182.67398377168013,180.57428280878725,182.2540435791016,29033762,1349.18994140625,30.50900077819824,13.369999885559082
2018-07-09,184.35374750348305,187.2933288987549,183.51386710483388,186.03350830078125,38734793,1358.030029296875,30.42799949645996,12.6899995803833
2018-07-10,187.2933104918884,188.1331908079955,186.45343017578125,186.45343017578125,20118957,1372.25,30.30900001525879,12.640000343322754
2018-07-11,184.7736968994141,184.7736968994141,183.0939360185103,184.7736968994141,19854690,1336.7099609375,30.399999618530277,13.630000114440918
2018-07-12,183.09394805285396,186.4534700354751,183.09394805285396,185.1936492919922,23666051,1346.199951171875,30.645000457763672,12.579999923706056
2018-07-13,186.87343096148996,188.55319213867188,186.87343096148996,188.55319213867188,29716311,1340.8299560546875,30.47900009155273,12.18000030517578
2018-07-16,188.55316783384453,188.97310807400905,187.7132873535156,187.7132873535156,15819254,1339.239990234375,30.56599998474121,12.829999923706056
2018-07-17,186.8733886994304,187.7132690980795,185.6135681014567,186.03350830078125,21548436,1358.989990234375,30.46999931335449,12.0600004196167
2018-07-18,187.2933349609375,188.1332153867713,186.4534545351037,187.2933349609375,39898658,1369.4599609375,30.48500061035156,12.100000381469728
2018-07-19,189.39307272726285,190.65289361014928,188.55319213867188,188.55319213867188,39661216,1365.8199462890625,30.559999465942383,12.869999885559082
2018-07-20,197.37188720703125,199.4715881347656,195.69212646484377,199.4715881347656,97969023,1359.18994140625,30.670000076293945,12.859999656677246
2018-07-23,200.7314026385422,205.77068471315,200.31146246565825,202.41116333007807,52256877,1361.3800048828125,30.57099914550781,12.619999885559082
2018-07-24,201.57128298431016,202.8311035029621,200.31146246565825,202.41116333007807,27239267,1346.5799560546875,30.56999969482422,12.40999984741211
2018-07-25,200.73143598592208,202.4111969565156,200.73143598592208,201.9912567138672,20962512,1353.1500244140625,30.61899948120117,12.289999961853027
2018-07-26,202.41116333007807,203.6709838487301,201.1513428114262,202.41116333007807,30606388,1378.4200439453125,30.39800071716309,12.140000343322754
2018-07-27,203.2510528252413,205.3507537841797,202.41117244166588,205.3507537841797,27129646,1372.239990234375,30.60300064086914,13.029999732971191
2018-07-30,205.3507476930949,206.1906280517578,204.93080751376337,206.1906280517578,22788730,1358.56005859375,30.55500030517578,14.260000228881836
2018-07-31,204.51084921612,206.6105499267578,203.25102878973735,206.6105499267578,27059442,1367.469970703125,30.57200050354004,12.829999923706056
2018-08-01,207.45044862070392,208.2903289794922,207.03050844130976,208.2903289794922,29136161,1365.1099853515625,30.57099914550781,13.149999618530272
2018-08-02,209.1302155102689,209.55015570205657,204.5108734006043,205.3507537841797,22402110,1378.8299560546875,30.621000289916992,12.1899995803833
2018-08-03,206.61057432846505,208.2903350953631,205.770693945016,207.4504547119141,24719097,1381.6400146484375,30.667999267578125,11.640000343322754
2018-08-06,205.77068787242632,207.45044858975223,204.93080751376337,206.1906280517578,22364568,1389.219970703125,30.572999954223636,11.270000457763672
2018-08-07,205.7706816300102,206.19062179660204,202.8311004638672,202.8311004638672,23992418,1400.0,30.57200050354004,10.93000030517578
2018-08-08,205.7707362319484,207.8704376220703,205.350795953924,207.8704376220703,24382432,1403.77001953125,30.46699905395508,10.850000381469728
2018-08-09,207.4504547119141,208.2903350953631,206.61057432846505,207.4504547119141,15128655,1389.06005859375,30.572999954223636,11.270000457763672
2018-08-10,207.0304807701889,207.45042089345503,205.3507202771245,205.77066040039065,15890492,1354.800048828125,30.59199905395508,13.15999984741211
2018-08-13,202.83113719916395,204.09095792710903,200.73143598592208,201.9912567138672,17881194,1356.75,30.731000900268555,14.779999732971191
2018-08-14,205.77071548242589,205.77071548242589,203.67101430403375,204.51089477539065,17358913,1354.18994140625,30.847999572753903,13.3100004196167
2018-08-15,205.35074146341836,205.35074146341836,201.15133979749976,202.8311004638672,18473321,1334.8599853515625,30.809999465942383,14.640000343322754
2018-08-16,199.89156478817992,202.8311466233002,199.89156478817992,200.7314453125,19155966,1333.0899658203125,30.826000213623047,13.449999809265137
2018-08-17,201.1513671875,202.41118785882043,200.7314269637265,201.1513671875,18324474,1323.4100341796875,30.74399948120117,12.640000343322754
2018-08-20,201.1513671875,201.5713074112735,199.89154651617957,201.1513671875,16933437,1322.0999755859375,30.655000686645508,12.489999771118164
2018-08-21,200.7314026385422,202.41116333007807,200.31146246565825,202.41116333007807,12014127,1348.280029296875,30.70599937438965,12.859999656677246
2018-08-22,202.8311278918558,203.67100833861295,201.99124744509865,203.2510681152344,12614240,1354.530029296875,30.631000518798828,12.25
2018-08-23,204.09093320881664,205.3507537841797,204.09093320881664,205.3507537841797,14839240,1356.1300048828125,30.66699981689453,12.40999984741211
2018-08-24,206.1906557181043,206.6105959537827,204.0909545397122,204.51089477539065,14355943,1375.8800048828125,30.8129997253418,11.989999771118164
2018-08-27,206.61054064692283,207.0304807701889,205.3507202771245,205.77066040039065,15152299,1397.4599609375,30.65999984741211,12.15999984741211
2018-08-28,208.7102904539548,209.9701111206789,208.29035023171343,209.5501708984375,36792531,1402.949951171875,30.677000045776367,12.5
2018-08-29,212.90970991569137,217.529052734375,212.90970991569137,217.529052734375,56993182,1406.3800048828125,30.589000701904297,12.25
2018-08-30,222.1483673443152,225.0879487647504,220.46860653263795,221.30848693847656,48957808,1393.1700439453125,30.61199951171875,13.529999732971191
2018-08-31,216.26915872097013,217.5289790630341,213.32957792282104,215.00933837890625,69069506,1401.199951171875,30.683000564575195,12.859999656677246
2018-09-03,217.52901918878817,218.3688995717565,215.42931823136743,215.8492584228516,26720905,1401.199951171875,30.66900062561035,12.859999656677246
2018-09-04,217.1090759277344,217.9489562988281,214.58943481445317,216.26919555664065,34304615,1410.9300537109375,30.729999542236328,13.15999984741211
2018-09-05,218.36887244022253,222.1483336939956,217.52899216160628,221.7283935546875,44864459,1403.8199462890625,30.714000701904297,13.90999984741211
2018-09-06,225.0879645219708,225.0879645219708,219.20880126953125,219.20880126953125,35698488,1366.3499755859375,30.72800064086914,14.649999618530272
2018-09-07,220.88851327607125,221.7283935546875,218.78881257953063,221.7283935546875,38663728,1360.77001953125,30.78400039672852,14.880000114440918
2018-09-10,223.82810659715045,223.82810659715045,220.46858529738083,222.1483459472656,41659795,1375.739990234375,30.80500030517578,14.15999984741211
2018-09-11,220.88853759765627,221.30847778320316,216.68913574218752,218.368896484375,34350276,1361.8900146484375,30.78199958801269,13.220000267028809
2018-09-12,219.20881966208316,220.0487001971869,216.68917805677185,218.78887939453125,37885965,1346.02001953125,30.742000579833984,13.140000343322754
2018-09-13,218.368927600337,218.368927600337,212.90970441032857,214.1695251464844,37576180,1362.199951171875,30.718000411987305,12.369999885559082
2018-09-14,215.8492794109944,219.6287415018484,215.8492794109944,219.20880126953125,37903219,1377.31005859375,30.69700050354004,12.06999969482422
2018-09-17,220.46860983205397,220.46860983205397,215.8492675308109,216.68914794921875,24765758,1357.47998046875,30.756999969482425,13.68000030517578
2018-09-18,215.42936439738995,215.8493046788664,213.329662990008,213.7496032714844,33960152,1368.8699951171875,30.798999786376957,12.789999961853027
2018-09-19,216.68914794921875,218.3689087860344,215.8492675308109,216.68914794921875,59227711,1371.6800537109375,30.7189998626709,11.75
2018-09-20,219.6287170410156,219.6287170410156,216.26919555664065,218.368896484375,29649071,1387.6700439453125,30.670000076293945,11.800000190734863
2018-09-21,219.6287384033203,219.6287384033203,216.68915681857223,219.6287384033203,35012974,1383.0899658203125,30.711000442504883,11.68000030517578
2018-09-25,219.6287261267993,221.72842714139588,218.78884572096072,221.30848693847656,24397062,1364.8199462890625,30.66699981689453,12.420000076293944
2018-09-26,220.88854673555727,221.30848693847656,219.20878592388,221.30848693847656,24859115,1351.8499755859375,30.590999603271484,12.890000343322754
2018-09-27,221.72843316995872,223.4081940273069,220.04867231261056,222.5683135986328,38495371,1357.8699951171875,30.590999603271484,12.40999984741211
2018-09-28,223.40822509765627,223.40822509765627,218.3689418247768,220.46864318847656,39626486,1366.739990234375,30.520999908447266,12.119999885559082
2018-10-01,220.04865418640836,221.72841490538852,219.20877382691825,220.88853454589844,22254380,1370.43994140625,30.44700050354004,12.0
2018-10-02,220.0486572265625,220.88853759765627,215.84925537109376,216.26919555664065,38391491,1370.8699951171875,30.549999237060547,12.050000190734863
2018-10-03,216.26919555664065,218.368896484375,215.84925537109376,218.368896484375,25228536,1372.4000244140625,30.642000198364254,11.609999656677246
2018-10-04,215.84927698570917,216.2692172133078,213.3296356201172,213.3296356201172,36408727,1347.1600341796875,30.731000900268555,14.220000267028809
2018-10-05,209.9700927734375,212.4897338867188,208.71027221679688,209.9700927734375,40204660,1315.8399658203125,30.80900001525879,14.81999969482422
2018-10-08,206.1906557181043,207.03053618946117,202.4111935969985,204.51089477539065,50876958,1301.0,30.900999069213867,15.6899995803833
2018-10-09,204.51087645233656,205.7706970464988,203.2510558581743,204.93081665039065,28905345,1300.1500244140625,30.952999114990234,15.949999809265137
2018-10-11,196.112097972828,196.112097972828,190.6528746887878,191.07281494140625,94589657,1229.3599853515625,31.069000244140625,24.979999542236328
2018-10-12,194.01235382466376,199.0516357421875,192.3325931854892,199.0516357421875,47175769,1253.5799560546875,30.94300079345703,21.309999465942383
2018-10-15,196.53200373784065,196.53200373784065,193.5924224853516,193.5924224853516,42168280,1241.8199462890625,30.892000198364254,21.299999237060547
2018-10-16,192.75253334528284,199.0516357421875,192.3325931854892,199.0516357421875,37818077,1282.949951171875,30.825000762939453,17.6200008392334
2018-10-17,202.83113434029823,204.09095505048643,199.8915526831925,200.31149291992188,42494858,1277.31005859375,30.76799964904785,17.399999618530273
2018-10-18,199.89156517367533,200.73144569961516,197.7918638588258,198.6317443847656,25676430,1245.300048828125,30.802000045776367,20.059999465942383
2018-10-19,194.01237468396204,198.63171693834207,193.17249427407475,198.21177673339844,28358460,1225.93994140625,30.94700050354004,19.88999938964844
2018-10-22,195.2721743040447,199.8915160617748,194.4322939844574,199.0516357421875,29275777,1234.199951171875,30.88500022888184,19.63999938964844
2018-10-23,194.85226148522415,196.5320223600968,193.1725006103516,193.1725006103516,32827745,1227.6099853515625,30.84499931335449,20.709999084472656
2018-10-24,193.17248840996905,194.01236879436016,190.6528472567955,192.75254821777344,44321950,1146.4100341796875,30.9379997253418,25.229999542236328
2018-10-25,185.19360956352773,186.453430036749,184.35372924804688,184.35372924804688,75524118,1173.2099609375,30.905000686645508,24.21999931335449
2018-10-26,187.29333199203285,188.1332124045532,182.25404951691087,185.6135711669922,38439644,1153.0,30.881000518798828,24.15999984741211
2018-10-29,187.2933533400632,188.1332338483146,185.6135923235604,186.8734130859375,18463792,1140.1500244140625,30.96299934387207,24.700000762939453
2018-10-30,185.61357410926988,188.9730958126051,185.193633896353,187.2933349609375,28877931,1187.5699462890625,30.89699935913086,23.350000381469727
2018-10-31,191.49274542392828,196.5320281982422,191.49274542392828,196.5320281982422,57283201,1202.300048828125,30.857999801635746,21.229999542236328
2018-11-01,198.21179510225917,199.0516755899806,195.69215363909484,197.79185485839844,41974797,1258.0799560546875,30.93099975585937,19.34000015258789
2018-11-02,198.6317443847656,198.6317443847656,196.11210280694615,198.6317443847656,30722361,1239.1600341796875,30.6200008392334,19.51000022888184
2018-11-05,195.6921415937708,197.7918426838327,194.852261157746,197.3719024658203,25452065,1228.5999755859375,30.59199905395508,19.959999084472656
2018-11-06,196.5320251074427,197.7918457812084,195.27220443367705,196.95196533203125,30468176,1242.6300048828125,30.69499969482422,19.90999984741211
2018-11-07,195.6921477358565,198.2117891230135,195.27220750466373,196.5320281982422,34424652,1257.469970703125,30.68199920654297,16.360000610351562
2018-11-08,199.47162491070543,199.47162491070543,198.21180412179567,198.6317443847656,24739146,1252.22998046875,30.569000244140625,16.719999313354492
2018-11-09,196.9520027854226,196.9520027854226,194.01242065429688,194.01242065429688,23219081,1229.050048828125,30.61400032043457,17.360000610351562
2018-11-12,193.1725065754505,196.9519686606224,193.1725065754505,194.4323272705078,23228445,1174.489990234375,30.77400016784668,20.450000762939453
2018-11-13,188.5531734256954,191.49275519402477,188.5531734256954,191.07281494140625,36104127,1190.3699951171875,30.888999938964844,20.020000457763672
2018-11-14,193.1724484900677,194.01232870089407,191.91262817382807,191.91262817382807,20028279,1194.7099609375,30.766000747680664,21.25
2018-11-15,192.7525997409573,194.85230126318996,191.9127191320642,194.01242065429688,22072228,1234.6199951171875,30.763999938964844,19.979999542236328
2018-11-16,192.332598795933,192.332598795933,188.97307741958485,189.81295776367188,46738909,1220.1400146484375,30.788000106811523,18.13999938964844
2018-11-19,188.97307112410263,188.97307112410263,185.61354985967407,186.45343017578125,48944754,1173.010009765625,30.770000457763672,20.100000381469727
2018-11-20,183.93381353255805,185.193634173192,183.09393310546875,183.09393310546875,41569756,1174.8199462890625,30.8799991607666,22.479999542236328
2018-11-21,180.154330632458,184.77367244354667,179.73439046781357,183.9337921142578,35206343,1179.72998046875,30.94099998474121,20.799999237060547
2018-11-22,186.03349293747996,186.4534331021244,183.9337921142578,183.9337921142578,21929610,1179.72998046875,30.847999572753903,20.799999237060547
2018-11-23,185.19360026833124,185.19360026833124,182.25401931169105,183.5138397216797,14883334,1179.239990234375,30.79599952697754,21.520000457763672
2018-11-26,183.93381325760228,188.1332153867713,183.5138730446854,187.2933349609375,30599804,1201.719970703125,30.905000686645508,18.899999618530277
2018-11-27,184.7737325940813,188.553195306233,183.93385199138092,188.1332550048828,26584349,1204.0799560546875,30.851999282836918,19.020000457763672
2018-11-28,186.87341854272304,190.65288094021628,186.4534782763349,190.23294067382807,24429026,1231.449951171875,30.895999908447266,18.489999771118164
2018-11-29,194.43232750372076,194.43232750372076,192.33262634277344,192.33262634277344,44383207,1221.4300537109375,30.722000122070312,18.790000915527344
2018-11-30,192.75252653066968,194.01234696551063,189.39300537109372,189.39300537109372,55827957,1239.5999755859375,30.642000198364254,18.06999969482422
2018-12-03,194.01238072172123,197.3719024658203,194.01238072172123,197.3719024658203,45333986,1272.739990234375,30.832000732421875,16.440000534057617
2018-12-04,195.6921477358565,196.95196842943503,194.01238681108524,196.5320281982422,39746162,1209.3499755859375,30.56100082397461,20.739999771118164
2018-12-05,190.23289793571536,191.07277827980244,188.97307741958485,189.81295776367188,42835576,1209.3499755859375,30.75,20.739999771118164
2018-12-06,184.7736968994141,186.45345778031785,184.3537566791881,184.7736968994141,40149112,1202.8299560546875,30.70800018310547,21.190000534057617
2018-12-07,186.87339178577267,187.713272198293,185.19363096073204,185.6135711669922,25063568,1157.8599853515625,30.81999969482422,23.229999542236328
2018-12-10,184.35373227890224,184.77367244354667,183.51385194961335,183.9337921142578,19433461,1174.18994140625,30.920000076293945,22.63999938964844
2018-12-11,184.77371181530896,187.2933533400632,183.9338313070576,186.8734130859375,27375220,1181.47998046875,30.867000579833984,21.76000022888184
2018-12-12,187.7132990754993,190.65288094021628,186.87341854272304,190.23294067382807,26433846,1198.9000244140625,30.753999710083008,21.459999084472656
2018-12-13,190.65283810775887,191.07277827980244,188.97307741958485,189.81295776367188,32087141,1194.5899658203125,30.673999786376957,20.649999618530277
2018-12-14,187.2933533400632,187.7132935941889,185.19365206943468,186.8734130859375,38646159,1177.5699462890625,30.715999603271484,21.6299991607666
2018-12-17,185.6135861526933,188.97310807400905,184.7737056723644,187.7132873535156,18938952,1162.4599609375,30.825000762939453,24.520000457763672
2018-12-18,185.6135923235604,187.2933533400632,185.19365206943468,186.8734130859375,30203541,1177.3599853515625,30.724000930786133,25.57999992370605
2018-12-19,186.4534243564648,189.39300537109372,186.4534243564648,189.39300537109372,23390082,1127.43994140625,30.670000076293945,25.57999992370605
2018-12-20,185.6135711669922,186.87339178577267,185.6135711669922,185.6135711669922,35027116,1117.739990234375,30.81599998474121,28.3799991607666
2018-12-21,183.93382519203544,188.1332275936801,183.93382519203544,187.7132873535156,43507532,1101.2900390625,30.711000442504883,30.11000061035156
2018-12-24,186.0335175600919,186.0335175600919,184.3537566791881,184.7736968994141,22976100,1069.3900146484375,30.795000076293945,36.06999969482422
2018-12-25,180.99423508918147,183.09393619230423,180.57429486855693,182.6739959716797,19402777,1069.3900146484375,30.790000915527344,36.06999969482422
2018-12-26,183.5138672438835,184.35374764316904,181.41416624566972,181.8341064453125,16463259,1131.0999755859375,30.798999786376957,30.40999984741211
2018-12-27,186.4534545351037,188.1332153867713,185.193633896353,187.2933349609375,21491484,1139.489990234375,30.80599975585937,29.959999084472656
2018-12-28,187.71324479130575,189.39300537109372,186.8733645014118,189.39300537109372,29456773,1147.3699951171875,30.767000198364254,28.34000015258789
2019-01-02,190.23289145641283,190.23289145641283,183.93378909030645,184.35372924804688,32900482,1165.300048828125,30.500999450683597,23.21999931335449
2019-01-03,179.73438123096722,183.0939023754713,179.73438123096722,180.99420166015625,34087620,1096.030029296875,30.75900077819824,25.450000762939453
2019-01-04,177.6347264143137,177.6347264143137,173.43532389860889,174.6951446533203,65943521,1143.9599609375,30.863000869750977,21.3799991607666
2019-01-07,178.0546660087478,179.73442700883032,177.21478550870654,178.89454650878906,35442176,1166.239990234375,30.78300094604492,21.399999618530277
2019-01-08,178.05467853274956,178.47461881230794,176.37491741451606,177.2147979736328,22694481,1160.550048828125,30.80299949645996,20.46999931335449
2019-01-09,178.05462065871518,181.83408194628225,177.21474037258918,180.99420166015625,46295446,1189.8399658203125,30.81599998474121,19.979999542236328
2019-01-10,181.4141540527344,181.83409422415272,180.15433353847928,181.4141540527344,20754593,1201.4000244140625,30.711000442504883,19.5
2019-01-11,183.93382854850924,185.1936492919922,183.09394805285396,185.1936492919922,28102288,1213.0400390625,30.77899932861328,18.190000534057617
2019-01-14,183.5138397216797,184.77366013166835,182.25401931169105,183.5138397216797,17612296,1194.280029296875,30.785999298095703,19.06999969482422
2019-01-15,181.83410931065072,185.6135711669922,180.9942288981304,185.6135711669922,38882923,1197.030029296875,30.833999633789062,18.600000381469727
2019-01-16,183.5138764129288,184.77369707480244,182.6739959716797,182.6739959716797,28978282,1187.18994140625,30.827999114990234,19.040000915527344
2019-01-17,183.09394805285396,185.61358953981983,183.09394805285396,185.1936492919922,21163986,1200.760009765625,30.76499938964844,18.059999465942383
2019-01-18,183.93377985834255,184.77366013166835,182.67395944835397,183.5138397216797,49627569,1228.3299560546875,30.82699966430664,17.799999237060547
2019-01-21,184.77369075447183,187.29333199203285,184.77369075447183,185.6135711669922,29384866,1228.3299560546875,30.85300064086914,17.799999237060547
2019-01-22,184.77369368343608,187.2933349609375,183.93381325760228,187.2933349609375,28926483,1193.3599853515625,30.875999450683597,20.799999237060547
2019-01-23,186.03352978764747,186.4534700354751,184.7737090441645,185.1936492919922,16671213,1185.949951171875,30.87700080871582,19.520000457763672
2019-01-24,186.8734130859375,186.8734130859375,185.19365206943468,186.8734130859375,26417924,1253.9100341796875,30.857999801635746,18.88999938964844
2019-01-25,190.23289793571536,190.65283810775887,188.97307741958485,189.81295776367188,46692764,1281.1600341796875,30.874000549316406,17.420000076293945
2019-01-28,192.75256657496288,192.75256657496288,191.4927458783945,192.33262634277344,26026257,1254.4000244140625,30.70800018310547,18.8700008392334
2019-01-29,186.8734130859375,188.973114356566,186.45347283181175,186.8734130859375,41122520,1236.25,30.788000106811523,19.1299991607666
2019-01-30,185.19363096073204,186.03351137325237,184.77369075447183,185.6135711669922,44755945,1271.760009765625,30.7810001373291,17.65999984741211
2019-02-11,191.4927215576172,192.332601915326,190.23290102105392,191.4927215576172,78307106,1308.8800048828125,30.81999969482422,15.970000267028809
2019-02-12,193.1725006103516,193.1725006103516,192.33262017291528,193.1725006103516,29406670,1336.719970703125,30.87700080871582,15.43000030517578
2019-02-13,194.8522677359102,194.8522677359102,191.912686110584,192.33262634277344,28634925,1340.7099609375,30.79199981689453,15.649999618530272
2019-02-14,192.7525482513831,193.17248844365196,189.81296690550144,190.65284729003903,23647751,1344.1099853515625,30.851999282836918,16.219999313354492
2019-02-15,192.3326080591143,192.3326080591143,190.2329070977703,190.65284729003903,22369799,1351.1800537109375,30.82099914550781,14.90999984741211
2019-02-18,192.33262017291528,193.5924408290697,191.9126799541971,193.1725006103516,16978916,1351.1800537109375,30.812000274658203,14.90999984741211
2019-02-19,193.1725068071524,193.5924470393418,192.33262634277344,192.33262634277344,16577023,1348.489990234375,30.81800079345703,14.880000114440918
2019-02-20,194.43232398449996,196.95196533203125,194.0123837599114,196.95196533203125,30479710,1360.280029296875,30.77899932861328,14.020000457763672
2019-02-21,197.7918638588258,198.6317443847656,196.951983332886,198.6317443847656,33764489,1350.25,30.79199981689453,14.460000038146973
2019-02-22,197.7918638588258,198.6317443847656,196.53204306991609,198.6317443847656,22032163,1364.780029296875,30.798999786376957,13.510000228881836
2019-02-25,199.47160031615184,200.73142094972755,198.21177968257612,199.89154052734372,24105138,1375.949951171875,30.746999740600582,14.850000381469728
2019-02-26,200.7314269637265,201.5713074112735,198.6317258448591,201.1513671875,24522789,1366.5799560546875,30.73500061035156,15.170000076293944
2019-02-27,200.31150505033995,201.15138557466005,199.0516842638598,200.7314453125,35240889,1349.8699951171875,30.75300025939941,14.699999809265137
2019-03-04,201.1513768092842,201.1513768092842,196.951974370677,197.79185485839844,39655513,1363.25,30.83699989318848,14.630000114440918
2019-03-05,196.53201909535943,196.95195930710165,195.2721984601328,195.692138671875,22641407,1356.9000244140625,30.83799934387207,14.739999771118164
2019-03-06,197.37190866062784,197.79184889182068,196.11208796704935,196.5320281982422,20433226,1333.8199462890625,30.82999992370605,15.739999771118164
2019-03-07,197.37190866062784,197.37190866062784,195.6921477358565,196.5320281982422,17126192,1319.0899658203125,30.82900047302246,16.59000015258789
2019-03-08,194.01238104778787,194.432321266506,192.33262017291528,193.1725006103516,22190659,1318.2099609375,30.90699958801269,16.049999237060547
2019-03-11,191.4927215907165,193.5924224853516,191.07278141178952,193.5924224853516,23200793,1349.8800048828125,30.891000747680664,14.329999923706056
2019-03-12,195.69215363909484,199.0516755899806,195.27221339523413,197.79185485839844,23588085,1355.1199951171875,30.91200065612793,13.770000457763672
2019-03-13,196.53199478342563,199.0516357421875,196.53199478342563,199.0516357421875,20500195,1360.77001953125,30.886999130249023,13.40999984741211
2019-03-14,200.73142735332823,200.73142735332823,196.5320251074427,196.95196533203125,17175356,1353.06005859375,30.895999908447266,13.5
2019-03-15,199.0516842638598,201.15138557466005,197.7918634773797,200.7314453125,33649729,1392.3599853515625,30.913000106811523,12.880000114440918
2019-03-18,201.1513428114262,202.41116333007807,200.7314026385422,202.41116333007807,26856532,1388.77001953125,30.888999938964844,13.100000381469728
2019-03-19,200.73143598592208,201.9912567138672,199.8915555006253,201.9912567138672,14479009,1407.3499755859375,30.76499938964844,13.5600004196167
2019-03-20,203.2510681152344,203.2510681152344,201.15136699834147,203.2510681152344,22975971,1393.010009765625,30.790000915527344,13.90999984741211
2019-03-21,203.67098697576893,206.1906280517578,202.41116643777448,206.1906280517578,26179502,1441.8299560546875,30.7450008392334,13.630000114440918
2019-03-22,208.2903259400151,208.71026611328125,205.350744727152,208.71026611328125,22931467,1400.3699951171875,30.792999267578125,16.479999542236328
2019-03-25,201.99122013068347,204.51086113023464,201.99122013068347,202.8311004638672,19211254,1382.75,30.868000030517575,16.329999923706055
2019-03-26,204.09093625428247,204.93081665039065,202.41117546206613,204.93081665039065,19920170,1396.75,30.81599998474121,14.68000030517578
2019-03-27,203.25104063045904,203.6709807970509,201.99122013068347,202.8311004638672,22590089,1376.47998046875,30.839000701904297,15.149999618530272
2019-03-28,201.99124744509865,203.67100833861295,201.57130722172005,203.2510681152344,13933054,1373.800048828125,30.881999969482425,14.43000030517578
2019-03-29,204.0909271551004,206.1906280517578,201.991226258443,206.1906280517578,28220810,1395.510009765625,30.85099983215332,13.710000038146973
2019-04-01,210.80997002440407,210.80997002440407,205.77068787242632,206.1906280517578,35330656,1430.239990234375,30.839000701904297,13.399999618530272
2019-04-02,209.55013092165072,209.55013092165072,206.6105499267578,206.6105499267578,24105053,1431.6300048828125,30.816999435424805,13.359999656677246
2019-04-03,209.13020315421764,209.13020315421764,207.03050231933597,207.03050231933597,24945323,1464.18994140625,30.82900047302246,13.739999771118164
2019-04-08,210.80998525506425,212.48974609375,210.3900450453928,212.48974609375,45184821,1481.3800048828125,30.78899955749512,13.18000030517578
2019-04-09,212.4897551649199,213.3296356201172,211.64987470972255,213.3296356201172,22355674,1464.52001953125,30.808000564575195,14.279999732971191
2019-04-10,212.4897551649199,213.74957584771585,211.64987470972255,213.3296356201172,25849934,1477.1600341796875,30.816999435424805,13.300000190734863
2019-04-11,212.48976758926636,213.32964809357173,211.22994683280825,211.6498870849609,24896840,1476.0699462890625,30.83799934387207,13.020000457763672
2019-04-12,211.22994683280825,212.48976758926636,210.81000658065557,211.6498870849609,13548148,1497.1199951171875,30.851999282836918,12.010000228881836
2019-04-15,214.16953726990585,215.0094178082192,213.32965673159248,214.5894775390625,17192002,1485.8199462890625,30.82999992370605,12.31999969482422
2019-04-16,215.8492584228516,215.8492584228516,214.58943784839911,215.8492584228516,19652648,1533.219970703125,30.85400009155273,12.18000030517578
2019-04-17,218.3689177241426,220.8885590824981,217.94897749775,219.6287384033203,37864191,1557.0799560546875,30.863000869750977,12.600000381469728
2019-04-18,221.72840578479443,223.40816643467923,221.30846562232324,222.1483459472656,38006795,1558.1300048828125,30.761999130249023,12.09000015258789
2019-04-19,225.92780740950644,226.3477475719777,221.30846562232324,222.1483459472656,44658699,1558.1300048828125,30.81999969482422,12.09000015258789
2019-04-22,223.82815864390895,224.6680391641488,222.5683378635493,223.40821838378903,24967393,1558.2900390625,30.80699920654297,12.420000076293944
2019-04-23,223.8281310351927,225.08795166015625,223.4081908268715,225.08795166015625,25336847,1574.050048828125,30.84000015258789,12.279999732971191
2019-04-24,226.76770632151775,226.76770632151775,224.66800533705927,225.9278259277344,26449755,1589.02001953125,30.85400009155273,13.140000343322754
2019-04-25,225.50786432284065,225.9278044798664,224.2480438517633,224.66798400878903,32386724,1560.3199462890625,30.923999786376957,13.25
2019-04-26,220.0486572265625,220.88853759765627,216.26919555664065,218.368896484375,47518804,1547.4000244140625,30.92300033569336,12.729999542236328
2019-04-29,218.368868965634,220.0486294961389,217.10904856775537,217.9489288330078,31126618,1544.43994140625,30.902000427246094,13.109999656677246
2019-04-30,218.36893324686292,218.7888735031069,216.68917222188708,217.529052734375,33799419,1556.1800537109375,30.892000198364254,13.119999885559082
2019-05-02,219.62875401559484,220.4686345280828,217.10911247813104,217.529052734375,27091394,1560.6099853515625,30.90699958801269,14.420000076293944
2019-05-03,220.04867231261056,222.5683135986328,218.7888516695994,222.5683135986328,29840246,1570.699951171875,30.88999938964844,12.869999885559082
2019-05-06,218.36893324686292,218.36893324686292,216.68917222188708,217.529052734375,32823187,1543.72998046875,30.895000457763672,15.4399995803833
2019-05-07,217.94900155203683,220.8885834612165,217.52906127929688,220.46864318847656,25686126,1506.3199462890625,30.90999984741211,19.31999969482422
2019-05-08,218.368896484375,219.6287170410156,217.9489562988281,218.368896484375,25542364,1494.47998046875,30.937000274658203,19.399999618530277
2019-05-09,217.9489624737299,217.9489624737299,215.00938109161797,215.4293212890625,33587574,1476.800048828125,30.94499969482422,19.100000381469727
2019-05-10,215.84921860694885,217.5289790630341,214.16945815086365,215.00933837890625,18617212,1478.8699951171875,31.00200080871582,16.040000915527344
2019-05-13,212.48974621557664,213.32962663540107,209.5501647461912,210.3900451660156,28284535,1408.949951171875,30.937000274658203,20.549999237060547
2019-05-14,207.8703857667489,210.80996697961208,205.77068490041813,208.71026611328125,45055708,1442.8299560546875,31.104999542236328,18.059999465942383
2019-05-15,210.8099792970711,211.64985969267696,209.13021850585935,209.13021850585935,36825479,1454.5,31.138999938964844,16.440000534057617
2019-05-16,208.71027528708763,209.55015567053667,206.61057432846505,207.4504547119141,29713519,1430.1099853515625,31.077999114990234,15.289999961853027
2019-05-17,209.13020296274505,209.13020296274505,202.8311004638672,202.8311004638672,38647856,1402.010009765625,31.18600082397461,15.960000038146973
2019-05-20,203.67100242807084,204.09094263926272,199.89154052734372,199.89154052734372,39157661,1345.5799560546875,31.36599922180176,16.309999465942383
2019-05-21,196.11208796704935,198.2117891230135,195.27220750466373,196.5320281982422,80042775,1374.2099609375,31.3799991607666,14.949999809265137
2019-05-22,198.63171989376804,201.99124158330324,197.79183947138424,199.89154052734372,34622034,1345.0400390625,31.3799991607666,14.75
2019-05-23,196.11208214137864,196.11208214137864,193.1725006103516,193.1725006103516,58752627,1322.8399658203125,31.452999114990234,16.920000076293945
2019-05-24,193.17249740142168,196.53201909535943,193.17249740142168,195.692138671875,36000789,1311.969970703125,31.513999938964844,15.850000381469728
2019-05-27,196.53206248097604,197.37194308986912,194.01242065429688,194.01242065429688,35562033,1311.969970703125,31.47100067138672,15.850000381469728
2019-05-28,194.8522430221326,194.8522430221326,193.5924224853516,193.5924224853516,95240033,1300.300048828125,31.452999114990234,17.5
2019-05-29,191.4927276411867,193.5924286021646,190.6528472567955,192.75254821777344,26533236,1305.5699462890625,31.54700088500977,17.899999618530273
2019-05-30,193.17254004540385,194.4323609587434,192.33265943651077,194.01242065429688,28500328,1315.2900390625,31.61599922180176,17.299999237060547
2019-05-31,194.8522731513734,199.4716158338413,194.012392663652,197.79185485839844,46070338,1296.1800537109375,31.57699966430664,18.709999084472656
2019-06-03,197.79183947138424,200.31148073853564,194.85225799304092,199.89154052734372,31054092,1300.52001953125,31.52199935913086,18.86000061035156
2019-06-04,199.471600577555,199.8915407892972,195.692138671875,195.692138671875,24443428,1355.260009765625,31.375999450683597,16.969999313354492
2019-06-05,199.8915437738946,199.8915437738946,196.53202202979557,197.3719024658203,29139584,1345.0999755859375,31.326000213623047,16.09000015258789
2019-06-06,194.43229372748013,194.85223388671875,192.75253309052565,194.85223388671875,34651731,1363.1300048828125,31.298999786376957,15.93000030517578
2019-06-10,199.4715881347656,201.5712890625,196.9519470214844,201.5712890625,35373888,1413.8900146484375,31.35400009155273,15.9399995803833
2019-06-11,201.5712920580905,206.6105743595428,200.73141167451516,205.3507537841797,31965670,1418.02001953125,31.38599967956543,15.989999771118164
2019-06-12,205.35072950037517,207.8703703531405,204.0909090739925,206.6105499267578,29675556,1384.949951171875,31.363000869750977,15.90999984741211
2019-06-13,203.6709899902344,204.930810546875,201.5712890625,201.5712890625,32981724,1392.93994140625,31.427000045776367,15.81999969482422
2019-06-14,200.31147775811664,201.15135816800392,198.21177673339844,198.21177673339844,31951556,1356.550048828125,31.468000411987305,15.279999732971191
2019-06-17,194.43231803664835,197.3718995188439,193.5924376131639,195.692138671875,51017012,1347.8599853515625,31.493000030517575,15.350000381469728
2019-06-18,196.53203412681628,197.79185485839844,195.69215363909484,197.79185485839844,28578087,1406.1600341796875,31.47599983215332,15.149999618530272
2019-06-19,203.6709960562284,204.93081665039065,201.9912352640121,204.93081665039065,50164372,1407.300048828125,31.26499938964844,14.329999923706056
2019-06-20,203.251019660794,206.1906005236567,202.41113941426175,205.77066040039065,37836291,1421.030029296875,31.11000061035156,14.75
2019-06-21,208.2903259400151,208.71026611328125,206.61056524695044,208.71026611328125,61164304,1410.5,30.875,15.399999618530272
2019-06-24,209.1441802978516,210.0119984733613,208.2763621223418,209.1441802978516,43300507,1412.0799560546875,30.94499969482422,15.260000228881836
2019-06-25,209.14421622158343,209.5781253838689,205.6729429232999,206.97467041015625,28559283,1391.1199951171875,30.836000442504883,16.280000686645508
2019-06-26,203.93728130153505,205.23900862899163,203.0694630832306,203.5033721923828,27607041,1435.8299560546875,30.96999931335449,16.209999084472656
2019-06-27,204.8051143654171,209.5781149120688,204.8051143654171,208.71029663085935,42007834,1456.9000244140625,30.924999237060547,15.81999969482422
2019-06-28,209.5781150402883,209.5781150402883,206.5407510541972,207.4085693359375,25962203,1458.9599609375,30.888999938964844,15.079999923706056
2019-07-01,213.0493622440208,216.95454403668103,212.6154531559474,215.6528167724609,66307875,1497.550048828125,30.878999710083008,14.0600004196167
2019-07-02,216.52065534476773,216.9545644737152,214.785018828978,216.0867462158203,24181202,1476.8299560546875,30.952999114990234,12.93000030517578
2019-07-03,211.74768091575388,212.61549928016268,210.0120441869362,210.44595336914065,29449774,1470.489990234375,30.968000411987305,12.56999969482422
2019-07-04,212.18155926563705,212.61546838478964,210.44592278902647,211.7476501464844,17481240,1470.489990234375,31.05599975585937,12.56999969482422
2019-07-05,212.18157977822383,212.6154889393245,209.5781248116199,210.87985229492188,22867074,1461.699951171875,31.01300048828125,13.279999732971191
2019-07-08,208.27640745811857,212.1815900979583,208.27640745811857,210.44595336914065,27787909,1450.4100341796875,31.16900062561035,13.960000038146973
2019-07-09,209.57811478543877,210.8798422064663,208.7102965047537,210.01202392578125,16418987,1461.2099609375,31.15999984741211,14.09000015258789
2019-07-10,210.87981677344936,214.35108947753903,210.87981677344936,214.35108947753903,23812131,1471.510009765625,31.128999710083008,13.029999732971191
2019-07-11,216.95455932617188,216.95455932617188,214.78501373291016,216.95455932617188,31160289,1476.280029296875,31.03499984741211,12.93000030517578
2019-07-12,218.6902008970341,218.6902008970341,216.5206552532143,217.3884735107422,23479432,1504.280029296875,30.961000442504883,12.390000343322754
2019-07-15,217.82240748077567,220.8597717285156,216.52067994603007,220.8597717285156,29727300,1515.9200439453125,31.052000045776367,12.68000030517578
2019-07-16,220.4258017539978,222.5953470468521,219.9918926954269,222.16143798828125,21361249,1499.6400146484375,30.98200035095215,12.859999656677246
2019-07-17,220.4258526998853,220.4258526998853,217.82239774673704,218.69021606445312,25573648,1503.8699951171875,31.00300025939941,13.970000267028809
2019-07-18,218.6901905930887,220.8597361346868,218.25628148476903,220.4258270263672,20842575,1526.969970703125,31.000999450683597,13.529999732971191
2019-07-19,225.1988475018947,226.50057494410217,224.7649383544922,224.7649383544922,59709798,1523.9100341796875,30.899999618530277,14.449999809265137
2019-07-22,228.2361705086448,229.1039886474609,227.36835236982864,229.1039886474609,31522639,1554.0899658203125,31.03199958801269,13.529999732971191
2019-07-23,230.40571585568517,231.2735339945013,227.80226143923676,229.1039886474609,29273223,1573.27001953125,31.04400062561035,12.609999656677246
2019-07-24,231.2735749730524,231.2735749730524,228.23621094901603,229.9718475341797,23734039,1622.02001953125,31.01000022888184,12.06999969482422
2019-07-25,229.10402924159783,229.9718475341797,226.9344835101433,229.9718475341797,30433545,1594.1199951171875,31.09199905395508,12.739999771118164
2019-07-26,226.5005645751953,227.80229195781135,226.5005645751953,226.5005645751953,20438071,1593.8599853515625,31.011999130249023,12.15999984741211
2019-07-29,225.63274632011792,227.36838283027268,225.19883719257925,226.5005645751953,17509320,1598.02001953125,31.082000732421875,12.829999923706056
2019-07-30,227.80228174649756,228.23619085458608,225.6327362060547,225.6327362060547,22670612,1593.8199462890625,31.027000427246094,13.9399995803833
2019-07-31,225.63271583160224,225.63271583160224,223.02926141816067,225.1988067626953,31635601,1542.43994140625,31.02300071716309,16.1200008392334
2019-08-01,223.46320094653277,223.46320094653277,221.72756443432667,222.5953826904297,30017526,1511.97998046875,31.14699935913086,17.8700008392334
2019-08-02,218.6902568961233,219.99198461574304,217.38852917650345,218.25634765625,54021644,1488.4300537109375,31.30699920654297,17.610000610351562
2019-08-05,217.8223725293761,218.6901907466246,213.0493723345093,213.9171905517578,51535721,1423.52001953125,31.450000762939453,24.59000015258789
2019-08-06,208.27636227521376,216.95454403668103,208.27636227521376,215.6528167724609,58625879,1441.77001953125,31.694000244140625,20.170000076293945
2019-08-07,216.9545696627709,217.38847880209644,213.91720568749213,215.21893310546875,29435460,1452.1199951171875,31.427000045776367,19.489999771118164
2019-08-08,215.2189276881472,220.42583722898948,215.2189276881472,219.99192810058597,29725266,1491.260009765625,31.42099952697754,16.90999984741211
2019-08-12,220.8597671387205,220.8597671387205,217.8224029541016,217.8224029541016,21794603,1446.97998046875,31.36599922180176,21.09000015258789
2019-08-13,216.0867360948791,216.5206452035033,213.9171905517578,213.9171905517578,23121107,1489.6600341796875,31.42799949645996,17.520000457763672
2019-08-14,219.1240997926028,220.4258271181034,216.5206451416016,216.5206451416016,35216703,1442.5400390625,31.0939998626709,22.100000381469727
2019-08-15,214.35111482681765,215.65284224479427,213.48329654816655,215.21893310546875,27624412,1439.2900390625,31.357999801635746,21.18000030517578
2019-08-16,216.52065020751957,218.69019580078125,215.21892285156247,216.95455932617188,25370715,1479.25,31.22800064086914,18.46999931335449
2019-08-19,218.2563069055951,219.5580343821692,217.388488587879,218.69021606445312,24060514,1506.989990234375,31.301000595092773,16.8799991607666
2019-08-20,220.42586255026708,220.8597717285156,219.1241350155214,220.8597717285156,19960494,1498.9000244140625,31.350000381469727,17.5
2019-08-21,220.8597717285156,221.2936809067642,219.55804419377,220.8597717285156,20269296,1512.719970703125,31.312000274658203,15.800000190734863
2019-08-22,223.0292816762849,223.4631907846045,220.4258270263672,220.4258270263672,21900840,1512.25,31.28199958801269,16.68000030517578
2019-08-23,219.9919179180476,220.8597361346868,219.55800880972797,220.4258270263672,14166877,1446.3800048828125,31.302000045776367,19.8700008392334
2019-08-26,216.0867258605343,217.3884531247544,215.6528167724609,215.6528167724609,31678620,1458.8800048828125,31.41900062561035,19.31999969482422
2019-08-27,217.38846844482424,217.82237756347655,215.6528319702149,216.95455932617188,50234951,1454.1199951171875,31.374000549316406,20.309999465942383
2019-08-28,217.388488587879,219.5580343821692,217.388488587879,218.69021606445312,15132882,1462.8499755859375,31.327999114990234,19.350000381469727
2019-08-29,219.55800880972797,220.4258270263672,217.8223723764495,220.4258270263672,19587767,1495.8199462890625,31.40399932861328,17.8799991607666
2019-08-30,222.5953926174797,224.7649383544922,222.16148347007723,224.7649383544922,35184201,1504.9200439453125,31.270999908447266,18.979999542236328
2019-09-02,223.89708963042324,223.89708963042324,222.16145327669904,223.4631805419922,14614854,1504.9200439453125,31.33300018310547,18.979999542236328
2019-09-03,222.59537256796528,223.89709989292413,219.55800880972797,220.4258270263672,25762495,1478.3199462890625,31.36100006103516,19.65999984741211
2019-09-04,220.42581692297483,223.89708963042324,220.42581692297483,223.4631805419922,22540733,1519.550048828125,31.35099983215332,17.329999923706055
2019-09-05,228.23617553710935,228.23617553710935,226.06663014226996,228.23617553710935,48791728,1566.2099609375,31.167999267578125,16.270000457763672
2019-09-06,229.97183233329875,229.97183233329875,228.23619586285875,228.67010498046875,25408515,1568.3399658203125,31.170000076293945,15.0
2019-09-10,228.67011530859747,229.10402444580544,226.0666604853497,226.9344787597656,29308866,1583.1500244140625,31.174999237060547,15.199999809265137
2019-09-11,229.10399369504515,229.53790277401305,226.06663014226996,228.23617553710935,36196015,1606.18994140625,31.084999084472656,14.609999656677246
2019-09-12,229.9718683151972,229.9718683151972,226.93450401669452,227.8023223876953,26017293,1610.7900390625,31.03499984741211,14.220000267028809
2019-09-16,227.36835245538344,230.4057159423828,226.93444338581207,230.4057159423828,32573966,1594.489990234375,30.915000915527344,14.670000076293944
2019-09-17,231.2735749730524,231.2735749730524,229.5379383878888,229.9718475341797,27600844,1599.739990234375,30.886999130249023,14.4399995803833
2019-09-18,231.7074432373047,233.8769885859686,231.2735341675719,231.7074432373047,47684759,1600.949951171875,30.849000930786133,13.949999809265137
2019-09-19,234.33056179982316,234.33056179982316,230.833090728184,231.70745849609372,25233567,1592.0699462890625,30.96199989318848,14.050000190734863
2019-09-20,232.5818195921002,233.0190034635139,230.8330841064453,230.8330841064453,43868865,1563.0,30.864999771118164,15.31999969482422
2019-09-23,230.8330841064453,230.8330841064453,229.95871636361787,230.8330841064453,13093208,1578.0899658203125,30.98699951171875,14.90999984741211
2019-09-24,230.39590684422907,232.14464238004865,229.0843551923644,231.70745849609372,24244943,1551.989990234375,30.940000534057617,17.049999237060547
2019-09-25,229.52153055291427,232.58181762695312,229.0843466851944,232.58181762695312,21003163,1579.56005859375,30.924999237060547,15.960000038146973
2019-09-26,235.2049188756231,235.6421027397042,233.01899955521768,234.3305511474609,29940103,1580.0999755859375,30.94700050354004,16.06999969482422
2019-09-27,237.39081910077263,238.2651867586024,236.95363527185776,237.8280029296875,41235817,1542.8699951171875,30.93000030517578,17.219999313354492
2019-10-01,238.70243797302248,245.2601972579956,238.70243797302248,244.8230133056641,71743890,1544.199951171875,31.03400039672852,18.559999465942383
2019-10-02,244.82304827258497,245.6974163021299,243.94868024304003,244.3858642578125,29295953,1519.77001953125,31.02400016784668,20.559999465942383
2019-10-03,239.57683630834651,242.63712436338017,239.57683630834651,241.76275634765625,31890864,1545.760009765625,31.05500030517578,19.1200008392334
2019-10-04,244.38586039482797,244.82304440268987,240.45120432407043,241.76275634765625,35169613,1574.3900146484375,30.915000915527344,17.040000915527344
2019-10-07,243.94861707069893,244.3858009722593,242.6370653660177,243.07424926757807,17510230,1563.1700439453125,30.847999572753903,17.860000610351562
2019-10-08,247.88325963844176,250.50636291503903,247.00889187957603,250.50636291503903,35278551,1514.449951171875,30.785999298095703,20.280000686645508
2019-10-09,247.88329867099196,250.0692184123587,246.57174682617188,246.57174682617188,34777456,1540.8499755859375,30.739999771118164,18.63999938964844
2019-10-14,254.87823270600416,254.87823270600416,252.25512911040207,253.56668090820312,46683517,1590.4000244140625,30.625999450683597,14.56999969482422
2019-10-15,256.6269836425781,258.8129034351044,255.3154317670624,256.6269836425781,38018567,1625.68994140625,30.5939998626709,13.539999961853027
2019-10-16,260.561612777324,260.561612777324,256.62695755082075,259.25006103515625,40297144,1601.7900390625,30.481000900268555,13.68000030517578
2019-10-17,257.9385355180939,258.3757194765991,255.3154317670624,256.6269836425781,40271938,1607.1600341796875,30.51000022888184,13.789999961853027
2019-10-18,256.189697265625,258.37561618427367,254.44096213070603,256.189697265625,45102984,1590.0899658203125,30.60700035095215,14.25
2019-10-21,254.44104877340385,254.44104877340385,252.25512911040207,253.56668090820312,34634365,1620.0400390625,30.53700065612793,14.0
2019-10-22,255.75256581209143,257.0641174316406,254.8781980657253,257.0641174316406,26005020,1607.5999755859375,30.518999099731445,14.460000038146973
2019-10-23,256.6268810493547,256.6268810493547,254.0037783469763,256.189697265625,28675408,1576.5799560546875,30.459999084472656,14.010000228881836
2019-10-24,257.5012486168142,257.5012486168142,254.44096213070603,256.189697265625,29040827,1615.510009765625,30.573999404907227,13.710000038146973
2019-10-25,257.5013515595886,257.5013515595886,255.75261572556764,256.6269836425781,22682711,1648.6700439453125,30.493000030517575,12.649999618530272
2019-10-28,257.938496147635,258.37568003941067,257.06412836408373,257.5013122558594,20076561,1677.5699462890625,30.562000274658203,13.109999656677246
2019-10-29,259.6872276421168,260.998779296875,259.25004375719743,260.998779296875,36682131,1662.4599609375,30.527000427246094,13.199999809265137
2019-10-30,260.99880110242333,261.8731689453125,259.25006541664493,261.8731689453125,32370342,1661.4599609375,30.39900016784668,12.329999923706056
2019-10-31,262.31033095163315,263.6218826063913,260.998779296875,260.998779296875,40944514,1651.219970703125,30.21500015258789,13.220000267028809
2019-11-01,261.8731274556954,261.8731274556954,259.25002434261665,261.4359436035156,30121678,1689.9300537109375,30.483999252319336,12.300000190734863
2019-11-04,264.4962531968903,269.30527598228826,263.1847015281453,268.430908203125,44899671,1726.9200439453125,30.434999465942383,12.829999923706056
2019-11-05,268.86813767290346,271.4912414550781,268.4309537092077,271.4912414550781,32201184,1730.1500244140625,30.32699966430664,13.100000381469728
2019-11-06,270.1796700333476,272.3655896938116,269.305302169162,271.92840576171875,22149743,1715.6700439453125,30.309999465942383,12.619999885559082
2019-11-07,271.05402480437147,271.05402480437147,267.9937374275479,270.1796569824219,28291659,1727.6800537109375,30.371000289916992,12.729999542236328
2019-11-08,269.7423959285655,270.1795797145113,267.1192932128906,267.1192932128906,25651542,1736.780029296875,30.246999740600582,12.06999969482422
2019-11-11,266.68225614731494,266.68225614731494,262.3104158826049,263.1847839355469,35165583,1727.5899658203125,30.381000518798828,12.6899995803833
2019-11-12,264.4962098168545,266.68212890625,264.0590259989754,266.68212890625,17540708,1732.4200439453125,30.41200065612793,12.68000030517578
2019-11-13,264.9333412772731,265.8077087402344,263.6217900828311,265.8077087402344,18172438,1732.8599853515625,30.3799991607666,13.0
2019-11-14,266.2450650512092,266.6822490660716,264.0591449768972,265.3706970214844,15734835,1727.5899658203125,30.458999633789062,13.050000190734863
2019-11-15,267.1193565343801,268.8680920927066,266.2449887552168,268.430908203125,28848445,1742.9300537109375,30.43099975585937,12.050000190734863
2019-11-18,269.7424861012548,271.92840576171875,268.4309343049764,271.92840576171875,18691325,1738.780029296875,30.489999771118164,12.460000038146973
2019-11-19,273.23995317731584,275.4258728027344,271.9284014020647,275.4258728027344,31634197,1730.5,30.43899917602539,12.859999656677246
2019-11-20,274.55153333551385,274.55153333551385,272.80279745439594,274.1143493652344,22387973,1710.1400146484375,30.434999465942383,12.779999732971191
2019-11-21,270.6168539654404,271.92840576171875,268.4309343049764,271.92840576171875,28108833,1690.8299560546875,30.447999954223636,13.130000114440918
2019-11-22,271.05402480437147,271.49120871534626,269.3052891604723,270.1796569824219,24737984,1690.7900390625,30.44700050354004,12.34000015258789
2019-11-25,271.49119543019646,271.49119543019646,268.430908203125,268.430908203125,19530177,1731.949951171875,30.55900001525879,11.869999885559082
2019-11-26,271.0540115406148,271.49119543019646,268.430908203125,268.430908203125,101224622,1723.260009765625,30.451000213623047,11.539999961853027
2019-11-27,268.8681182370692,272.3655896938116,268.8681182370692,271.92840576171875,18467648,1735.9100341796875,30.440000534057617,11.75
2019-11-28,271.0540051683663,272.8027406855816,269.74245353045484,270.6168212890625,19077982,1735.9100341796875,30.46199989318848,11.75
2019-11-29,270.1795994492828,270.6167832671619,266.68212890625,266.68212890625,30963561,1716.8399658203125,30.423999786376957,12.619999885559082
2019-12-02,268.43088865202617,269.3052563675051,267.9937047942867,268.8680725097656,24016807,1691.75,30.52899932861328,14.90999984741211
2019-12-03,266.6821726447984,268.430908203125,266.6821726447984,268.430908203125,24690319,1665.7099609375,30.43400001525879,15.960000038146973
2019-12-04,266.6821812648399,267.5565490722656,265.8078134574142,267.5565490722656,25492686,1691.449951171875,30.44499969482422,14.800000190734863
2019-12-05,270.17966138399566,272.8027648925781,270.17966138399566,272.8027648925781,34521842,1697.6600341796875,30.468000411987305,14.520000457763672
2019-12-06,275.4259210653579,276.30028906874,271.92844905182955,273.6771850585937,17695703,1724.2099609375,30.41399955749512,13.619999885559082
2019-12-09,274.5515266128733,276.73744641074654,274.5515266128733,276.3002624511719,23256081,1714.97998046875,30.42200088500977,15.859999656677246
2019-12-10,275.4259012760728,275.8630852463523,273.2399814246754,274.1143493652344,20570594,1720.9000244140625,30.39699935913086,15.68000030517578
2019-12-11,274.55150066124605,278.92333984375,273.6771328247453,278.92333984375,31223148,1759.199951171875,30.45199966430664,14.989999771118164
2019-12-12,284.1696346507353,292.4761316636029,283.2952665441177,289.85302734375,52742851,1806.8699951171875,30.34499931335449,13.9399995803833
2019-12-13,297.285073429434,299.9081770185172,295.5363377033785,296.41070556640625,58198939,1796.0400390625,30.187000274658203,12.630000114440918
2019-12-16,294.2247510183425,295.97348653702505,293.7875671386719,293.7875671386719,102188,1813.31005859375,30.21999931335449,12.140000343322754
2019-12-17,292.9132128729336,301.6568908691406,292.9132128729336,301.6568908691406,40813458,1821.9200439453125,30.097000122070312,12.289999961853027
2019-12-18,298.59668349666066,301.65697161448884,298.59668349666066,301.21978759765625,39682841,1820.2900390625,30.01799964904785,12.579999923706056
2019-12-19,299.4581790753265,301.2196977757696,295.05438232421875,295.05438232421875,54888012,1834.969970703125,30.03499984741211,12.5
2019-12-20,292.4121145694814,293.2928739507148,289.32945673516457,289.76983642578125,86280459,1853.8699951171875,30.14900016784668,12.510000228881836
2019-12-23,290.2102276465136,294.17364501953125,290.2102276465136,294.17364501953125,26639340,1857.1199951171875,30.125,12.609999656677246
2019-12-24,294.1735974047557,294.61397704158924,292.4120788574219,292.4120788574219,13488907,1862.199951171875,30.138999938964844,12.670000076293944
2019-12-25,292.4121482322166,294.6140469387845,291.53138874958944,293.2929077148437,12262954,1862.199951171875,30.0,12.670000076293944
2019-12-26,293.2929077148437,294.17366719747093,291.971768490903,293.2929077148437,11427884,1864.489990234375,29.899999618530277,12.649999618530272
2019-12-27,295.0544377614761,297.6967163085937,295.0544377614761,297.6967163085937,16677806,1858.5899658203125,30.076000213623047,13.43000030517578
2019-12-30,297.6967948605661,298.5775546086743,294.1737558681334,294.6141357421875,21531263,1844.3900146484373,30.08300018310547,14.81999969482422
2019-12-31,291.53143310546875,293.7333321470508,291.53143310546875,291.53143310546875,22890517,1849.6199951171875,30.073999404907227,13.779999732971191
2020-01-02,292.8525471195007,298.5774841308594,292.8525471195007,298.5774841308594,31754120,1887.9100341796875,29.8439998626709,12.470000267028809
2020-01-03,302.9812705667801,303.8620300742418,295.4948147533568,299.0178527832031,41811268,1853.97998046875,29.899999618530277,14.020000457763672
2020-01-06,293.29283813108884,294.61397704158924,292.4120788574219,292.4120788574219,45343057,1834.6800537109373,30.03499984741211,13.850000381469728
2020-01-07,292.8525139167566,293.2928936369321,287.5679572746497,290.2102355957031,50879181,1867.280029296875,30.04700088500977,13.789999961853027
2020-01-08,286.24681811412296,293.2928936369321,286.24681811412296,290.2102355957031,37567748,1867.5899658203125,29.98500061035156,13.449999809265137
2020-01-09,295.0544184932002,297.2563171386719,293.7332793059172,297.2563171386719,31481504,1878.72998046875,30.01000022888184,12.539999961853027
2020-01-10,299.8986122906647,300.33899204439547,295.9351945070876,299.0178527832031,27032115,1866.3499755859373,29.94300079345703,12.5600004196167
2020-01-13,301.21970708129345,301.21970708129345,298.57742894900144,300.7793273925781,30663332,1890.7900390625,29.96199989318848,12.31999969482422
2020-01-14,304.3023876124035,304.7427673339844,303.42162816924167,304.7427673339844,30223993,1894.6400146484373,29.874000549316406,12.390000343322754
2020-01-15,303.86195687686694,303.86195687686694,297.25626216215244,299.4581604003906,47434274,1872.1600341796875,29.826000213623047,12.420000076293944
2020-01-16,290.65071687570065,296.37565523840385,290.65071687570065,294.6141357421875,55211420,1903.9300537109373,29.933000564575195,12.31999969482422
2020-01-17,294.17366719747093,295.4948064214116,292.4121482322166,293.2929077148437,52060097,1916.6199951171875,29.89900016784668,12.100000381469728
2020-01-20,294.17366719747093,295.4948064214116,293.2929077148437,293.2929077148437,32658203,1916.6199951171875,29.950000762939453,12.100000381469728
2020-01-30,287.1276853540309,287.1276853540309,278.7604675292969,278.7604675292969,125451049,1855.800048828125,30.090999603271484,15.489999771118164
2020-01-31,284.48535747528075,284.92573728561405,280.9623189926148,281.84307861328125,62526055,1789.9300537109375,30.20499992370605,18.84000015258789
2020-02-03,277.4391784667969,278.7603174118769,274.7969005766369,277.4391784667969,59560849,1812.1800537109373,30.34600067138672,17.969999313354492
2020-02-04,296.3754968261719,296.81587646484377,286.24676513671875,286.24676513671875,51890496,1868.6500244140625,30.239999771118164,16.049999237060547
2020-02-05,289.769869692271,290.2102494334447,285.806452021708,288.44873046875,36601453,1909.52001953125,30.027999877929688,15.149999618530272
2020-02-06,290.210169787873,292.8524475097656,289.7697901675576,292.8524475097656,29267094,1909.6400146484373,29.951000213623047,14.960000038146973
2020-02-07,290.6505873145127,291.09096699226194,287.1275498925186,288.8890686035156,28798327,1864.3599853515625,30.030000686645508,15.470000267028809
2020-02-10,283.16417357466605,288.8891102099237,282.7237938334924,288.44873046875,30632424,1892.800048828125,30.177000045776367,15.039999961853027
2020-02-11,291.0910117493136,292.8525307311551,290.6506320038532,291.9717712402344,27524935,1931.0799560546875,30.025999069213867,15.18000030517578
2020-02-12,293.7332432988864,295.9351416744403,293.29286362377565,295.05438232421875,37612639,1958.8199462890625,29.948999404907227,13.739999771118164
2020-02-13,297.6966603748834,297.6966603748834,295.05438232421875,295.05438232421875,22757021,1960.3399658203125,29.90999984741211,14.149999618530272
2020-02-14,296.81590102466185,296.81590102466185,294.614002649108,295.05438232421875,16933683,1956.56005859375,29.98500061035156,13.68000030517578
2020-02-17,291.9717712402344,293.29291047661553,291.0910117493136,291.9717712402344,15937079,1956.56005859375,30.01499938964844,13.68000030517578
2020-02-18,285.8063904187694,287.56790900378496,283.6044921875,283.6044921875,61825604,1929.1199951171875,30.016000747680664,14.829999923706056
2020-02-19,284.0448946755659,288.0083118105738,283.6045149938984,287.56793212890625,38781218,1979.5,30.05500030517578,14.380000114440918
2020-02-20,288.88909340197773,289.76985283308136,286.24681510866696,286.68719482421875,27011736,1949.25,30.17099952697754,15.5600004196167
2020-02-21,286.68714477539066,287.5679040527344,284.48524658203127,286.24676513671875,22813534,1891.050048828125,30.225000381469727,17.079999923706055
2020-02-24,281.402698802948,283.16421804428103,281.402698802948,281.84307861328125,41693680,1801.22998046875,30.386999130249023,25.030000686645508
2020-02-25,281.84297360248445,284.92563112626164,279.64107537121504,283.6044921875,36195011,1746.1099853515625,30.34199905395508,27.850000381469727
2020-02-26,279.2006811983357,282.28333856172424,278.76030157499446,280.5218200683594,60479362,1749.949951171875,30.413000106811523,27.559999465942383
2020-02-27,280.9622550674632,281.8430144877373,277.43921738636647,278.3199768066406,61250927,1668.6500244140625,30.20800018310547,39.15999984741211
2020-03-02,271.27385983973073,279.2006934064761,271.27385983973073,273.9161376953125,79912942,1765.3800048828125,30.124000549316406,33.41999816894531
2020-03-03,280.52181146576646,281.8429502952756,278.31991341658465,279.6410522460937,49679411,1705.260009765625,29.80500030517578,36.81999969482422
2020-03-04,283.6045253235911,283.6045253235911,279.2007283465167,282.28338623046875,42941146,1789.5699462890625,29.770000457763672,31.989999771118164
2020-03-05,286.2467479410555,287.12750716548953,284.4852294921875,284.4852294921875,37861525,1734.030029296875,29.75,39.619998931884766
2020-03-06,281.8429749503968,282.28335459875683,277.4391784667969,277.4391784667969,51546760,1699.8900146484375,29.88400077819824,41.93999862670898
2020-03-09,270.83350972926365,273.0354081823471,269.0719909667969,269.0719909667969,87871277,1558.1600341796875,29.900999069213867,54.459999084472656
2020-03-10,265.5489808619993,272.1546769033426,265.1086011259098,270.3931579589844,71950130,1656.5,29.98500061035156,47.29999923706055
2020-03-11,272.1546654101239,273.4758045626003,265.9893493652344,265.9893493652344,62216710,1562.5400390625,29.739999771118164,53.900001525878906
2020-03-12,263.3470338574883,263.3470338574883,252.7779221307664,258.9432373046875,113527351,1392.1099853515625,30.069000244140625,75.47000122070312
2020-03-13,242.20885046597184,258.9432801345299,240.00695182537208,255.4202423095703,149995148,1544.260009765625,29.947999954223636,57.83000183105469
2020-03-16,251.01650162157057,256.3010595504457,242.64928490085157,243.5300445556641,103873228,1298.780029296875,30.10700035095215,82.69000244140625
2020-03-17,233.40120970313228,243.52994144496637,233.40120970313228,236.04348754882807,121323651,1426.52001953125,30.23600006103516,75.91000366210938
2020-03-18,237.36466636657715,240.00694465637207,228.99745178222656,228.99745178222656,117437643,1286.8399658203125,30.030000686645508,76.44999694824219
2020-03-19,224.1062378421907,224.9955483098184,209.43261512633293,220.5489959716797,160811697,1341.219970703125,30.125,72.0
2020-03-20,229.88677461412215,240.1138458251953,227.6634982638889,240.1138458251953,157664726,1298.5400390625,30.32099914550781,66.04000091552734
2020-03-23,228.5527447270412,233.4439513262581,224.1061932732077,226.7741241455078,76466709,1342.1199951171875,30.268999099731445,61.59000015258789
2020-03-24,238.33521922459116,243.6710823415596,236.55659818560164,237.89056396484372,81952933,1491.8299560546875,30.215999603271484,61.66999816894531
2020-03-25,245.8943340425457,249.00692054941337,243.67105796621163,246.3389892578125,79447199,1472.5699462890625,30.145000457763672,63.95000076293945
2020-03-26,248.56222656794955,249.0068817138672,245.0049854006086,249.0068817138672,52845633,1572.6099853515625,30.25300025939941,61.0
2020-03-27,252.56412089700663,254.34274146670387,242.78170776367188,242.78170776367188,68752306,1488.75,30.131000518798828,65.54000091552734
2020-03-30,234.3333218868648,239.22452974408588,233.44401136737005,237.89056396484372,49159956,1545.31005859375,30.16699981689453,57.08000183105469
2020-03-31,242.7817406201885,243.67105102539065,239.6691542019809,243.67105102539065,48837923,1510.5899658203125,30.030000686645508,53.540000915527344
2020-04-01,245.89430554356585,245.89430554356585,241.44775390625,241.44775390625,44515034,1427.72998046875,30.229999542236328,57.060001373291016
2020-04-06,242.78174409675944,245.0050201416016,240.11381284294887,245.0050201416016,56392754,1592.8800048828125,30.25,45.2400016784668
2020-04-07,252.1194903909528,252.5641455768275,249.45155927570465,251.67483520507807,48787346,1585.3800048828125,30.07999992370605,46.70000076293945
2020-04-08,253.453369140625,253.89802417420503,251.67474900630484,253.453369140625,37912826,1639.8900146484375,30.097000122070312,43.34999847412109
2020-04-09,255.6767318779504,256.12138706382507,251.23018001920343,251.67483520507807,27620430,1601.72998046875,30.066999435424805,41.66999816894531
2020-04-10,249.00700277420617,250.78562422259336,248.11769205001255,248.56234741210935,27252858,1601.72998046875,30.066999435424805,41.66999816894531
2020-04-13,247.6729888916016,250.3409205493208,247.6729888916016,247.6729888916016,22196596,1623.6800537109375,30.025999069213867,41.16999816894531
2020-04-14,249.89612887198467,253.89802417420503,249.00681880482455,253.453369140625,48809688,1695.760009765625,29.850000381469727,37.7599983215332
2020-04-15,255.23214827827783,256.56611421004584,254.3428376570992,255.6768035888672,55216434,1647.9100341796875,30.020999908447266,40.84000015258789
2020-04-16,251.6749187689177,256.5661274375716,251.6749187689177,254.7875061035156,47815280,1690.8699951171875,29.905000686645508,40.11000061035156
2020-04-17,269.90570770313457,274.352259724603,267.2377764902535,272.5736389160156,116368201,1705.6400146484375,29.937000274658203,38.150001525878906
2020-04-20,273.90758313630755,274.79689347116573,269.0163762945878,270.350341796875,41381669,1667.5699462890625,30.03499984741211,43.83000183105469
2020-04-21,267.2377957101596,268.12710617841304,261.01262243238546,262.3465881347656,61479357,1588.699951171875,30.030000686645508,45.40999984741211
2020-04-22,261.90196119035994,262.3466164725168,258.34471893310547,261.4573059082031,42192580,1682.1199951171875,30.09600067138672,41.97999954223633
2020-04-23,266.79318810477474,266.79318810477474,261.4573243426792,262.7912902832031,39474478,1664.6700439453125,30.054000854492188,41.380001068115234
2020-04-24,262.7912717546736,264.125237601144,261.4573059082031,261.4573059082031,26008090,1702.56005859375,29.854999542236328,35.93000030517578
2020-04-27,265.0144958496094,265.4591510439879,263.2358750720952,265.0144958496094,38493406,1725.0400390625,30.07900047302246,33.290000915527344
2020-04-28,265.45910140193536,265.45910140193536,261.90186051212714,263.68048095703125,37395165,1713.2099609375,29.913000106811523,33.56999969482422
2020-04-29,265.9037475585937,268.12702303985293,265.0144373660901,265.9037475585937,44059301,1797.760009765625,29.80500030517578,31.229999542236328
2020-04-30,268.5717677224446,271.2396991898861,268.127112477871,270.7950439453125,55126085,1731.239990234375,29.6299991607666,34.150001525878906
2020-05-04,261.90193290063894,263.6805538371458,261.4572776665122,262.3465881347656,71581861,1661.300048828125,29.89299964904785,35.970001220703125
2020-05-05,263.680600910219,265.0145668507429,262.3466349696952,262.7912902832031,23547405,1689.5,29.61000061035156,33.61000061035156
2020-05-06,261.9019048020646,263.2358703613281,260.12328405638,263.2358703613281,34240479,1707.75,29.625,34.119998931884766
2020-05-07,261.9019536379005,265.9038510619092,261.9019536379005,264.56988525390625,27621198,1724.9300537109375,29.996999740600582,31.440000534057617
2020-05-08,266.7931616005777,266.7931616005777,263.2359194459034,264.56988525390625,32295893,1775.6099853515625,29.780000686645508,27.979999542236328
2020-05-11,266.79315408598944,268.12711985641937,265.45918831555946,267.6824645996094,28727019,1774.31005859375,29.84000015258789,27.56999969482422
2020-05-12,264.5698643053992,265.4591747736527,262.3465881347656,262.3465881347656,52089788,1725.239990234375,29.892000198364254,33.040000915527344
2020-05-13,260.5679114755958,264.1251525878906,260.12325633655894,264.1251525878906,26156418,1691.5699462890625,29.788000106811523,35.279998779296875
2020-05-14,260.5679626464844,262.3465835519211,260.1233074201252,260.5679626464844,34315948,1739.050048828125,29.892000198364254,32.61000061035156
2020-05-15,264.56984065523085,265.4591510439879,261.90190948895963,265.0144958496094,42494804,1700.8900146484375,29.875999450683597,31.88999938964844
2020-05-18,258.7893348430765,261.0126109156115,257.9000244140625,257.9000244140625,84986065,1782.5400390625,29.95400047302246,29.299999237060547
2020-05-19,261.4573158015518,261.4573158015518,259.2340393066406,259.2340393066406,51250214,1775.6099853515625,29.940000534057617,30.530000686645508
2020-05-20,260.5679953438895,261.4573059082031,258.7893742152623,261.4573059082031,32677994,1840.7900390625,29.84499931335449,27.989999771118164
2020-05-21,263.2359194459034,265.01454052324056,262.3466089072348,264.56988525390625,30997468,1790.9599609375,29.8799991607666,29.530000686645508
2020-05-22,261.9018644568038,262.3465195747271,258.789278631341,259.6785888671875,40192923,1802.31005859375,29.875999450683597,28.15999984741211
2020-05-25,258.34462351341773,260.56789910303405,256.5660030417246,259.6785888671875,26803223,1802.31005859375,30.06800079345703,28.15999984741211
2020-05-26,262.3466349696952,264.56991153723493,261.01266902917126,262.7912902832031,33856481,1820.510009765625,30.038000106811523,28.01000022888184
2020-05-27,264.1251360682573,265.0144462907093,262.7911707345792,263.68048095703125,23375959,1847.31005859375,29.975000381469727,27.6200008392334
2020-05-28,265.4592034476144,265.4592034476144,260.5679953438895,261.4573059082031,28444568,1804.6600341796875,30.024999618530277,28.59000015258789
2020-05-29,259.6785888671875,260.1232439851108,257.89996839549445,259.6785888671875,79774181,1852.489990234375,29.90999984741211,27.51000022888184
2020-06-01,261.4573243426792,263.680600910219,261.01266902917126,262.7912902832031,35811214,1843.239990234375,29.944000244140625,28.229999542236328
2020-06-02,263.2358258458052,264.56979117948333,263.2358258458052,263.68048095703125,24771587,1883.4100341796875,29.83300018310547,26.84000015258789
2020-06-03,266.79315408598944,267.6824645996094,265.01453305874946,267.6824645996094,65176337,1937.469970703125,29.8710994720459,25.65999984741211
2020-06-04,271.23962651670365,272.1289367675781,270.35031626582924,272.1289367675781,46572451,1953.469970703125,29.857999801635746,25.809999465942383
2020-06-05,274.3522713111645,277.46485785764446,273.9076160902388,277.02020263671875,42981262,2003.760009765625,29.845199584960938,24.520000457763672
2020-06-08,281.0220690073457,283.6900000422256,280.1327586623857,282.8006896972656,50302921,1998.6199951171875,29.71299934387207,25.809999465942383
2020-06-09,281.46675683861616,283.6900329589844,279.24348071824795,283.6900329589844,36417082,1998.0899658203125,29.649999618530277,27.56999969482422
2020-06-10,283.6900258145591,288.136577943314,282.80071538880816,286.8026123046875,39984259,2004.6600341796875,29.59499931335449,27.56999969482422
2020-06-11,289.47056986649585,290.8045356262493,283.2453963209798,285.0240173339844,50104255,1876.6600341796875,29.55299949645996,40.790000915527344
2020-06-12,278.3541936753671,282.3560910285274,277.9095384139049,281.0221252441406,45992918,1903.8499755859373,29.524999618530277,36.09000015258789
2020-06-15,281.02218839925786,282.3561544834316,274.3523579783894,275.2416687011719,51032404,1931.010009765625,29.62809944152832,34.400001525878906
2020-06-16,281.9114028204055,281.9114028204055,279.2434715634301,280.1327819824219,36608216,1965.68994140625,29.479999542236328,33.66999816894531
2020-06-17,281.46674761090964,281.9114028204055,278.79881635393417,280.1327819824219,34522968,1984.0799560546875,29.48500061035156,33.470001220703125
2020-06-18,281.9257202148437,282.37393280660024,280.58108243957423,281.9257202148437,29044474,1980.1400146484373,29.489999771118164,32.939998626708984
2020-06-19,281.47750762308726,281.9257202148437,279.6846572560612,281.9257202148437,48130280,1966.7900390625,29.5939998626709,35.119998931884766
2020-06-22,281.92557105039936,283.7184204688439,279.6845092773437,279.6845092773437,37374616,1983.3599853515625,29.583999633789062,31.770000457763672
2020-06-23,283.2702652219742,283.71847766694566,280.13277810717386,282.37384033203125,41300084,1987.72998046875,29.434999465942383,31.3700008392334
2020-06-24,285.95956666000245,286.85599163385825,283.27029173843505,284.61492919921875,54147024,1944.300048828125,29.54800033569336,33.84000015258789
2020-06-29,281.47735869578827,282.3737834050105,277.89165985889923,279.6845092773437,56580892,1943.9000244140625,29.52199935913086,31.780000686645508
2020-06-30,281.02926723492413,281.47747978234827,278.7882044978035,280.5810546875,48991860,1996.43994140625,29.411500930786133,30.43000030517578
2020-07-01,282.37386676457925,285.06314168614665,281.47744179072345,284.61492919921875,29532342,1966.97998046875,29.395999908447266,28.6200008392334
2020-07-02,285.9595291422021,288.6488037109375,285.0631042859569,288.6488037109375,34526178,1993.6099853515625,29.42770004272461,27.68000030517578
2020-07-03,293.1309469914762,296.26843419169074,292.68273453430265,295.3720092773437,53341987,1993.6099853515625,29.432100296020508,27.68000030517578
2020-07-06,298.06127085488225,302.9916076660156,297.61305841750647,302.9916076660156,57256220,2046.81005859375,29.451000213623047,27.940000534057617
2020-07-07,307.92194369835903,310.1630058795698,302.99160689969534,303.4398193359375,59046323,2019.77001953125,29.40410041809082,29.43000030517578
2020-07-08,302.5434510798748,307.02557628105814,302.5434510798748,305.6809387207031,30720218,2049.760009765625,29.47900009155273,28.07999992370605
2020-07-09,310.16296528249546,311.0593900376472,307.4736910170403,309.2665405273437,35522376,2076.719970703125,29.340200424194336,29.26000022888184
2020-07-10,315.989782916251,316.4379953742882,309.7148085037297,312.4040832519531,60902108,2069.7900390625,29.32999992370605,27.290000915527344
2020-07-13,314.645226826957,317.78271484375,314.1970142531294,317.78271484375,48069523,2034.1400146484373,29.46299934387207,32.189998626708984
2020-07-14,318.230911527736,326.29873745379126,317.7826989762885,325.8505249023437,61764150,2069.7900390625,29.45599937438965,29.520000457763672
2020-07-15,328.09149623902374,331.6771956514721,323.60937197346334,325.4022216796875,73438362,2064.169921875,29.387699127197266,27.76000022888184
2020-07-16,321.81656127076053,323.6094111942745,316.88622398109703,320.471923828125,68220512,2055.919921875,29.476999282836918,28.0
2020-07-17,323.60939603800347,330.7807953961864,322.7129711182306,328.9879455566406,65727485,2068.989990234375,29.36389923095703,25.68000030517578
2020-07-20,331.67719106205175,331.67719106205175,324.9540047567399,328.09149169921875,42769238,2110.469970703125,29.45400047302246,24.459999084472656
2020-07-21,333.9182580295493,346.916418409223,333.0218331757787,343.3307189941406,64219128,2096.590087890625,29.44700050354004,24.84000015258789
2020-07-22,341.53789806365967,346.0200227101644,339.74504820505774,344.2271728515625,43759670,2105.429931640625,29.402000427246094,24.31999969482422
2020-07-23,342.43435752938643,343.3307825490969,339.7450824702552,341.98614501953125,45209282,2070.969970703125,29.431699752807617,26.07999992370605
2020-07-24,349.6056575478667,354.087781362583,342.4342594443208,346.0199584960937,86682734,2038.7099609375,29.426700592041016,25.84000015258789
2020-07-27,376.9465887745923,380.53228759765625,373.36088995152846,380.53228759765625,99333798,2104.6201171875,29.451000213623047,24.739999771118164
2020-07-28,415.94111328125,418.18217531401535,384.11803241598193,389.9447937011719,166307746,2060.39990234375,29.18000030517578,25.440000534057617
2020-07-29,383.6698703856265,386.80735764345286,376.0502584737624,378.2913208007813,85663166,2106.300048828125,29.312000274658203,24.100000381469727
2020-07-30,391.28961656280376,395.3235301356162,384.1182146555817,389.0485534667969,69293949,2147.550048828125,29.25900077819824,24.76000022888184
2020-07-31,381.87704550253375,387.2555954391892,381.4288330078125,381.4288330078125,49897674,2136.409912109375,29.15999984741211,24.459999084472656
2020-08-03,376.94663135822,380.0841181828426,372.0162949195275,372.9127197265625,76429571,2177.27001953125,29.309999465942383,24.280000686645508
2020-08-04,377.84313305004224,381.4288330078125,375.1538580817145,381.4288330078125,41223445,2209.81005859375,29.24799919128418,23.76000022888184
2020-08-05,385.9109215369591,388.6001962515024,381.8770094651442,384.5662841796875,47223834,2207.56005859375,29.26499938964844,22.989999771118164
2020-08-06,392.1858557339372,392.6340681404903,386.35909444874727,389.9447937011719,41029627,2204.93994140625,29.33810043334961,22.649999618530277
2020-08-07,388.60022053707553,389.0484330175105,383.6698832522914,388.1520080566406,36589460,2178.860107421875,29.36910057067871,22.209999084472656
2020-08-10,383.221726707695,392.1859776248341,383.221726707695,390.3931274414063,36067500,2179.60009765625,29.42099952697754,22.1299991607666
2020-08-11,387.2555588942308,389.9448336087741,384.5662841796875,384.5662841796875,34545313,2154.7900390625,29.3129997253418,24.030000686645508
2020-08-12,378.291294871765,379.6359321758116,375.6020202636719,375.6020202636719,52143474,2227.219970703125,29.31800079345703,22.280000686645508
2020-08-13,383.6698592748397,384.5662841796875,380.53237210787256,384.5662841796875,44352335,2202.409912109375,29.296199798583984,22.1299991607666
2020-08-14,380.0842233698039,383.6699235902737,379.1877983146864,382.77349853515625,23419955,2200.81005859375,29.33889961242676,22.049999237060547
2020-08-17,382.7733951963227,389.9447937011719,381.4287579766635,389.9447937011719,34137731,2227.610107421875,29.381999969482425,21.350000381469727
2020-08-18,394.4269827827295,394.8751952631644,387.2555830957708,388.1520080566406,41643160,2214.659912109375,29.3356990814209,21.51000022888184
2020-08-19,390.84126090780336,391.2894733629728,383.2216491699219,383.2216491699219,31486800,2200.77001953125,29.354700088500977,22.540000915527344
2020-08-20,382.7734569135919,383.2216693924134,359.466408014872,372.016357421875,75097235,2181.0400390625,29.416000366210938,22.71999931335449
2020-08-21,377.8430134803583,382.7733493620712,376.4983764217093,380.53228759765625,41609467,2198.330078125,29.32099914550781,22.540000915527344
2020-08-24,383.2216788675184,389.4966537261678,380.9806164180007,383.6698913574219,48375406,2219.3701171875,29.392000198364254,22.3700008392334
2020-08-25,388.6001572164485,390.8412192534522,385.910882772044,389.49658203125,35977899,2243.06005859375,29.290000915527344,22.030000686645508
2020-08-26,390.3930861529182,396.2198486328125,389.9448736544648,396.2198486328125,39243340,2250.22998046875,29.290000915527344,23.270000457763672
2020-08-27,401.5983952702703,406.5287327122044,398.0126953125,398.0126953125,53072712,2220.14990234375,29.281700134277344,24.46999931335449
2020-08-28,394.42691776670256,394.8751301732556,386.35909444874727,389.9447937011719,56842210,2264.139892578125,29.32320022583008,22.959999084472656
2020-08-31,391.7376248895214,393.9786868168069,382.3251647949219,382.3251647949219,81480538,2260.429931640625,29.331499099731445,26.40999984741211
2020-09-01,385.46266963564113,389.9447937011719,383.66982000942886,389.9447937011719,37429577,2304.679931640625,29.308000564575195,26.1200008392334
2020-09-02,395.3234077435994,395.3234077435994,385.9109456544661,388.1520080566406,34871407,2370.179931640625,29.30349922180176,26.56999969482422
2020-09-03,393.9787346376192,393.9787346376192,388.60018535928987,390.84124755859375,34951617,2234.22998046875,29.29290008544922,33.599998474121094
2020-09-04,382.773434369992,387.70377134665466,382.773434369992,384.5662841796875,46119911,2212.72998046875,29.27899932861328,30.75
2020-09-07,383.6698639918941,387.7037761133042,380.9805892442873,381.87701416015625,32019312,2212.72998046875,29.323999404907227,30.75
2020-09-08,383.6698258614595,388.1519499953551,383.22161344807,386.3591003417969,23714670,2108.610107421875,29.305200576782227,31.459999084472656
2020-09-09,380.98064842492136,383.6699235902737,379.1877983146864,382.77349853515625,40551362,2169.610107421875,29.246999740600582,28.809999465942383
2020-09-10,387.7037316684065,389.9447937011719,385.9108820421942,389.9447937011719,35098921,2137.780029296875,29.2810001373291,29.709999084472656
2020-09-11,390.393034350558,391.2894592285156,387.70375971668506,391.2894592285156,34298469,2136.3701171875,29.268600463867188,26.8700008392334
2020-09-14,390.8413002896471,396.2198502936331,390.39308778931496,395.3234252929688,39085833,2181.75,29.28199958801269,25.850000381469727
2020-09-15,394.8751760075601,400.7019379690792,393.9787510904033,398.9090881347656,39061449,2219.18994140625,29.12299919128418,25.59000015258789
2020-09-16,412.3555025991914,414.1483526104923,408.3215900737646,410.5626525878906,64261238,2195.5400390625,29.19499969482422,26.040000915527344
2020-09-17,408.3092565632185,410.1119464376698,402.45051447125184,404.2532043457031,42058506,2194.14990234375,29.18000030517578,26.459999084472656
2020-09-18,402.9012090322134,405.1545714988365,399.2958290856164,400.1971740722656,52454922,2160.969970703125,29.122100830078125,25.82999992370605
2020-09-21,399.74650435014206,405.6052468039773,396.591796875,396.591796875,39463920,2154.280029296875,29.0049991607666,27.780000686645508
2020-09-22,396.5917912882581,397.4931362684586,392.9864113674557,393.88775634765625,36130639,2180.260009765625,28.968700408935547,26.86000061035156
2020-09-23,392.9863945808103,395.239756935058,389.3810148140138,390.7330322265625,45710963,2126.68994140625,29.03300094604492,28.57999992370605
2020-09-24,383.5222833150949,386.67699069841535,381.2689208984375,381.2689208984375,79806381,2147.419921875,29.19230079650879,28.51000022888184
2020-09-25,384.8742924096449,385.7756373567401,379.4662227270738,382.1702575683594,38775269,2177.840087890625,29.26409912109375,26.3799991607666
2020-09-28,384.8742762772261,388.9303283691406,382.6209140039402,388.9303283691406,34156973,2237.639892578125,29.25180053710937,26.190000534057617
2020-09-29,389.831662100595,392.085024309269,385.7756101249819,388.4796447753906,32230502,2242.52001953125,29.100000381469727,26.270000457763672
2020-09-30,388.02901668416433,392.0850691233716,388.02901668416433,390.2823791503906,27334204,2244.1201171875,28.88999938964844,26.3700008392334
2020-10-05,394.78912374683887,394.78912374683887,388.9303810428332,389.8317260742188,32945832,2295.56005859375,28.920000076293945,27.959999084472656
2020-10-06,397.9437725600936,398.394445009199,394.3383929672502,396.1410827636719,35775395,2281.090087890625,28.7052001953125,29.479999542236328
2020-10-07,392.0850773589606,401.0985274131896,392.0850773589606,399.29583740234375,42926239,2328.840087890625,28.80699920654297,28.059999465942383
2020-10-08,405.6052908992136,409.21067126276216,404.2532732628829,408.309326171875,60853811,2356.159912109375,28.613000869750977,26.36000061035156
2020-10-12,412.8159321660581,416.4213114862857,412.3652597510296,414.6186218261719,64719223,2433.47998046875,28.60099983215332,25.06999969482422
2020-10-13,419.12539098169896,419.12539098169896,411.46395910353885,416.4213562011719,45750738,2430.1298828125,28.61000061035156,26.06999969482422
2020-10-14,415.06936366262,415.5200361530246,411.9146562297879,413.7173461914063,40809241,2417.199951171875,28.835599899291992,26.399999618530277
2020-10-15,411.0133614445364,411.46403398998,405.6052908992136,408.309326171875,47775028,2411.1298828125,28.718000411987305,26.96999931335449
2020-10-16,406.5065778634596,411.0133026734758,404.2532154584515,404.7038879394531,46876801,2399.760009765625,28.732999801635746,27.40999984741211
2020-10-19,408.30927354156,412.3653259277344,406.506583592149,412.3653259277344,34470906,2385.85009765625,28.77199935913086,29.18000030517578
2020-10-20,410.562675086992,411.91469267783833,406.5066223144531,406.5066223144531,25205638,2385.820068359375,28.71330070495605,29.350000381469727
2020-10-21,408.7599987173186,411.0133614445364,406.50663599010073,408.309326171875,28058921,2367.260009765625,28.52300071716309,28.649999618530277
2020-10-22,405.60521387791897,410.1119384765625,405.1545414180546,410.1119384765625,23438547,2370.449951171875,28.676000595092773,28.11000061035156
2020-10-23,412.81602923638,412.81602923638,406.9572864633746,407.407958984375,18777385,2360.22998046875,28.68099975585937,27.549999237060547
2020-10-26,410.1119493272569,410.1119493272569,405.605224609375,405.605224609375,15059581,2308.449951171875,28.58300018310547,32.459999084472656
2020-10-27,403.35197875430384,404.2533239582241,401.5492883464634,402.90130615234375,20117660,2300.909912109375,28.596799850463867,33.349998474121094
2020-10-28,401.09851905891486,402.9012090322134,399.2958290856164,400.1971740722656,24710230,2222.97998046875,28.573999404907227,40.27999877929688
2020-10-29,393.437083857556,396.1411187981577,392.53573887735536,393.88775634765625,41285612,2283.64990234375,28.58300018310547,37.59000015258789
2020-10-30,393.8878909923412,393.8878909923412,389.3811645507813,389.3811645507813,47668895,2246.14990234375,28.3656005859375,38.02000045776367
2020-11-02,390.28243433430055,392.5357971191406,385.7757087646204,392.5357971191406,33477443,2260.070068359375,28.58359909057617,37.130001068115234
2020-11-03,396.1411464976616,399.29585414895126,394.78912893282313,397.4931640625,30328495,2302.72998046875,28.558300018310547,35.54999923706055
2020-11-04,400.6478274197048,406.9572420247396,399.2958100043402,405.605224609375,37512790,2384.219970703125,28.594600677490234,29.56999969482422
2020-11-05,406.9572948447352,406.9572948447352,401.54922448135005,406.5066223144531,34886108,2489.159912109375,28.551700592041016,27.57999992370605
2020-11-06,410.1119438719354,410.5626163377288,405.6052192140021,407.8585815429688,30154140,2529.27001953125,28.531299591064453,24.86000061035156
2020-11-09,412.8160510879567,414.6187412673801,409.2106707291099,413.2667236328125,39245881,2497.590087890625,28.575000762939453,25.75
2020-11-10,407.4079673750173,409.66133002642783,404.2532596630426,406.5066223144531,34820499,2422.330078125,28.62540054321289,24.799999237060547
2020-11-11,404.2531803055978,411.9146118164063,404.2531803055978,411.9146118164063,36765561,2511.239990234375,28.587099075317383,23.450000762939453
2020-11-12,417.3227345162604,417.773407015738,412.3653370220068,412.8160095214844,40100880,2478.429931640625,28.508699417114254,25.350000381469727
2020-11-13,413.7173214206448,416.4213562011719,411.46395910353885,416.4213562011719,31037438,2508.820068359375,28.43199920654297,23.100000381469727
2020-11-16,423.6321762967701,436.70167960805344,422.7308312408195,436.2510070800781,81994937,2570.97998046875,28.479999542236328,22.450000762939453
2020-11-17,452.47518930327146,456.0805692977198,437.6029968261719,437.6029968261719,72413868,2548.9599609375,28.515100479125977,22.709999084472656
2020-11-18,441.65900002063165,447.9684143066406,438.5042928776271,447.9684143066406,50387727,2530.590087890625,28.500999450683597,23.84000015258789
2020-11-19,449.77113167899,449.77113167899,441.6590270996094,441.6590270996094,44220053,2570.219970703125,28.530000686645508,23.11000061035156
2020-11-20,438.05369417784647,441.6590743768411,438.05369417784647,439.85638427734375,32281453,2555.5,28.48699951171875,23.700000762939453
2020-11-23,445.7151017510759,449.3204817450178,443.46173925486215,447.5177917480469,38084006,2595.25,28.52630043029785,22.65999984741211
2020-11-24,450.22184930196624,450.67252182379,443.0110889527856,443.4617614746094,35479226,2609.010009765625,28.517900466918945,21.63999938964844
2020-11-25,446.1657771241738,446.6164496263195,438.95501708984375,438.95501708984375,41419632,2600.239990234375,28.46739959716797,21.25
2020-11-26,440.75775146484375,444.8138043924344,439.8564063698236,440.75775146484375,28893033,2600.239990234375,28.480199813842773,21.25
2020-11-27,439.4057338223136,443.46178674990415,438.5043887272934,440.75775146484375,32960189,2631.56005859375,28.509700775146484,20.84000015258789
2020-11-30,444.36315835402985,444.81383092842543,433.0963439941406,433.0963439941406,119895176,2663.489990234375,28.51799964904785,20.56999969482422
2020-12-01,441.20835462297714,441.6590270996094,435.8002849033901,441.6590270996094,37018651,2709.72998046875,28.516700744628903,20.770000457763672
2020-12-02,450.2218211753096,450.6724936689786,444.8137512512819,449.7711486816406,50621339,2716.35009765625,28.472999572753903,21.170000076293945
2020-12-03,450.2217765516439,450.2217765516439,446.1657245106381,447.9684143066406,35651379,2716.14990234375,28.44099998474121,21.280000686645508
2020-12-04,449.3204734605065,455.17921584263945,448.4191284786399,453.3765258789063,51172005,2793.030029296875,28.3882999420166,20.790000915527344
2020-12-07,461.4886612354086,464.1926963598348,456.08059098655616,463.2913513183594,44271244,2806.610107421875,28.215999603271484,21.299999237060547
2020-12-08,463.2913290708119,473.2061240509266,458.78460407985074,472.3047790527344,40771761,2816.27001953125,28.0,20.68000030517578
2020-12-09,469.6007162827712,472.3047511174129,468.6993713378906,468.6993713378906,43314115,2734.77001953125,28.22570037841797,22.270000457763672
2020-12-10,460.5873329043389,464.192713201046,459.6859878301621,461.4886779785156,42556926,2733.669921875,28.243000030517575,22.520000457763672
2020-12-11,465.99536966723065,465.99536966723065,455.1792295589004,465.0940246582031,45660960,2704.080078125,28.18670082092285,23.309999465942383
2020-12-14,461.48861958661416,462.3899645467443,457.88323974609375,457.88323974609375,30260485,2736.25,28.18199920654297,24.71999931335449
2020-12-15,456.98183604649137,459.68587057931086,454.2778015136719,454.2778015136719,39852366,2774.7900390625,28.11199951171875,22.88999938964844
2020-12-16,458.78464275598526,464.192713201046,456.9819526076317,461.4886779785156,52012348,2773.419921875,28.097999572753903,22.5
2020-12-17,466.4703480277475,466.4703480277475,460.1299743652344,460.1299743652344,38215179,2778.139892578125,28.11529922485352,21.93000030517578
2020-12-18,460.12993211933207,463.7530024509804,459.22416453642,461.94146728515625,39924864,2764.739990234375,28.12800025939941,21.56999969482422
2020-12-21,463.7530583817829,468.2818968425425,460.1299876131752,467.3761291503906,34813281,2747.2900390625,28.16900062561035,25.15999984741211
2020-12-22,463.7530083497053,467.37607872743735,461.0357055664063,461.0357055664063,22454277,2743.969970703125,28.13999938964844,24.229999542236328
2020-12-23,460.1299379719732,462.84724075527225,458.3184027831072,461.0357055664063,18086715,2723.530029296875,28.130800247192383,23.309999465942383
2020-12-24,462.8472348680683,463.7530024509804,460.12993211933207,461.94146728515625,14950143,2750.239990234375,28.13500022888184,21.530000686645508
2020-12-25,465.5645931116989,466.47036080257766,461.9415223481837,462.8472900390625,12327895,2750.239990234375,28.11400032043457,21.530000686645508
2020-12-28,463.7530339805825,466.4703369140625,461.03573104710256,466.4703369140625,19087382,2744.300048828125,27.93899917602539,21.700000762939453
2020-12-29,466.4703369140625,468.2818722030492,464.6588016250759,466.4703369140625,19907528,2738.050048828125,28.10700035095215,23.07999992370605
2020-12-30,467.3760763113839,475.5279846191406,465.5645411318824,475.5279846191406,46292401,2783.77001953125,28.12459945678711,22.770000457763672
2020-12-31,476.4337836499484,480.0568542480469,474.6222483508992,480.0568542480469,29970398,2795.5,28.06999969482422,22.75
2021-01-04,480.0569397655886,489.11461787437327,478.2454041438317,485.4915466308594,38770328,2783.2099609375,28.054000854492188,26.96999931335449
2021-01-05,485.4914501232415,490.9260559082031,484.5856824924145,490.9260559082031,34411866,2837.169921875,28.10099983215332,25.34000015258789
2021-01-06,502.7011475276426,502.7011475276426,490.02039786027865,497.26654052734375,53030554,2827.9599609375,27.95499992370605,25.06999969482422
2021-01-07,501.7954333820174,516.2877202666966,500.88966545172497,511.7588806152344,51166782,2937.0,27.82999992370605,22.3700008392334
2021-01-08,525.3451538085938,525.3451538085938,517.1932462494949,525.3451538085938,59563555,2936.469970703125,27.92679977416992,21.559999465942383
2021-01-11,522.6277681115556,528.9681396484375,519.9104660243204,528.9681396484375,48810990,2969.919921875,28.017000198364254,24.07999992370605
2021-01-12,528.062574151002,540.7433220722953,527.1568064423382,535.3087158203125,50232426,2988.02001953125,28.020700454711918,23.32999992370605
2021-01-13,538.9318242348916,547.989501953125,537.1202886912448,547.989501953125,62662393,2991.949951171875,27.97800064086914,22.209999084472656
2021-01-14,531.6855180070207,540.7431929304793,531.6855180070207,536.21435546875,75288477,3055.639892578125,28.01799964904785,23.25
2021-01-15,562.4818743866018,566.1049460412659,544.3665161132812,544.3665161132812,92010500,2992.77001953125,27.986900329589844,24.34000015258789
2021-01-18,550.7067320067957,550.7067320067957,538.0259848882182,549.8009643554688,45726476,2992.77001953125,27.9822998046875,24.34000015258789
2021-01-19,559.7644118897653,572.4451590846791,555.2355736058674,567.9163208007812,50672866,3093.320068359375,27.982200622558597,23.239999771118164
2021-01-20,573.3510494084778,588.7491028681052,571.5395137073452,586.0317993164062,82066422,3085.0400390625,27.915000915527344,21.57999992370605
2021-01-21,579.6912727526003,615.0162096859618,579.6912727526003,609.5816040039062,89019137,3132.169921875,27.88999938964844,21.31999969482422
2021-01-22,587.8433837890625,602.3356706005031,587.8433837890625,587.8433837890625,125179403,3074.39990234375,27.958799362182617,21.90999984741211
2021-01-25,581.5029852265995,585.1260567856438,567.0106989904226,573.35107421875,93050133,3079.2099609375,27.95159912109375,23.190000534057617
2021-01-26,572.4452824275729,579.6914252431118,552.5183896848409,558.8587646484375,100153482,3031.77001953125,27.920000076293945,23.020000457763672
2021-01-27,559.7644221608232,566.1047958746188,553.4240484470274,557.047119140625,59985191,2875.1298828125,27.917999267578125,37.209999084472656
2021-01-28,543.4607481996152,550.7068915089434,541.6492123722832,544.3665161132812,96447533,2935.1201171875,27.933000564575195,30.209999084472656
2021-01-29,560.6702116628992,560.6702116628992,535.3087158203125,535.3087158203125,90745237,2887.080078125,27.932600021362305,33.09000015258789
2021-02-01,538.9317294306529,554.3297788429572,531.6855885307449,553.4240112304688,67462398,2999.989990234375,28.000999450683597,30.239999771118164
2021-02-02,569.7278873105593,577.879796667944,563.3875133659267,572.4451904296875,78429188,3047.330078125,27.950300216674805,25.559999465942383
2021-02-03,577.8797469850571,581.5028174990699,570.6336059570312,570.6336059570312,48738970,2982.8701171875,27.857999801635746,22.90999984741211
2021-02-04,567.0105531440017,572.4451590846791,561.5759472033243,567.9163208007812,46371900,3008.419921875,27.86400032043457,21.770000457763672
2021-02-05,577.879796667944,580.5970997870724,571.5394227233114,572.4451904296875,53267273,2985.010009765625,27.90290069580078,20.8700008392334
2021-02-17,600.5240478515625,605.052886824802,597.8067444676187,600.5240478515625,107614290,3178.239990234375,28.040000915527344,21.5
2021-02-18,601.4295883641098,602.3353558164654,594.1834487452651,597.8065185546875,53109010,3146.7900390625,27.918699264526367,22.489999771118164
2021-02-19,594.1833720763037,595.0891394117858,586.0314660569642,590.560302734375,50279585,3223.4599609375,27.86079978942871,22.049999237060547
2021-02-22,597.8067007211539,599.6182361778847,588.7490234375,588.7490234375,36474610,3102.010009765625,27.90780067443848,23.450000762939453
2021-02-23,580.5972290039062,582.408764819831,573.3510857402069,580.5972290039062,50076333,3083.8798828125,27.80940055847168,23.11000061035156
2021-02-24,567.9164551757813,576.068366015625,566.1049194335938,566.1049194335938,66206750,3183.739990234375,27.85020065307617,21.34000015258789
2021-02-25,576.068182132751,576.068182132751,568.8220414769931,575.1624145507812,43231417,2999.159912109375,27.649999618530277,28.88999938964844
2021-02-26,553.4239794035556,559.7643523263459,548.8951416015625,548.8951416015625,111861175,3067.6201171875,27.76499938964844,27.950000762939453
2021-03-02,562.4817616129156,563.3875293449815,551.612548828125,551.612548828125,54041533,3070.93994140625,27.819000244140625,24.100000381469727
2021-03-03,551.6124722888616,563.387451171875,544.3663314377764,563.387451171875,48252965,2975.580078125,27.739999771118164,26.670000076293945
2021-03-04,551.6126594226095,553.4241952499415,544.3665161132812,544.3665161132812,67711962,2831.6298828125,27.71999931335449,28.56999969482422
2021-03-05,532.5915332356229,547.9895877679454,528.9684615809588,544.3665161132812,79918467,2920.75,27.8129997253418,24.65999984741211
2021-03-08,550.7066621812291,552.5181972541936,541.6489868164062,541.6489868164062,43219772,2762.75,27.927499771118164,25.46999931335449
2021-03-09,529.8742060300683,538.931884765625,529.8742060300683,538.931884765625,68768861,2932.2099609375,28.28300094604492,24.030000686645508
2021-03-10,544.3664796148712,544.3664796148712,537.1203367913788,540.743408203125,40146301,2879.320068359375,28.25200080871582,22.559999465942383
2021-03-11,539.8375683112685,554.3298520243227,538.9318005792026,551.612548828125,54416046,2997.1298828125,28.20199966430664,21.90999984741211
2021-03-12,557.0470639704105,559.7643667214857,551.6124584682601,556.1412963867188,33168846,2965.090087890625,28.000999450683597,20.690000534057617
2021-03-15,556.1413140679342,556.1413140679342,551.6124760054918,553.4240112304688,27416758,3032.050048828125,28.145700454711918,20.030000686645508
2021-03-16,552.5182926246432,555.235595703125,549.8009895461613,555.235595703125,36949425,3070.320068359375,28.176700592041016,19.790000915527344
2021-03-17,556.5999125297496,556.5999125297496,547.505142717172,549.3240966796875,39517807,3107.919921875,28.236499786376957,19.229999542236328
2021-03-18,551.1430347734115,553.8714656386264,547.505126953125,547.505126953125,29415526,2976.219970703125,28.21759986877441,21.57999992370605
2021-03-19,540.2293465706297,543.8672546283444,537.5009155273438,537.5009155273438,70866028,3011.3701171875,28.404699325561523,20.950000762939453
2021-03-22,534.7724395288786,543.8672089086214,532.95348565293,539.31982421875,34089033,3077.550048828125,28.38610076904297,18.8799991607666
2021-03-23,542.9576172491517,548.4144777240175,539.3197102659078,540.2291870117188,29374037,2994.2099609375,28.3085994720459,20.299999237060547
2021-03-24,519.3113190333048,529.3155651092529,519.3113190333048,523.8587036132812,107253959,2953.969970703125,28.402999877929688,21.200000762939453
2021-03-25,520.2206058933424,528.405895146909,518.4016527258832,522.9490356445312,67833354,2959.8798828125,28.48069953918457,19.809999465942383
2021-03-26,529.3155544474973,538.4103234242584,527.4966006521452,536.5913696289062,36829858,3106.280029296875,28.50329971313477,18.86000061035156
2021-03-29,544.7764892578125,547.5049190871505,542.0480594284745,544.7764892578125,37884733,3054.6298828125,28.58550071716309,20.739999771118164
2021-03-30,545.6859492776382,545.6859492776382,538.410136620603,542.95751953125,33099123,3044.550048828125,28.52750015258789,19.61000061035156
2021-03-31,542.0481447807974,542.9576215337854,533.8628540039062,533.8628540039062,38790886,3124.93994140625,28.44109916687012,19.399999618530277
2021-04-01,543.8672191328384,547.505126953125,540.2293113125519,547.505126953125,43091157,3240.169921875,28.374399185180664,17.329999923706055
2021-04-07,558.4188526591316,558.4188526591316,552.9619909067623,554.7809448242188,24603109,3266.4599609375,28.43180084228516,17.15999984741211
2021-04-08,551.1429397558117,557.50927734375,548.4145093609809,557.50927734375,23976625,3301.260009765625,28.350400924682617,16.950000762939453
2021-04-09,562.0567604940445,562.0567604940445,553.8714678654906,554.7809448242188,27303862,3294.530029296875,28.37070083618164,16.690000534057617
2021-04-12,556.5997352789257,557.5092119705579,548.4144450542356,550.2333984375,22606128,3258.330078125,28.5,16.90999984741211
2021-04-13,549.3239217458678,557.5092119705579,549.3239217458678,550.2333984375,25971622,3252.699951171875,28.393600463867188,16.649999618530273
2021-04-14,552.9620066125408,556.5999145507812,545.68619073606,556.5999145507812,30077913,3213.8798828125,28.41370010375977,16.989999771118164
2021-04-15,556.5997276984046,562.966064453125,552.0523443021759,562.966064453125,33530942,3271.330078125,28.33370018005371,16.56999969482422
2021-04-16,554.7809448242188,555.6904217829469,548.4146061131212,554.7809448242188,48507383,3253.080078125,28.24530029296875,16.25
2021-04-19,550.2335045151844,552.052458249119,546.5955970473154,548.41455078125,24231637,3171.0,28.2549991607666,17.290000915527344
2021-04-20,543.8672191328384,547.505126953125,541.1387882676236,547.505126953125,34771635,3121.429931640625,28.12700080871582,18.68000030517578
2021-04-21,544.7764925570101,544.7764925570101,538.41015625,538.41015625,38458220,3207.25,28.025999069213867,17.5
2021-04-22,542.0483005994871,543.8672546283444,537.5009155273438,537.5009155273438,33868521,3133.169921875,27.979999542236328,18.709999084472656
2021-04-23,538.4103574024086,547.505126953125,536.5914034922654,547.505126953125,27754511,3196.97998046875,28.086299896240234,17.329999923706055
2021-04-26,550.2335600305776,554.7809448242188,548.4146061131212,554.7809448242188,30887664,3250.260009765625,28.03199958801269,17.639999389648438
2021-04-27,552.9619909067623,555.6904217829469,550.2335600305776,554.7809448242188,26317481,3225.610107421875,27.808000564575195,17.559999465942383
2021-04-28,551.1430347734115,552.9619886835548,546.5956499980533,547.505126953125,24024054,3178.489990234375,27.897199630737305,17.280000686645508
2021-04-29,553.8713256835938,553.8713256835938,545.68603515625,545.68603515625,31828333,3202.5,27.78300094604492,17.610000610351562
2021-05-03,541.1386144728888,542.9575677988481,534.7722778320312,534.7722778320312,41762441,3073.3798828125,27.84650039672852,18.309999465942383
2021-05-04,534.7724844840577,540.2293465706297,529.3156223974856,537.5009155273438,40273595,3024.31005859375,27.923999786376957,19.479999542236328
2021-05-05,540.2291748046875,540.2291748046875,532.0438842773438,532.0438842773438,29254785,3042.8798828125,27.893199920654297,19.149999618530277
2021-05-06,536.59128426287,536.59128426287,527.4965167329908,533.8628540039062,30725590,3066.219970703125,27.88500022888184,18.38999938964844
2021-05-07,540.2291062089158,545.6859658675918,535.6817231600193,544.7764892578125,28075722,3112.030029296875,27.947999954223636,16.690000534057617
2021-05-10,542.0482229546901,542.9576998388422,534.7724078814729,535.681884765625,20434079,2967.110107421875,27.75279998779297,19.65999984741211
2021-05-11,526.5870321778199,527.4965089173326,518.4017415222061,519.3112182617188,59349193,2976.010009765625,27.731300354003903,21.84000015258789
2021-05-12,515.6734989166259,519.3114071982247,471.109122467041,509.3071594238281,131741482,2851.14990234375,27.91699981689453,27.59000015258789
2021-05-13,497.4837341308594,512.0353607233525,492.0268741586745,497.4837341308594,66765627,2893.93994140625,28.02400016784668,23.1299991607666
2021-05-14,505.6691059544014,511.1259668100244,502.0311987173194,506.5785827636719,37533726,2981.419921875,27.937000274658203,18.809999465942383
2021-05-17,494.755380877163,507.4880561203253,492.02695046791393,499.3027648925781,56270958,2954.6298828125,27.95989990234375,19.71999931335449
2021-05-18,512.0355324911905,521.1303021624371,504.75971675419305,520.2208251953125,43689316,2929.14990234375,28.05419921875,21.34000015258789
2021-05-19,519.3112470031415,520.2207237929895,513.8543862640543,515.67333984375,28908777,2987.280029296875,27.965499877929688,22.18000030517578
2021-05-20,515.67333984375,519.3112470031415,509.3070023148149,515.67333984375,29709287,3066.110107421875,27.890899658203125,20.670000076293945
2021-05-21,520.2207721490511,524.7681565209833,516.5828646515052,521.1302490234375,27376731,3052.10009765625,27.95050048828125,20.149999618530277
2021-05-24,518.4017170650858,520.2206704582967,514.7638102786642,516.582763671875,15629736,3122.97998046875,27.948999404907227,18.399999618530277
2021-05-25,523.8586982740137,531.1345135278194,521.1302675538366,530.2250366210938,33039911,3134.669921875,28.012399673461918,18.84000015258789
2021-05-26,533.8628377278646,534.772314453125,528.4059773763021,532.0438842773438,18703987,3140.97998046875,27.820499420166016,17.360000610351562
2021-05-27,527.4966587971167,529.3156127929688,521.1303198116342,529.3156127929688,62169719,3159.27001953125,27.667999267578125,16.739999771118164
2021-05-28,533.8629389358779,538.4103234242584,529.3155544474973,536.5913696289062,29086873,3186.56005859375,27.78700065612793,16.760000228881836
2021-05-31,541.1385663669912,542.95751953125,536.5911834563442,542.95751953125,30657474,3186.56005859375,27.6200008392334,16.760000228881836
2021-06-01,543.8671264648438,544.7766032649522,541.1386960645184,543.8671264648438,17818326,3174.320068359375,27.516700744628903,17.899999618530273
2021-06-02,545.6861172203256,545.6861172203256,539.3197791860885,541.1387329101562,21872755,3196.97998046875,27.58180046081543,17.479999542236328
2021-06-03,545.6860023856964,545.6860023856964,542.048095703125,542.048095703125,21077164,3139.18994140625,27.54400062561035,18.040000915527344
2021-06-04,537.5008254620208,541.1387329101562,536.5913485999869,541.1387329101562,15756180,3214.139892578125,27.62380027770996,16.420000076293945
2021-06-07,540.2291094805744,541.1385860958615,530.2248667124155,538.41015625,17077625,3191.659912109375,27.535999298095703,16.420000076293945
2021-06-08,536.5913616497771,541.138746070538,534.7724078814729,535.681884765625,13396324,3171.219970703125,27.622800827026367,17.06999969482422
2021-06-09,532.953369140625,534.7723226189206,530.2249389231815,532.953369140625,20023490,3158.47998046875,27.58690071105957,17.889999389648438
2021-06-10,537.500676379578,544.7764892578125,533.8627699404607,544.7764892578125,28527745,3196.2099609375,27.77949905395508,16.100000381469727
2021-06-11,547.505126953125,548.4146039081966,545.6861730429817,547.505126953125,24227710,3210.06005859375,27.5575008392334,15.649999618530272
2021-06-15,552.0522627305907,553.8712158203125,551.1427861857297,553.8712158203125,26012250,3225.97998046875,27.63680076599121,17.020000457763672
2021-06-16,552.9618285123967,552.9618285123967,550.2333984375,550.2333984375,25856919,3201.010009765625,27.561199188232425,18.149999618530277
2021-06-17,548.863557016102,553.4298095703125,546.1238054835757,553.4298095703125,22872361,3231.7099609375,27.67799949645996,17.75
2021-06-18,555.2563776171227,555.2563776171227,548.8636232695571,550.6901245117188,32652017,3152.81005859375,27.684999465942383,20.700000762939453
2021-06-21,538.8178024161128,542.4708044663915,532.425048828125,532.425048828125,44279632,3171.989990234375,27.7810001373291,17.889999389648438
2021-06-22,534.2516414021951,536.9913934093859,527.85888671875,527.85888671875,27823974,3185.429931640625,27.94750022888184,16.65999984741211
2021-06-23,532.4251470998555,546.123907316833,530.5986457375919,543.3841552734375,34392376,3197.219970703125,27.950300216674805,16.31999969482422
2021-06-24,546.1238761255297,546.1238761255297,536.9913698358051,538.81787109375,16524230,3253.800048828125,28.03470039367676,15.970000267028809
2021-06-25,546.1239565157043,546.1239565157043,537.9046996450667,539.731201171875,18841696,3241.47998046875,27.906099319458008,15.619999885559082
2021-06-28,538.81787109375,538.81787109375,535.1648685778601,538.81787109375,15028407,3323.139892578125,27.865800857543945,15.760000228881836
2021-06-29,546.123907316833,546.123907316833,539.7311525489101,543.3841552734375,28659610,3348.8701171875,27.81599998474121,16.020000457763672
2021-06-30,547.0371579979648,547.0371579979648,543.3841552734375,543.3841552734375,24883853,3345.31005859375,27.875900268554688,15.829999923706056
2021-07-01,544.2973077011751,545.2105582174523,539.7310551197894,541.5575561523438,18250994,3295.06005859375,27.81800079345703,15.479999542236328
2021-07-02,538.8177728977333,541.5575242853489,536.0780215101178,536.9912719726562,18322419,3315.830078125,27.878999710083008,15.06999969482422
2021-07-05,536.9914488816624,545.2107057523002,536.9914488816624,539.731201171875,28836816,3315.830078125,27.9379997253418,15.06999969482422
2021-07-06,543.3840385643211,544.2972890493032,537.9045356544289,540.644287109375,12997112,3307.919921875,27.968799591064453,16.440000534057617
2021-07-07,538.8178230054451,542.4708251953125,536.9913219105114,542.4708251953125,16966158,3261.72998046875,27.896900177001957,16.200000762939453
2021-07-08,543.384025210426,543.384025210426,536.9912719726562,536.9912719726562,21140426,3222.81005859375,27.88159942626953,19.0
2021-07-09,531.5116951302307,534.2514461360566,529.68519445968,533.3381958007812,29029415,3278.389892578125,27.959999084472656,16.18000030517578
2021-07-12,543.384057184898,545.2105582174523,538.8178046035123,541.5575561523438,31304547,3319.0,27.951000213623047,16.170000076293945
2021-07-13,547.9503248236717,555.256329154654,547.0370742822989,554.3430786132812,52540315,3300.81005859375,27.959199905395508,17.1200008392334
2021-07-14,559.8225708007812,561.6490718474396,555.2563181841355,559.8225708007812,38418875,3289.179931640625,28.01919937133789,16.329999923706055
2021-07-15,559.8225283545081,560.7357788085938,555.2562760840798,560.7357788085938,22012834,3217.739990234375,27.96660041809082,17.010000228881836
2021-07-16,539.7311032461998,543.3841056370371,536.991351453072,537.9046020507812,57970545,3145.449951171875,27.87969970703125,18.450000762939453
2021-07-19,532.4251525459421,533.3384032364154,527.8588990935755,531.5119018554688,40644341,3147.510009765625,27.972000122070312,22.5
2021-07-20,528.7720098446241,533.3382620885327,528.7720098446241,530.5985107421875,15354333,3190.949951171875,28.077299118041992,19.729999542236328
2021-07-21,535.164837489984,535.164837489984,529.6853340344552,534.2515869140625,25828732,3288.75,27.999099731445312,17.90999984741211
2021-07-22,537.9046996450667,542.4709534620876,536.0781981182582,539.731201171875,26058172,3259.419921875,27.961599349975582,17.690000534057617
2021-07-23,540.6443409455128,540.6443409455128,532.4250857622196,534.2515869140625,15271451,3280.06005859375,27.99570083618164,17.200000762939453
2021-07-26,539.7311206686086,539.7311206686086,529.6853637695312,529.6853637695312,21619179,3276.919921875,28.018299102783203,17.579999923706055
2021-07-27,530.5986143967201,533.3383662782867,529.6853637695312,529.6853637695312,17785992,3215.969970703125,28.047199249267575,19.36000061035156
2021-07-28,526.0322215025907,528.77197265625,523.2924703489314,528.77197265625,36158305,3272.449951171875,28.02389907836914,18.309999465942383
2021-07-29,534.2515498532644,534.2515498532644,526.945545752707,532.425048828125,23224896,3333.239990234375,27.89900016784668,17.700000762939453
2021-07-30,530.5986143967201,531.511865023909,527.8588625151535,529.6853637695312,18999281,3356.530029296875,27.84499931335449,18.239999771118164
2021-08-02,532.4251166909428,538.81787109375,529.6853648040254,538.81787109375,23482491,3377.489990234375,27.92410087585449,19.459999084472656
2021-08-03,542.4708251953125,542.4708251953125,538.8178230054451,542.4708251953125,22747702,3396.659912109375,27.920900344848636,18.040000915527344
2021-08-04,546.1238032603424,546.1238032603424,542.470801231845,544.2973022460938,20313271,3436.89990234375,27.85029983520508,17.969999313354492
2021-08-05,546.1238032603424,546.1238032603424,541.5575507247207,544.2973022460938,15116242,3424.4599609375,27.71470069885254,17.280000686645508
2021-08-06,544.297454988896,544.297454988896,536.9914488816624,539.731201171875,13687213,3412.050048828125,27.72640037536621,16.149999618530273
2021-08-09,538.8179018677783,543.3841552734375,532.4251470998555,543.3841552734375,17390951,3399.760009765625,27.82229995727539,16.719999313354492
2021-08-10,544.297454988896,544.297454988896,537.9046996450667,539.731201171875,17190865,3358.8701171875,27.785600662231445,16.790000915527344
2021-08-11,538.81787109375,538.81787109375,534.2516179488878,538.81787109375,19969687,3350.929931640625,27.82620048522949,16.170000076293945
2021-08-12,535.164794921875,536.9912959284343,533.3382939153157,535.164794921875,15444622,3312.9599609375,27.79150009155273,15.59000015258789
2021-08-13,534.2515125373145,534.2515125373145,528.7720098446241,530.5985107421875,22524428,3335.0400390625,27.796499252319336,15.449999809265137
2021-08-16,531.5116951302307,535.1646964713319,527.8586937891295,533.3381958007812,19315705,3322.639892578125,27.808000564575195,16.1200008392334
2021-08-17,533.3381958007812,533.3381958007812,533.3381958007812,533.3381958007812,0,3256.820068359375,27.78969955444336,17.90999984741211
2021-08-18,518.7262469035824,525.1189999464082,516.8997460342035,524.2057495117188,43716164,3208.830078125,27.89940071105957,21.56999969482422
2021-08-19,523.292650908605,523.292650908605,510.5071411132813,510.5071411132813,38868947,3235.8701171875,27.842199325561523,21.670000076293945
2021-08-20,511.4203544284987,514.1601063272227,503.2010987323264,504.1143493652344,45614061,3256.5,28.01799964904785,18.559999465942383
2021-08-23,511.420277302341,522.379283244534,510.50702680715824,516.8997802734375,33685159,3342.010009765625,27.97100067138672,17.149999618530273
2021-08-24,524.2057734135981,525.1190238899285,521.4660219846072,522.3792724609375,24844800,3345.389892578125,27.901199340820312,17.219999313354492
2021-08-25,528.7720834585336,534.2515869140625,524.2058305789263,534.2515869140625,27504657,3372.550048828125,27.89310073852539,16.790000915527344
2021-08-26,548.8635790275805,550.6900801225142,539.731073552912,542.4708251953125,43822008,3370.389892578125,27.884899139404297,18.84000015258789
2021-08-27,544.2972968456543,547.950298837907,541.5575453514647,547.0370483398438,27105651,3436.449951171875,27.91659927368164,16.389999389648438
2021-08-30,549.7767283542097,552.5164794921875,547.0369772162319,552.5164794921875,36575609,3446.43994140625,27.87299919128418,16.190000534057617
2021-08-31,551.6032742677371,560.7357788085938,546.1237715432233,560.7357788085938,52721470,3417.719970703125,27.72920036315918,16.479999542236328
2021-09-01,560.7358213241105,560.7358213241105,555.2563181841355,559.8225708007812,30092045,3399.949951171875,27.568700790405277,16.110000610351562
2021-09-02,559.822581861518,561.6490829442636,554.3430786132812,554.3430786132812,24112463,3411.320068359375,27.671600341796875,16.40999984741211
2021-09-03,557.0828867266255,566.2153930664062,557.0828867266255,566.2153930664062,51562454,3430.889892578125,27.62660026550293,16.40999984741211
2021-09-06,568.9550435932238,582.6538006620815,567.1285426507094,576.2610473632812,55589014,3430.889892578125,27.60700035095215,16.40999984741211
2021-09-07,579.0008339185393,579.0008339185393,568.955078125,568.955078125,26526056,3419.72998046875,27.533100128173828,18.13999938964844
2021-09-08,568.041875836152,572.608128857343,558.9093697937702,565.3021240234375,37817737,3377.679931640625,27.59119987487793,17.959999084472656
2021-09-09,558.9093697937702,566.2153746276757,557.0828685852938,565.3021240234375,18735512,3390.840087890625,27.670700073242188,18.799999237060547
2021-09-10,561.6490556036161,568.9550595789477,560.7358051066997,568.0418090820312,16304725,3416.659912109375,27.629600524902344,20.950000762939453
2021-09-13,565.3019883566756,566.215238741743,559.8224860462716,561.6489868164062,15198774,3449.679931640625,27.65049934387207,19.3700008392334
2021-09-14,564.3888234174271,564.3888234174271,558.9093202774521,559.8225708007812,14441901,3449.389892578125,27.63940048217773,19.459999084472656
2021-09-15,557.0828302373997,559.822581861518,554.3430786132812,554.3430786132812,23433501,3465.760009765625,27.63559913635254,18.18000030517578
2021-09-16,553.1961895751954,556.8658160400391,549.5265631103516,550.4439697265625,22467022,3473.60009765625,27.612699508666992,18.690000534057617
2021-09-17,550.4439697265625,559.6180358886719,549.5265631103516,550.4439697265625,40717715,3421.159912109375,27.69300079345703,20.809999465942383
2021-09-22,537.6004638671875,540.3526846719683,534.8482430624067,537.6004638671875,40642293,3412.02001953125,27.718599319458008,20.8700008392334
2021-09-23,539.4351196289062,544.022152959084,539.4351196289062,539.4351196289062,21696296,3457.449951171875,27.70389938354492,18.6299991607666
2021-09-24,542.1874054873667,548.6092529296875,541.2699987098923,548.6092529296875,16736973,3453.919921875,27.684999465942383,17.75
2021-09-27,550.4441777733077,552.2789916992188,544.0223290326192,552.2789916992188,19464241,3445.43994140625,27.726999282836918,18.76000022888184
2021-09-28,545.8569818875606,546.7743885798085,543.1047618108165,544.9395751953125,16707080,3314.389892578125,27.654199600219727,23.25
2021-09-29,532.0958862304688,534.8481063316608,529.3436661292767,532.0958862304688,49310524,3263.840087890625,27.738100051879883,22.559999465942383
2021-09-30,532.0958862304688,536.6829197324556,527.508852728482,532.0958862304688,30465107,3258.090087890625,27.812400817871094,23.13999938964844
2021-10-01,531.1786487326805,531.1786487326805,523.8393927916417,526.5916137695312,36704493,3261.179931640625,27.836599349975582,21.100000381469727
2021-10-04,526.5915275520379,527.508934394463,522.0044933399121,524.7567138671875,20957803,3180.06005859375,27.753999710083008,22.959999084472656
2021-10-05,515.582645442936,524.7567138671875,513.7478317580857,524.7567138671875,33824024,3227.25,27.882299423217773,21.299999237060547
2021-10-06,525.6741693232815,526.5915762505473,518.3349139051554,523.83935546875,32508846,3238.7900390625,27.871000289916992,21.0
2021-10-07,527.508852728482,533.9306996312635,524.7566326272898,532.0958862304688,27933054,3274.47998046875,27.951000213623047,19.540000915527344
2021-10-08,533.9306969684103,534.8481036642323,525.6740367060122,527.5088500976562,18279079,3246.27001953125,27.9685001373291,18.770000457763672
2021-10-12,522.9218166185461,527.5088500976562,517.4173764436141,527.5088500976562,26522907,3178.14990234375,28.042999267578125,19.850000381469727
2021-10-13,524.7567623960157,527.508983177813,522.9219485414842,523.83935546875,18914374,3192.75,28.128700256347656,18.63999938964844
2021-10-14,531.178512812909,531.178512812909,525.674072265625,525.674072265625,13916927,3291.239990234375,27.999500274658203,16.860000610351562
2021-10-15,543.104716796875,550.4439697265625,537.6002770996095,550.4439697265625,53150216,3314.409912109375,27.98889923095703,16.299999237060547
2021-10-18,554.1137149099576,554.1137149099576,541.27001953125,541.27001953125,19158568,3338.780029296875,28.0,16.309999465942383
2021-10-19,548.6091564941406,550.4439697265625,544.022123413086,550.4439697265625,17386359,3381.449951171875,27.949199676513672,15.699999809265137
2021-10-20,553.1962868170594,554.1136935945339,547.6918461522131,548.6092529296875,16372520,3374.219970703125,27.8262996673584,15.489999771118164
2021-10-21,552.2790394213375,553.1964464635657,545.8571901257407,546.7745971679688,16169014,3412.050048828125,27.80599975585937,15.010000228881836
2021-10-22,550.4439697265625,552.2787829589844,544.9395300292969,550.4439697265625,13995403,3370.280029296875,27.818500518798828,15.43000030517578
2021-10-25,547.6917209979052,547.6917209979052,541.2698750230554,544.0220947265625,16785568,3392.389892578125,27.83699989318848,15.239999771118164
2021-10-26,545.8572270515964,550.4442625730384,544.0224128430197,549.52685546875,19998808,3392.9599609375,27.80620002746582,15.979999542236328
2021-10-27,548.6094483644616,549.52685546875,544.939819947308,549.52685546875,14961858,3360.2900390625,27.796300888061523,16.979999542236328
2021-10-28,548.6093374556854,548.6093374556854,542.1874890239299,545.8571166992188,16570044,3438.830078125,27.762500762939453,16.530000686645508
2021-10-29,545.8570535950741,546.774460407839,540.3526127184851,541.27001953125,25763960,3451.27001953125,27.72330093383789,16.260000228881836
2021-11-01,542.1874263440149,544.0222399695444,541.27001953125,541.27001953125,16089351,3506.280029296875,27.816699981689453,16.40999984741211
2021-11-02,544.9397945919552,547.692015776763,541.2701663455448,543.10498046875,15192404,3548.860107421875,27.80109977722168,16.030000686645508
2021-11-03,547.692015776763,547.692015776763,543.10498046875,543.10498046875,10224009,3590.169921875,27.85849952697754,15.100000381469728
2021-11-04,543.1048565268313,544.9396702313139,536.6830085611425,538.517822265625,17932145,3715.760009765625,27.789499282836918,15.4399995803833
2021-11-05,548.6091564941406,550.4439697265625,545.8569366455079,550.4439697265625,33270827,3756.550048828125,27.874099731445312,16.479999542236328
2021-11-08,550.4441777733077,552.2789916992188,548.6093638473967,552.2789916992188,19752355,3803.330078125,27.83009910583496,17.219999313354492
2021-11-09,560.53564453125,566.0400862124079,559.6182375843904,560.53564453125,39538660,3800.570068359375,27.80120086669922,17.780000686645508
2021-11-10,560.5355351267298,561.4529418945312,557.7833148233251,561.4529418945312,16027674,3693.02001953125,27.731300354003903,18.729999542236328
2021-11-11,550.444227161974,555.9486694335938,550.444227161974,555.9486694335938,18463848,3764.489990234375,27.75900077819824,17.65999984741211
2021-11-12,559.6181493089689,560.5355561111147,552.278894891802,554.1137084960938,15821327,3794.5,27.801700592041016,16.290000915527344
2021-11-15,558.7007319801733,560.5355455498947,556.8659184104519,557.7833251953125,15551452,3793.75,27.781299591064453,16.489999771118164
2021-11-16,561.4530389504355,561.4530389504355,557.783411244877,559.6182250976562,20917108,3859.39990234375,27.752500534057617,16.3700008392334
2021-11-17,564.2052597296042,564.2052597296042,557.783411244877,559.6182250976562,19717852,3831.43994140625,27.80069923400879,17.110000610351562
2021-11-18,562.370361328125,563.2877681165885,556.865920597344,562.370361328125,20030651,3899.9599609375,27.740699768066406,17.59000015258789
2021-11-19,570.6270246289695,571.5444314209774,566.0399906689295,566.9573974609375,35554348,3912.02001953125,27.806400299072266,17.90999984741211
2021-11-22,566.9572980182927,566.9572980182927,564.205078125,564.205078125,20312168,3847.1201171875,27.792999267578125,19.170000076293945
2021-11-23,564.2051621979358,564.2051621979358,560.5355351267298,561.4529418945312,19431694,3834.429931640625,27.769500732421875,19.3799991607666
2021-11-24,561.4530120394123,561.4530120394123,552.2789432152389,553.1963500976562,20391940,3870.010009765625,27.751399993896484,18.57999992370605
2021-11-25,555.0311638624909,556.8659776273256,551.3615363328215,553.1963500976562,11888265,3870.010009765625,27.7677001953125,18.57999992370605
2021-11-26,548.609411252425,551.3616323791094,543.1049689990563,546.7745971679688,26588102,3757.1298828125,27.76469993591309,28.6200008392334
2021-11-29,544.9395012943982,548.6091275657409,542.1872815908911,544.0220947265625,23379558,3910.5400390625,27.853900909423828,22.959999084472656
2021-11-30,547.692004210197,550.4442253368813,542.1875619568281,546.7745971679688,62021697,3833.219970703125,27.7455997467041,27.190000534057617
2021-12-01,546.7743432617187,553.1961895751954,544.9395300292969,550.4439697265625,21403404,3810.75,27.57869911193848,31.1200008392334
2021-12-02,555.0310118140244,564.205078125,552.2787919207317,564.205078125,45125742,3810.820068359375,27.60449981689453,27.950000762939453
2021-12-03,563.2877659044768,563.2877659044768,555.9485116255911,557.7833251953125,23045832,3804.5400390625,27.678699493408203,30.670000076293945
2021-12-06,553.1961895751954,558.700629272461,550.4439697265625,550.4439697265625,23589363,3800.070068359375,27.65719985961914,27.18000030517578
2021-12-07,552.2789324740012,556.865966796875,547.6918981511275,556.865966796875,18606530,3988.75,27.65920066833496,21.88999938964844
2021-12-08,563.2878752546849,563.2878752546849,552.2789916992188,552.2789916992188,20801543,3964.43994140625,27.742599487304688,19.899999618530277
2021-12-09,555.9485116255911,557.7833251953125,552.2788844861483,557.7833251953125,11039070,3879.52001953125,27.630699157714844,21.57999992370605
2021-12-10,555.0310668945312,557.7832870609504,552.2788467281121,555.0310668945312,10497451,3914.669921875,27.68560028076172,18.690000534057617
2021-12-13,558.7007659556664,559.6181727963161,551.3615112304688,551.3615112304688,17711657,3814.429931640625,27.63599967956543,20.309999465942383
2021-12-14,548.6094483644616,550.4442625730384,547.6920412601733,549.52685546875,22579034,3794.409912109375,27.745899200439453,21.88999938964844
2021-12-15,547.6917498779297,551.3613763427735,546.7743432617187,550.4439697265625,21827730,3934.4599609375,27.78420066833496,19.290000915527344
2021-12-16,557.5867919921875,557.5867919921875,553.900267747611,557.5867919921875,21809022,3766.320068359375,27.73970031738281,20.56999969482422
2021-12-17,553.9002069162183,559.4299926757812,552.056944996364,559.4299926757812,24105733,3761.0400390625,27.757699966430664,21.56999969482422
2021-12-20,559.4299935943706,559.4299935943706,551.1353149414062,551.1353149414062,21381070,3732.389892578125,27.82719993591309,22.8700008392334
2021-12-21,550.2136840820312,552.9785769668656,548.3704221588084,550.2136840820312,17001461,3857.300048828125,27.815399169921875,21.01000022888184
2021-12-22,551.13525390625,553.900146484375,551.13525390625,552.978515625,9831802,3891.919921875,27.730199813842773,18.6299991607666
2021-12-23,559.4301761841224,560.3518074463697,554.8220198728858,558.508544921875,16654439,3932.389892578125,27.711000442504883,17.959999084472656
2021-12-24,558.5083620185094,561.2732548997892,556.6651000976562,556.6651000976562,11059689,3932.389892578125,27.62470054626465,17.959999084472656
2021-12-27,556.6652823973803,562.1950699708643,556.6652823973803,558.508544921875,16259872,4039.510009765625,27.67930030822754,17.68000030517578
2021-12-28,562.19482421875,566.802978515625,562.19482421875,566.802978515625,33892718,3992.18994140625,27.68370056152344,17.540000915527344
2021-12-29,566.8031003877715,570.4896246179358,565.8814693302303,567.7247314453125,24518766,3999.35009765625,27.53499984741211,16.950000762939453
2021-12-30,570.489501953125,571.4111328125,566.802978515625,566.802978515625,19681276,3952.0400390625,27.61739921569824,17.329999923706055
2022-01-03,570.4895618275493,582.470764256884,569.5679308714466,581.5491333007812,69089158,4027.219970703125,27.70210075378418,16.600000381469727
2022-01-04,594.4520243202768,604.5899658203125,593.530393274819,604.5899658203125,79434666,4009.0,27.62470054626465,16.90999984741211
2022-01-05,616.5711705603966,616.5711705603966,595.3736564753606,599.0601806640625,69593809,3879.8701171875,27.515499114990234,19.729999542236328
2022-01-06,588.0006696807671,595.3737188303693,586.1574073933666,593.5304565429688,53210211,3909.0400390625,27.596399307250977,19.61000061035156
2022-01-07,592.6088282828828,595.3737217274374,582.470885652849,584.3141479492188,38249908,3796.320068359375,27.6200008392334,18.76000022888184
2022-01-10,578.7841796875,594.451904296875,577.862548828125,592.608642578125,38289770,3805.389892578125,27.65800094604492,19.399999618530277
2022-01-11,595.3737168553787,599.9818725585938,588.9222988708777,599.9818725585938,33196585,3875.43994140625,27.598899841308597,18.40999984741211
2022-01-12,605.5116568825462,608.2765502929688,599.0602389248935,608.2765502929688,38860063,3901.2099609375,27.62700080871582,17.6200008392334
2022-01-13,606.4331662268935,610.1196900337438,603.6682733717556,609.1980590820312,38137411,3811.840087890625,27.59860038757324,20.309999465942383
2022-01-14,620.2577517373221,620.2577517373221,609.1981781550816,619.3361206054688,95200777,3900.610107421875,27.56599998474121,19.190000534057617
2022-01-17,631.317138671875,634.08203125,624.86572265625,629.473876953125,59614236,3900.610107421875,27.538000106811523,19.190000534057617
2022-01-18,624.8657851665762,627.6306780212956,610.1196899414062,610.1196899414062,43593330,3727.239990234375,27.4237003326416,22.790000915527344
2022-01-19,600.9035028580132,608.2765519728355,599.9818717186604,602.7467651367188,40381333,3612.18994140625,27.51619911193848,23.850000381469727
2022-01-20,599.0602414179507,605.5116594024518,595.3737168553787,599.9818725585938,46474584,3494.75,27.54759979248047,25.59000015258789
2022-01-21,593.5303960791244,595.3736581787491,587.0789787304383,590.7655029296875,49577684,3434.7900390625,27.615699768066406,28.850000381469727
2022-01-24,588.9222385938099,603.6683353348129,587.0789765011845,601.8250732421875,47134502,3479.949951171875,27.691200256347656,29.899999618530277
2022-01-25,592.6087650293122,594.4520271289367,588.0006097802507,590.7655029296875,52318736,3350.85009765625,27.66390037536621,31.15999984741211
2022-01-26,585.235656642314,590.7654423743674,585.235656642314,586.1572875976562,29957189,3407.0,27.697999954223636,31.959999084472656
2022-02-07,593.5304591381644,593.5304591381644,581.5492542176735,585.2357788085938,56836469,3452.330078125,27.799999237060547,22.86000061035156
2022-02-08,594.4519669842568,594.4519669842568,578.7842407226562,578.7842407226562,39718217,3535.1298828125,27.826000213623047,21.440000534057617
2022-02-09,585.2358406151263,587.0791031052528,580.6276843898104,583.392578125,30048791,3653.719970703125,27.805200576782227,19.959999084472656
2022-02-10,588.9223595194529,598.138671875,587.0790970483436,598.138671875,34587133,3536.10009765625,27.78070068359375,23.90999984741211
2022-02-11,595.3736564753606,599.0601806640625,591.6871322866587,599.0601806640625,26723278,3365.25,27.826400756835938,27.36000061035156
2022-02-14,589.8439339678179,590.7655651146426,585.2357782336943,587.0790405273438,27826382,3370.199951171875,27.9060001373291,28.32999992370605
2022-02-15,583.392578125,588.9223655953791,583.392578125,583.392578125,21970460,3554.449951171875,27.861799240112305,25.700000762939453
2022-02-16,594.4519652375496,595.3735961914062,589.8438104682663,595.3735961914062,25191741,3555.68994140625,27.82069969177246,24.290000915527344
2022-02-17,593.5303343780281,595.3735962860344,590.7654415160187,594.4519653320312,18135080,3422.60009765625,27.810800552368164,28.11000061035156
2022-02-18,588.0006716741685,588.9223028209932,586.1574093805191,587.0790405273438,20804191,3384.300048828125,27.836700439453125,27.75
2022-02-21,583.3923951161058,586.1572879839547,582.4707641601562,582.4707641601562,23797502,3384.300048828125,27.8700008392334,27.75
2022-02-22,578.784424217504,580.627686715012,576.0195304712421,577.86279296875,34086593,3356.070068359375,27.812400817871094,28.809999465942383
2022-02-23,575.0978390625,579.7059948242188,574.1762079101562,576.0194702148438,31953054,3277.800048828125,27.837400436401367,31.020000457763672
2022-02-24,569.5679335436284,570.489564504055,556.6651000976562,556.6651000976562,73663161,3399.159912109375,27.872699737548828,30.31999969482422
2022-02-25,552.97857625595,561.2732548997892,552.97857625595,556.6651000976562,89012516,3452.669921875,28.06719970703125,27.59000015258789
2022-03-01,552.0569452955233,562.1948858602158,552.0569452955233,556.6651000976562,66720867,3304.85009765625,27.97559928894043,33.31999969482422
2022-03-02,553.9002075195312,557.5867313632552,552.9785765586003,553.9002075195312,40693457,3416.159912109375,28.04680061340332,30.739999771118164
2022-03-03,555.7435916127556,559.4301162669033,553.9003292856819,554.8219604492188,33792420,3339.760009765625,27.97050094604492,30.479999542236328
2022-03-04,548.3705444335938,550.2138067678243,545.6056509322478,548.3705444335938,55917115,3258.919921875,28.050500869750977,31.979999542236328
2022-03-07,534.5460213555231,535.4676524268257,529.9378659990099,530.8594970703125,86496560,3098.929931640625,28.125999450683597,36.45000076293945
2022-03-08,517.0349729277101,525.3296516377803,517.0349729277101,518.8782348632812,79029914,3156.8701171875,28.27589988708496,35.130001068115234
2022-03-09,522.564697265625,528.094482421875,522.564697265625,523.486328125,52155415,3282.179931640625,28.30340003967285,32.45000076293945
2022-03-10,539.154052734375,542.840576171875,536.38916015625,540.997314453125,45630467,3211.070068359375,28.26799964904785,30.229999542236328
2022-03-11,535.467529296875,536.38916015625,529.01611328125,529.937744140625,38943098,3144.14990234375,28.30069923400879,30.75
2022-03-14,529.0161745298159,531.7810674280554,527.1729125976562,527.1729125976562,33919577,3047.5,28.410999298095703,31.770000457763672
2022-03-15,517.9566044414343,518.8782354101912,514.2700805664062,514.2700805664062,74092231,3180.239990234375,28.51099967956543,29.82999992370605
2022-03-16,522.3743738974295,523.3005695958292,514.0386126118321,516.8171997070312,43438327,3340.070068359375,28.51889991760254,26.670000076293945
2022-03-17,535.3410550146988,539.972032999255,532.5624682239651,539.0458374023438,60959900,3364.550048828125,28.378999710083008,25.670000076293945
2022-03-18,539.0459467613758,539.0459467613758,533.4887720524957,538.1197509765625,46242430,3432.300048828125,28.17799949645996,23.8700008392334
2022-03-21,539.972084331838,545.5292584415996,539.972084331838,542.7506713867188,21400273,3423.239990234375,28.356000900268555,23.530000686645508
2022-03-22,534.414932591224,542.7506941047786,534.414932591224,539.9721069335938,20246949,3445.85009765625,28.40999984741211,22.940000534057617
2022-03-23,546.4554443359375,546.4554443359375,542.7506616624735,546.4554443359375,25902069,3360.320068359375,28.46739959716797,23.56999969482422
2022-03-24,543.6768094496881,548.3077873836718,541.8244182760945,547.381591796875,20060758,3532.719970703125,28.55970001220703,21.670000076293945
2022-03-25,552.9387336654409,553.8649291992188,551.0863425978849,553.8649291992188,26122381,3525.340087890625,28.651500701904297,20.809999465942383
2022-03-28,538.1196674712717,542.7506456767043,537.1934718301851,540.8982543945312,26391576,3547.169921875,28.66900062561035,19.6299991607666
2022-03-29,542.750466727239,545.529052734375,540.898076055815,545.529052734375,14892032,3625.580078125,28.783700942993164,18.899999618530277
2022-03-30,554.7910896809896,555.71728515625,552.9386987304688,555.71728515625,41230239,3508.6201171875,28.62829971313477,19.32999992370605
2022-03-31,557.5696982634527,557.5696982634527,550.1601341669284,552.938720703125,22700114,3429.0,28.52560043334961,20.559999465942383
2022-04-01,541.824271391527,545.529052734375,540.898076055815,545.529052734375,29732696,3366.639892578125,28.615699768066406,19.6299991607666
2022-04-06,535.341064453125,537.1934556796064,532.5624776134028,535.341064453125,37645873,3193.9599609375,28.653200149536133,22.100000381469727
2022-04-07,528.8577854978744,530.710177040774,524.226806640625,524.226806640625,42904743,3197.43994140625,28.725400924682617,21.549999237060547
2022-04-08,525.1528930664062,527.9314798022074,524.2266974878058,525.1528930664062,28024587,3120.159912109375,28.7987003326416,21.15999984741211
2022-04-11,521.4481781990297,524.2267652942288,516.8171997070312,516.8171997070312,36820094,3055.090087890625,28.891000747680664,24.3700008392334
2022-04-12,513.1123434782456,522.3742991366977,511.2599523465552,515.8909301757812,30671407,3047.469970703125,29.0310001373291,24.26000022888184
2022-04-13,522.3742624652323,533.4886084751308,521.4480669644074,530.7100219726562,35865970,3119.320068359375,29.038000106811523,21.81999969482422
2022-04-14,534.4148039759558,535.3409994767807,530.7100219726562,530.7100219726562,19056590,3028.219970703125,28.86669921875,22.700000762939453
2022-04-15,520.5220336914062,524.2268168493522,519.5958379019197,520.5220336914062,28253360,3028.219970703125,28.96619987487793,22.700000762939453
2022-04-18,517.7433120265151,524.2266808712121,516.8171164772727,519.595703125,15800959,3085.18994140625,29.11100006103516,22.170000076293945
2022-04-19,524.2267327502766,527.0053196729813,521.4481458275719,523.300537109375,16614705,3153.22998046875,29.214000701904297,21.3700008392334
2022-04-20,527.9313354492188,527.9313354492188,520.5217728464227,527.9313354492188,27606307,3142.199951171875,29.253700256347656,20.31999969482422
2022-04-21,528.8577109547844,528.8577109547844,523.300537109375,523.300537109375,18383650,3058.739990234375,29.16349983215332,22.68000030517578
2022-04-22,516.8171997070312,517.743395405431,515.8910040086316,516.8171997070312,29283846,2989.830078125,29.28899955749512,28.209999084472656
2022-04-25,509.4075846279779,511.2599758448069,505.7028021943199,506.6289978027344,43389591,3042.389892578125,29.31100082397461,27.020000457763672
2022-04-26,509.40754090473325,510.333736433651,503.8503677312271,505.7027587890625,35825421,2909.1201171875,29.193700790405277,33.52000045776367
2022-04-27,490.88373800647577,492.7361294706511,487.178955078125,487.178955078125,55941533,2894.909912109375,29.30069923400879,31.600000381469727
2022-04-28,490.88364940578657,492.7360405356197,484.4002804513705,491.8098449707031,45380836,3056.360107421875,29.37470054626465,29.989999771118164
2022-04-29,506.62915912614,506.62915912614,495.5148082860784,498.29339599609375,36664644,2919.739990234375,29.452699661254883,33.400001525878906
2022-05-03,498.2932139251192,500.14560505495234,490.88364940578657,491.8098449707031,26317509,3044.889892578125,29.484600067138672,29.25
2022-05-04,493.6622748214208,497.36705737167534,490.8836879087298,494.5884704589844,16569622,3163.7900390625,29.422100067138672,25.420000076293945
2022-05-05,502.9242731073246,503.85046882207104,499.2194902483388,501.9980773925781,20374772,3005.530029296875,29.239999771118164,31.200000762939453
2022-05-06,489.03131103515625,491.8098980296742,487.1789197054776,489.03131103515625,32467268,2982.06005859375,29.6067008972168,30.190000534057617
2022-05-09,484.4003215496357,485.326517193134,481.6217346191406,481.6217346191406,23709774,2829.10009765625,29.649999618530277,34.75
2022-05-10,468.6549406898528,480.6954826443352,467.7287451548926,479.769287109375,41679907,2900.1298828125,29.750999450683597,32.9900016784668
2022-05-11,479.7692954270259,487.17885983516527,479.7692954270259,482.5478820800781,27157254,2811.93994140625,29.641700744628903,32.560001373291016
2022-05-12,477.9169733330755,479.7693647025835,467.7288208007813,467.7288208007813,32532963,2827.2099609375,29.68899917602539,31.770000457763672
2022-05-13,469.581137043156,476.064505799176,468.65494150658174,473.2859191894531,29074177,2970.3701171875,29.82150077819824,28.8700008392334
2022-05-16,482.547930262639,485.326517193134,479.76934333214393,481.6217346191406,21163106,2920.06005859375,29.78199958801269,27.46999931335449
2022-05-17,482.54787660994623,493.66222309616376,481.62168106942806,490.8836364746094,24496974,3066.5,29.71190071105957,26.100000381469727
2022-05-18,501.0719837061092,501.0719837061092,494.5886123827399,498.29339599609375,30568176,2907.9599609375,29.60580062866211,30.959999084472656
2022-05-19,484.4002861519882,488.105068455254,481.62169942453903,483.4740905761719,29019751,2890.330078125,29.74020004272461,29.350000381469727
2022-05-20,485.3264632315006,492.7360275556457,484.4002676909825,490.8836364746094,22651205,2882.64990234375,29.600500106811523,29.43000030517578
2022-05-23,493.6622893593528,494.5884850241921,489.03131103515625,489.03131103515625,17054170,2898.429931640625,29.71299934387207,28.479999542236328
2022-05-24,490.8836910541241,491.80988669762246,481.6217346191406,481.6217346191406,17802308,2827.050048828125,29.489999771118164,29.450000762939453
2022-05-25,483.4741163180985,489.95748569401167,481.62172506783753,485.3265075683594,22176476,2882.929931640625,29.531700134277344,28.3700008392334
2022-05-26,484.4002741357232,486.2526652414047,475.1383186073155,476.06451416015625,28327403,2994.610107421875,29.40999984741211,27.5
2022-05-27,485.3264632315006,490.8836364746094,483.47407215046434,490.8836364746094,27866643,3115.35009765625,29.3129997253418,25.71999931335449
2022-05-30,498.2932373270038,506.6289978027344,497.3670417185893,506.6289978027344,34476433,3115.35009765625,29.29599952697754,25.71999931335449
2022-05-31,501.9978570120675,518.6693725585938,500.14546639578685,518.6693725585938,72405873,3098.68994140625,28.83099937438965,26.190000534057617
2022-06-01,509.407610450286,514.0385887271068,507.5552191395577,508.4814147949219,29155176,3049.030029296875,28.991500854492188,25.690000534057617
2022-06-02,503.8502893518518,504.7764847366898,500.1455078125,500.1455078125,21420890,3157.97998046875,29.12829971313477,24.71999931335449
2022-06-06,501.071703197338,503.8502893518518,498.29311704282406,500.1455078125,17615003,3062.739990234375,29.36100006103516,25.06999969482422
2022-06-07,495.51458740234375,498.2931738737588,492.7360009309288,495.51458740234375,19497532,3092.969970703125,29.38129997253418,24.020000457763672
2022-06-08,499.2195155760821,504.7766901465023,498.2933198143454,503.8504943847656,18835521,3019.10009765625,29.405000686645508,23.959999084472656
2022-06-09,498.2932514747719,501.9980340136177,497.3670558400604,501.0718383789063,16338602,2937.7900390625,29.438800811767575,26.09000015258789
2022-06-10,490.8836364746094,493.66222309616376,489.95744093409127,490.8836364746094,21357130,2831.97998046875,29.5856990814209,27.75
2022-06-13,479.7693836300872,480.6955793513808,476.9907964662064,477.9169921875,32854092,2673.0,29.642000198364254,34.02000045776367
2022-06-14,469.58113249840096,476.0645011916727,469.58113249840096,475.1383056640625,36304444,2689.889892578125,29.68869972229004,32.689998626708984
2022-06-15,470.5073067116128,476.9906751111823,470.5073067116128,471.4335021972656,35680283,2737.550048828125,29.577699661254883,29.6200008392334
2022-06-16,479.581789332112,480.5130161075142,472.13197512889474,473.0632019042969,26909199,2566.860107421875,29.405000686645508,32.95000076293945
2022-06-17,465.1478069556688,468.40710089830105,464.6821935352927,466.5446472167969,43566737,2578.5400390625,29.69599914550781,31.1299991607666
2022-06-20,465.6133383632185,467.4757917166714,460.9572049795863,463.7508850097656,34209693,2578.5400390625,29.70199966430664,31.1299991607666
2022-06-21,466.544533244218,470.2694396972656,464.68208001769415,470.2694396972656,33223685,2649.3701171875,29.702999114990234,30.190000534057617
2022-06-22,466.544612194096,468.407065735789,460.49163818359375,460.49163818359375,31034893,2619.7099609375,29.724000930786133,28.950000762939453
2022-06-23,458.1635387668158,459.5603788240317,451.6449518331416,452.1105651855469,43548940,2602.739990234375,29.67169952392578,29.049999237060547
2022-06-24,455.83542789094616,458.6291077350174,452.1105214321846,453.041748046875,27911980,2718.469970703125,29.613100051879883,27.229999542236328
2022-06-27,461.8885161343405,471.2007846047909,461.422902710818,464.2165832519531,37909718,2713.47998046875,29.694000244140625,26.950000762939453
2022-06-28,461.8885295618719,465.61343705833855,461.8885295618719,463.2853698730469,15274062,2642.070068359375,29.43000030517578,28.36000061035156
2022-06-29,461.88843320392056,464.21649990353706,457.2322998046875,457.2322998046875,30533789,2583.97998046875,29.67099952697754,28.15999984741211
2022-06-30,451.1793741498675,453.0418277067297,443.2639465332031,443.2639465332031,46311432,2556.25,29.665000915527344,28.709999084472656
2022-07-01,439.0734221974702,441.4014891232256,421.3801135617291,422.3113403320313,61744377,2458.4599609375,29.65570068359375,26.700000762939453
2022-07-04,412.5334876320579,420.4489157243208,409.7398071289063,409.7398071289063,52445919,2458.4599609375,29.79599952697754,26.700000762939453
2022-07-05,418.5863806891335,420.4488339958704,403.2211409085535,415.32708740234375,50084244,2477.639892578125,29.690000534057617,27.540000915527344
2022-07-06,411.60229127798505,416.72403924637626,405.083702954578,405.54931640625,40549763,2494.110107421875,29.78070068359375,26.729999542236328
2022-07-07,411.60218072276297,427.4330338274846,408.3428874364968,426.03619384765625,48151202,2605.889892578125,29.788000106811523,26.07999992370605
2022-07-08,437.6765536649325,438.1421670198951,429.76112663056665,434.88287353515625,37897895,2618.02001953125,29.75200080871582,24.63999938964844
2022-07-11,435.8141059380073,438.1421727432317,429.295518883379,430.2267456054688,21941710,2553.68994140625,29.75200080871582,26.170000076293945
2022-07-12,426.501884282232,426.501884282232,418.5864562988281,418.5864562988281,23036423,2558.169921875,29.86319923400879,27.290000915527344
2022-07-13,438.1422424316406,440.47030960715415,433.9517215157163,438.1422424316406,44035695,2577.360107421875,29.864999771118164,26.81999969482422
2022-07-14,433.9516619551809,444.6607694927015,431.1579817280016,442.3327026367188,31936258,2626.919921875,29.766000747680664,26.399999618530277
2022-07-15,447.9200433256663,460.0259904425762,444.1951365204632,458.629150390625,51846909,2693.77001953125,29.918699264526367,24.229999542236328
2022-07-18,461.4228820800781,464.2165624963046,454.9042944422162,461.4228820800781,39179575,2679.570068359375,29.910999298095703,25.299999237060547
2022-07-19,453.9730064252243,459.0947531643807,453.0417797453777,457.2322998046875,19874865,2803.139892578125,29.81999969482422,24.5
2022-07-20,467.4758321742819,468.4070589316012,457.69795122242937,460.9572448730469,35436652,2872.9599609375,29.785999298095703,23.8799991607666
2022-07-21,461.88851301303646,466.5446472167969,460.0260593315323,466.5446472167969,22285593,2916.81005859375,29.880699157714844,23.11000061035156
2022-07-22,470.2694969101407,470.2694969101407,465.613363277367,468.4070434570313,25216400,2842.409912109375,29.880300521850582,23.030000686645508
2022-07-25,465.61344058902654,468.4071212325607,463.7509868266704,465.1478271484375,15245346,2825.030029296875,29.801000595092773,23.36000061035156
2022-07-26,465.14776528098366,465.14776528098366,457.2323378437697,460.9572448730469,18024265,2778.9599609375,29.827999114990234,24.690000534057617
2022-07-27,460.0259860217334,467.4757995605469,457.23230594467833,467.4757995605469,17166365,2911.0,29.920299530029297,23.239999771118164
2022-07-28,473.9944619428136,473.9944619428136,464.6821935352927,466.5446472167969,33844011,2944.5,29.85930061340332,22.32999992370605
2022-07-29,473.0631885341202,474.925642032286,469.3382815377885,473.9944152832031,29045617,2967.139892578125,29.915000915527344,21.32999992370605
2022-08-01,471.2007102360801,473.0631636362227,465.6133500356523,469.3382568359375,24117969,2978.320068359375,30.00200080871582,22.84000015258789
2022-08-02,460.0260277724848,461.8884813262196,454.9042804997142,458.16357421875,39838155,2974.75,30.167999267578125,23.93000030517578
2022-08-03,460.0260593315323,466.5446472167969,459.09483249078016,466.5446472167969,27603474,3053.4599609375,29.96629905700684,21.950000762939453
2022-08-04,464.68217651367183,468.4070837402343,460.9572692871093,465.6134033203125,26027618,3081.409912109375,29.941999435424805,21.440000534057617
2022-08-05,473.9944433759349,480.5130310058594,472.13198976738505,480.5130310058594,32784279,3053.389892578125,29.95170021057129,21.149999618530277
2022-08-08,474.9256628751755,479.5817968249321,473.99443608522415,476.7881164550781,19333128,3004.340087890625,29.94499969482422,21.290000915527344
2022-08-09,472.13194849350873,475.85685538497626,469.3382683249081,474.9256286621094,21164373,2866.89990234375,30.00069999694824,21.770000457763672
2022-08-10,465.6134033203125,468.4070837402343,465.14778991699217,465.6134033203125,20861380,2988.7099609375,30.027999877929688,19.739999771118164
2022-08-11,477.71940784973856,478.650634765625,474.9257271020792,478.650634765625,23740033,2978.699951171875,29.910400390625,20.200000762939453
2022-08-12,479.5817908281514,482.3754711630728,478.6505640498444,481.4442443847656,19535923,3067.840087890625,29.94930076599121,19.530000686645508
2022-08-15,484.2379054694969,487.9628124346469,483.3066787282094,487.0315856933594,21273166,3077.330078125,29.94300079345703,19.950000762939453
2022-08-16,489.8253308686756,489.8253308686756,487.0316502743676,488.8941040039063,20720414,3045.639892578125,29.98270034790039,19.690000534057617
2022-08-17,487.9628806648037,490.7565612792969,485.16920005031056,490.7565612792969,27143102,2970.1201171875,29.94379997253418,19.899999618530277
2022-08-18,484.2379150390625,485.169141798753,483.306688279372,484.2379150390625,17831084,3037.840087890625,29.935699462890625,19.559999465942383
2022-08-19,483.306640625,487.0315472964836,481.4441872892582,483.306640625,14022812,2953.340087890625,29.97369956970215,20.600000381469727
2022-08-22,475.8568896651268,478.6505700349808,474.9256628751755,476.7881164550781,11494000,2843.3701171875,30.101999282836918,23.799999237060547
2022-08-23,468.4070301358662,471.2007102360801,467.4758034357949,469.3382568359375,19191108,2864.31005859375,30.13170051574707,24.11000061035156
2022-08-24,469.338270183586,473.06317708980487,468.4070434570313,468.4070434570313,14363212,2866.179931640625,30.170000076293945,22.81999969482422
2022-08-25,470.2695215780904,474.9256554551012,469.33829480268827,473.0632019042969,9357138,2971.070068359375,30.20499992370605,21.780000686645508
2022-08-26,477.7193432450295,479.5817968249321,475.8568896651268,476.7881164550781,12914846,2798.43994140625,30.1879997253418,25.559999465942383
2022-08-29,462.8197429813856,467.47587721661074,461.8885161343405,464.2165832519531,26590824,2744.5,30.2810001373291,26.209999084472656
2022-08-30,463.2853289573424,465.6133959370275,461.8884887695313,461.8884887695313,24214535,2708.6298828125,30.368000030517575,26.209999084472656
2022-08-31,458.1634937248608,470.2694396972656,458.1634937248608,470.2694396972656,39357089,2677.389892578125,30.43670082092285,25.8700008392334
2022-09-01,460.9572748306695,461.4228882395893,456.3011407414708,456.7667541503906,39168672,2625.949951171875,30.33270072937012,25.559999465942383
2022-09-02,454.4386693580863,455.8355095302936,451.6449890136719,451.6449890136719,29982959,2599.260009765625,30.548200607299805,25.46999931335449
2022-09-05,451.6450060934688,454.4386865435314,450.7137792767812,452.57623291015625,15903415,2599.260009765625,30.613000869750977,25.46999931335449
2022-09-06,454.9042596797514,457.69793988249296,453.041806211257,455.369873046875,16700285,2571.469970703125,30.68600082397461,26.90999984741211
2022-09-07,444.19512823195686,445.1263549158813,439.5389948123347,440.0046081542969,34678562,2611.5,30.7987003326416,24.63999938964844
2022-09-08,440.4702491519326,442.3327026367188,439.5390224095395,442.3327026367188,27931552,2658.179931640625,30.84779930114746,23.61000061035156
2022-09-12,451.64490812483945,457.2322678129818,451.64490812483945,453.041748046875,21597212,2731.090087890625,30.850000381469727,23.8700008392334
2022-09-13,460.9573023798016,460.9573023798016,457.2323948858234,459.0948486328125,16507036,2562.27001953125,30.882999420166016,27.270000457763672
2022-09-14,445.5920208930969,449.3169280687968,443.2639539082845,446.9888610839844,22645714,2591.510009765625,31.11870002746582,26.15999984741211
2022-09-15,445.8180806499213,449.5644510755509,445.8180806499213,446.286376953125,23104850,2549.5400390625,31.069000244140625,26.270000457763672
2022-09-16,440.6668578002413,442.0717468261719,439.2619687743106,442.0717468261719,39087513,2563.139892578125,31.222000122070312,26.299999237060547
2022-09-19,442.0716649449612,443.0082574554378,436.9204061373399,437.3887023925781,17182380,2577.93994140625,31.26099967956543,25.76000022888184
2022-09-20,440.6668213146807,447.6912658627361,440.1985250114769,446.286376953125,19842582,2539.5,31.32200050354004,27.15999984741211
2022-09-21,443.4766441069844,445.3498295097594,438.79368060004686,441.1351623535156,24154633,2514.9599609375,31.339000701904297,27.989999771118164
2022-09-22,432.705790179923,438.3253458965453,429.8960123216118,435.0472717285156,29702508,2444.25,31.450000762939453,27.350000381469727
2022-09-23,429.4277017446665,431.30088692130624,426.1496276855469,426.1496276855469,29757787,2408.89990234375,31.538299560546875,29.920000076293945
2022-09-26,414.9104942330321,425.213012148525,414.9104942330321,418.1885681152344,32342267,2373.469970703125,31.791000366210938,32.2599983215332
2022-09-27,420.53009850638256,422.87158012390137,417.72032056536,419.593505859375,24961404,2398.0400390625,31.822999954223636,32.599998474121094
2022-09-28,418.6568720569349,420.5300571668093,410.2275390625,410.2275390625,34402652,2427.260009765625,31.674999237060547,30.18000030517578
2022-09-29,414.9105576087688,415.378853949185,404.6080381196121,407.4178161621094,41094780,2347.360107421875,31.67099952697754,31.84000015258789
2022-09-30,397.5835468599582,400.39332457628296,395.2420654296875,395.2420654296875,48266800,2306.699951171875,31.63050079345703,31.6200008392334
2022-10-03,391.96403207024224,397.5835880855862,390.0908467317942,390.5591430664063,36044395,2393.320068359375,31.80299949645996,30.100000381469727
2022-10-04,402.2665446176951,404.6080262510927,399.9250629842976,401.7982482910156,40375000,2500.110107421875,31.783700942993164,29.06999969482422
2022-10-05,416.3154256070598,422.4032777250482,413.97394402321805,416.7837219238281,46496536,2523.610107421875,31.62800025939941,28.549999237060547
2022-10-06,421.9349934647723,422.4032897949219,418.6569191537252,422.4032897949219,30331834,2508.840087890625,31.523500442504883,30.520000457763672
2022-10-07,420.0617608893408,420.0617608893408,409.2909465075628,410.2275390625,31941781,2356.75,31.53899955749512,31.36000061035156
2022-10-11,382.1297830888076,386.34444981405176,375.5736348495388,376.04193115234375,95793819,2218.489990234375,31.792800903320312,33.630001068115234
2022-10-12,371.8272969179933,374.6370749803459,370.422407886817,372.2955932617188,53570085,2198.60009765625,31.825300216674805,33.56999969482422
2022-10-13,375.1053612045095,377.44684285996834,369.9541015625,369.9541015625,38046284,2263.239990234375,31.774200439453125,31.940000534057617
2022-10-14,388.21764121935206,389.62253015018206,383.0663818063088,385.8761596679688,54504366,2162.320068359375,31.84860038757324,32.02000045776367
2022-10-17,374.637048370592,377.9151225438346,370.890677886886,371.8272705078125,41512192,2211.659912109375,31.96199989318848,31.3700008392334
2022-10-18,380.72484950410063,381.1931457519531,374.1687020341653,381.1931457519531,40093216,2220.9599609375,31.988000869750977,30.5
2022-10-19,378.38343133938446,379.3200239912146,370.4223937988281,370.4223937988281,46385177,2237.739990234375,32.016998291015625,30.76000022888184
2022-10-20,366.2077407932881,372.2955932617188,361.5247773560338,372.2955932617188,52938069,2253.219970703125,32.152000427246094,29.979999542236328
2022-10-21,370.4223506667954,373.2321282951149,364.80279541015625,364.80279541015625,35923505,2336.68994140625,32.09400177001953,29.690000534057617
2022-10-24,369.9541061361939,372.2955878206002,362.46136474609375,362.46136474609375,46714078,2351.550048828125,32.18000030517578,29.850000381469727
2022-10-25,355.9051941411514,358.24667568155377,347.4758605957031,347.4758605957031,76416687,2404.68994140625,32.31129837036133,28.459999084472656
2022-10-26,347.0075542368787,354.9685912436628,346.53925794236204,352.1588134765625,58850484,2376.330078125,32.22700119018555,27.280000686645508
2022-10-27,360.1199257698504,364.3345933016172,358.2467402001763,361.0565185546875,45684455,2340.60009765625,31.962900161743164,27.38999938964844
2022-10-28,355.43682861328125,357.7783096976902,351.22216266134507,355.43682861328125,40184472,2433.659912109375,32.042999267578125,25.75
2022-10-31,361.5247477213542,365.2711181640625,356.84178466796874,365.2711181640625,38409054,2384.449951171875,32.11399841308594,25.8799991607666
2022-11-01,363.866247418283,368.080914376796,361.52476577466473,366.676025390625,41426496,2402.75,32.24769973754883,25.809999465942383
2022-11-02,366.2077309137658,369.9541015625,363.8662492583069,369.9541015625,22535650,2328.469970703125,32.124000549316406,25.86000061035156
2022-11-03,360.5881734689077,362.4613587856293,359.1832844813665,359.6515808105469,39731333,2292.85009765625,32.247501373291016,25.299999237060547
2022-11-04,356.8417887263273,360.1198629009786,354.50030717300496,357.77838134765625,28397417,2398.239990234375,32.150001525878906,24.549999237060547
2022-11-07,365.2711181640625,368.0808959960938,362.4613403320312,365.2711181640625,35387706,2450.6201171875,31.999000549316406,24.350000381469727
2022-11-08,369.9540993444304,374.1687662989872,369.01750668786224,373.7004699707031,31838223,2503.389892578125,31.850000381469727,25.540000915527344
2022-11-09,377.9151420318823,390.5591430664063,377.9151420318823,390.5591430664063,52260831,2424.820068359375,31.7898006439209,26.09000015258789
2022-11-10,383.0664186068108,385.40790038313605,380.2566404752205,381.6615295410156,32044942,2672.5,31.91200065612793,23.530000686645508
2022-11-11,413.5056457519531,413.973942066508,407.41779366273977,413.5056457519531,80016195,2754.89990234375,31.402000427246094,22.520000457763672
2022-11-14,421.4666850915116,421.4666850915116,413.5056477064497,416.7837219238281,61933190,2728.050048828125,31.096599578857425,23.729999542236328
2022-11-15,435.5155935287476,456.1206323623657,432.70581550598143,449.5644836425781,113379796,2810.610107421875,30.888999938964844,24.540000915527344
2022-11-16,460.3353030539636,462.6767847582056,450.9693762369959,456.1206359863281,85726375,2690.820068359375,31.07900047302246,24.11000061035156
2022-11-17,451.90595489187336,454.2474365234375,444.881509997181,454.2474365234375,45144984,2719.10009765625,31.03499984741211,23.93000030517578
2022-11-18,460.3353030539636,462.6767847582056,455.18404330463136,456.1206359863281,35859717,2724.030029296875,31.024999618530277,23.1200008392334
2022-11-21,456.588881243314,458.46206639713273,450.0327332049485,451.4376220703125,29710180,2675.830078125,31.111299514770508,22.36000061035156
2022-11-22,445.8180254841045,459.8669128417969,445.8180254841045,459.8669128417969,37343127,2756.820068359375,31.131000518798828,21.290000915527344
2022-11-23,463.1450705179354,464.5499595083841,457.5255145561404,460.8035888671875,33475337,2786.419921875,31.107200622558597,20.350000381469727
2022-11-24,462.6767415692729,464.5499267578125,460.80355638073337,464.5499267578125,27396552,2786.419921875,31.079700469970703,20.350000381469727
2022-11-25,462.6767254565136,466.423095703125,462.6767254565136,466.423095703125,39949969,2751.27001953125,30.913000106811523,20.5
2022-11-28,455.18397380658166,458.9303439613684,450.03271484375,450.03271484375,38926919,2678.780029296875,30.92849922180176,22.209999084472656
2022-11-29,443.4766347834217,457.0572286680249,443.00833844257335,456.1206359863281,38182197,2670.64990234375,31.00609970092773,21.88999938964844
2022-11-30,452.3742710658482,458.930419921875,451.9059747189892,458.930419921875,57111603,2826.85009765625,30.94599914550781,20.57999992370605
2022-12-01,473.9158320909996,475.7890171980786,466.8913879394531,466.8913879394531,41746878,2804.699951171875,30.777999877929688,19.84000015258789
2022-12-02,458.9303387482154,465.4864864446185,458.9303387482154,461.2718200683594,28319679,2771.239990234375,30.587799072265625,19.059999465942383
2022-12-05,460.3352252047486,465.95478034458273,457.9937438964844,457.9937438964844,28360444,2738.050048828125,30.538000106811523,20.75
2022-12-06,457.0572106269613,457.9938032716887,447.6912841796875,447.6912841796875,40561068,2673.530029296875,30.5629997253418,22.170000076293945
2022-12-07,446.75471615439966,454.7157540732936,444.8815307617188,444.8815307617188,36563503,2673.25,30.63349914550781,22.68000030517578
2022-12-08,444.8814675259312,444.8814675259312,437.3887270202313,441.6033935546875,27238567,2744.72998046875,30.636999130249023,22.290000915527344
2022-12-09,447.6913466725889,453.77919971311576,445.8181611216576,450.9694213867188,25915337,2721.02001953125,30.46299934387207,22.82999992370605
2022-12-12,446.2864198062295,447.69130885074014,443.47664171720805,444.8815307617188,20973334,2779.2099609375,30.693700790405277,25.0
2022-12-13,443.00828239950624,445.81806008914367,441.13509727308127,441.6033935546875,33272826,2821.530029296875,30.68000030517578,22.549999237060547
2022-12-14,442.0716782648283,450.03271484375,442.0716782648283,450.03271484375,30636639,2777.27001953125,30.60099983215332,21.13999938964844
2022-12-15,448.3843329803753,453.5652443908628,446.9713571411514,452.6232604980469,24222008,2661.409912109375,30.48430061340332,22.82999992370605
2022-12-16,439.43551072041697,443.6744384765625,438.4935267746069,443.6744384765625,47601400,2636.10009765625,30.809999465942383,22.6200008392334
2022-12-19,439.4353942871094,442.26134537577246,438.02241874277786,439.4353942871094,21075559,2599.860107421875,30.77079963684082,22.420000076293945
2022-12-20,438.0224899542136,439.9064576529414,428.6026514605746,430.9576110839844,31139235,2583.639892578125,30.78569984436035,21.479999542236328
2022-12-21,433.3125281905297,436.1384794613375,430.4865769197218,432.37054443359375,36182644,2644.5,30.724000930786133,20.06999969482422
2022-12-22,439.4354434869229,441.79040299114,437.0804839827057,440.8484191894531,14047382,2533.330078125,30.679000854492188,21.96999931335449
2022-12-23,430.9576514946236,431.8996354323167,428.6026916503906,428.6026916503906,24927413,2535.489990234375,30.739999771118164,20.8700008392334
2022-12-26,427.660665388828,430.4866169222344,427.18967346659366,430.015625,8793306,2535.489990234375,30.745100021362305,20.8700008392334
2022-12-27,431.4285254280207,435.667451987903,430.4865417480469,430.4865417480469,10264001,2490.169921875,30.7189998626709,21.649999618530277
2022-12-28,424.8346252441406,425.77660889213206,420.1247070041834,424.8346252441406,32578949,2453.489990234375,30.72209930419922,22.13999938964844
2022-12-29,418.24081872503854,423.4217297678037,416.8278429861026,420.1247863769531,23020759,2534.949951171875,30.72800064086914,21.440000534057617
2022-12-30,428.6026310575181,430.01560676430114,422.479736328125,422.479736328125,21683478,2532.110107421875,30.680099487304688,21.670000076293945
2023-01-03,420.12477189289285,427.18965034400657,417.2988205124474,426.7186584472656,14885824,2500.989990234375,30.72010040283203,22.899999618530277
2023-01-04,423.4216918945313,428.602602473886,422.4797081528304,423.4216918945313,19188422,2569.4599609375,30.650299072265625,22.01000022888184
2023-01-05,432.37055854422965,432.8415504380687,428.60262339351743,431.8995666503906,23549581,2518.52001953125,30.6879997253418,22.459999084472656
2023-01-06,428.60262339351743,432.8415504380687,428.60262339351743,431.8995666503906,20886011,2636.10009765625,30.62299919128418,21.1299991607666
2023-01-09,440.8484480574325,453.09423828125,440.37745612574713,453.09423828125,46666263,2686.75,30.561500549316406,21.96999931335449
2023-01-10,457.8041076660156,458.7460914266453,454.9781563841266,457.8041076660156,32646014,2721.2900390625,30.46199989318848,20.57999992370605
2023-01-11,458.7460725861068,459.6880563080496,454.0361539763932,456.39111328125,21051115,2755.360107421875,30.432600021362305,21.09000015258789
2023-01-12,459.2170691808718,459.6880610466984,455.9201261200861,458.2750854492188,20963689,2789.64990234375,30.434999465942383,18.82999992370605
2023-01-13,477.58570678710936,479.4696740722656,470.0498376464843,470.9918212890625,77606949,2800.659912109375,30.32550048828125,18.350000381469727
2023-01-16,476.6438271097617,478.52779480584775,473.81787556563273,475.7018432617188,34373918,2800.659912109375,30.279300689697266,18.350000381469727
2023-01-17,474.7597631981548,474.7597631981548,470.52083674102846,473.8177795410156,27770329,2807.47998046875,30.32900047302246,19.36000061035156
2023-01-30,510.55517814172566,511.4971618652344,503.0193083536559,511.4971618652344,124428936,2866.68994140625,30.256000518798828,19.940000534057617
2023-01-31,505.8452713188084,506.787255064281,490.7735313912461,491.7155151367188,72530854,2921.919921875,30.09499931335449,19.399999618530277
2023-02-01,501.1354326356132,502.0774165315448,491.7155936762972,499.25146484375,33710990,3073.469970703125,30.0310001373291,17.8700008392334
2023-02-02,506.7873578106916,510.555293556496,505.84537387424047,508.67132568359375,43077053,3141.840087890625,29.53300094604492,18.729999542236328
2023-02-03,508.6712995578442,510.5552673339844,504.90336400556384,510.5552673339844,31635865,3082.110107421875,29.542999267578125,18.32999992370605
2023-02-06,501.1353620521923,502.07734581544827,495.48345947265625,495.48345947265625,30870136,3029.739990234375,29.96579933166504,19.43000030517578
2023-02-07,493.599454394718,497.3673891610899,491.7154870115321,492.657470703125,23481767,3124.14990234375,29.998300552368164,18.65999984741211
2023-02-08,506.7873578106916,508.67132568359375,503.0194220648872,508.67132568359375,35096191,3055.6298828125,30.027099609375,19.6299991607666
2023-02-09,508.67132568359375,508.67132568359375,504.90338993778937,508.67132568359375,18861972,3059.6201171875,30.04150009155273,20.709999084472656
2023-02-10,512.4391807626147,514.3231483389478,509.613229398115,513.3811645507812,28495684,3011.14990234375,30.00300025939941,20.530000686645508
2023-02-13,512.4392022152265,512.4392022152265,506.7872992496173,509.6132507324219,22768977,3057.320068359375,30.18079948425293,20.34000015258789
2023-02-14,512.4391807626147,514.3231483389478,511.4971969744481,513.3811645507812,21883297,3121.6298828125,30.21999931335449,18.90999984741211
2023-02-15,495.4833654203869,501.13526692708336,491.7154310825893,494.5413818359375,61796793,3133.070068359375,30.248699188232425,18.229999542236328
2023-02-16,497.3674621582031,500.1934136477384,493.5995268388228,497.3674621582031,29975138,3055.239990234375,30.302000045776367,20.170000076293945
2023-02-17,493.5994731652691,493.5994731652691,486.063603345952,487.9475708007813,28121975,3005.8701171875,30.25300025939941,20.020000457763672
2023-02-20,484.1796942292145,488.8896134337788,481.3537427064759,487.0056457519531,20065156,3005.8701171875,30.373300552368164,20.020000457763672
2023-02-21,485.1216149145319,487.0055823510932,483.2376474779706,486.0635986328125,13504100,2906.260009765625,30.364500045776367,22.8700008392334
2023-02-22,476.6438011154386,479.469752505451,475.7018173187677,477.5857849121094,24575245,2892.389892578125,30.48450088500977,22.290000915527344
2023-02-23,482.2956684362935,490.7735219830252,480.4117009814642,487.9475708007813,25376835,2988.81005859375,30.47529983520508,21.13999938964844
2023-02-24,493.5995501314824,494.5415340057791,481.353759765625,481.353759765625,41692491,2935.110107421875,30.28300094604492,21.670000076293945
2023-03-01,474.7598077182112,491.7155151367188,474.7598077182112,491.7155151367188,39560848,2955.830078125,30.64579963684082,20.57999992370605
2023-03-02,488.88958740234375,489.8315711930997,485.1216522393199,488.88958740234375,16558784,2984.110107421875,30.560699462890625,19.59000015258789
2023-03-03,493.59946837905767,494.5414520973383,486.0635986328125,486.0635986328125,23253895,3028.340087890625,30.60149955749512,18.489999771118164
2023-03-06,489.8315757707533,493.5995109689899,487.0056243720759,490.7735595703125,21922085,2994.590087890625,30.49860000610352,18.61000061035156
2023-03-07,490.7735360414927,495.483454813484,488.88956853269616,493.5994873046875,24861078,2962.419921875,30.575000762939453,19.59000015258789
2023-03-08,490.7735595703125,492.6575271694308,487.9476081716351,490.7735595703125,24512408,3041.389892578125,30.726299285888672,19.11000061035156
2023-03-09,494.5414663731367,495.4834501186093,491.7155151367188,491.7155151367188,21557577,2980.2099609375,30.72480010986328,22.61000061035156
2023-03-10,485.1216384263067,486.0636221902412,481.3537033705684,483.2376708984375,24045605,2923.929931640625,30.813899993896484,24.799999237060547
2023-03-13,483.2376474779706,487.9475660693738,479.469712604848,486.0635986328125,21466947,2921.7099609375,30.82869911193848,26.520000457763672
2023-03-14,481.3536963967716,484.17964764763326,480.4117126464844,480.4117126464844,20474770,3010.14990234375,30.45499992370605,23.729999542236328
2023-03-15,485.1216952628119,486.06367913710864,480.4117758913283,481.353759765625,23208597,2977.389892578125,30.378999710083008,26.13999938964844
2023-03-16,478.2754821777344,483.0108829913753,477.3284020150062,478.2754821777344,21965994,3098.070068359375,30.520000457763672,22.989999771118164
2023-03-17,488.6933336883899,490.5874938964844,485.852093376248,490.5874938964844,33118483,3083.52001953125,30.548999786376957,25.51000022888184
2023-03-20,489.640491604805,490.5875718593597,483.01092982292175,484.9050903320313,11837312,3114.7099609375,30.618000030517575,24.149999618530277
2023-03-21,487.746342376768,489.6405029296875,484.9051015473888,489.6405029296875,18284799,3116.889892578125,30.506000518798828,21.3799991607666
2023-03-22,496.27004014349785,504.7937622070313,496.27004014349785,504.7937622070313,42385987,3091.7099609375,30.480100631713867,22.26000022888184
2023-03-23,500.05822254733965,510.47610218374257,500.05822254733965,509.5290222167969,26728246,3174.360107421875,30.350000381469727,22.61000061035156
2023-03-24,507.635077255334,510.476318359375,506.6879968873203,510.476318359375,21926240,3121.260009765625,30.13800048828125,21.739999771118164
2023-03-27,504.7936963442355,507.63493666137,502.8995361328125,502.8995361328125,16111177,3083.580078125,30.32099914550781,20.600000381469727
2023-03-28,497.2170104980469,501.9524105980283,496.2699304780506,497.2170104980469,17234120,3057.27001953125,30.163000106811523,19.96999931335449
2023-03-29,504.79378598771,504.79378598771,497.2171437965249,501.9525451660156,17280749,3157.110107421875,30.34499931335449,19.1200008392334
2023-03-30,507.6349769093166,508.58205709011753,502.89957600531176,506.6878967285156,19201564,3208.260009765625,30.516000747680664,19.020000457763672
2023-03-31,509.52916335343866,509.52916335343866,503.84668197774977,504.7937622070313,23558838,3230.860107421875,30.351999282836918,18.700000762939453
2023-04-06,501.9525451660156,502.8996254399137,498.164224070423,501.9525451660156,25423363,3071.77001953125,30.54080009460449,18.399999618530277
2023-04-07,506.6878565556585,506.6878565556585,501.00537592138943,502.8995361328125,8557482,3071.77001953125,30.510400772094727,18.399999618530277
2023-04-10,504.79372222842704,504.79372222842704,500.0583214570534,501.0054016113281,7435151,3126.969970703125,30.39299964904785,18.96999931335449
2023-04-11,494.37588955245855,499.1112907933825,494.37588955245855,496.2700500488281,22675697,3109.419921875,30.522199630737305,19.100000381469727
2023-04-12,495.3229299692008,496.270010141226,489.6404489370493,492.481689453125,23816473,3052.52001953125,30.479900360107425,19.09000015258789
2023-04-13,487.746264887791,489.6404251397825,483.0108642578125,483.0108642578125,25536889,3074.93994140625,30.44650077819824,17.799999237060547
2023-04-14,488.6933898925781,492.4817107444586,485.8521492536678,488.6933898925781,18072504,3070.449951171875,30.451000213623047,17.06999969482422
2023-04-17,491.5346092810998,492.481689453125,486.7992084209736,492.481689453125,14634287,3066.679931640625,30.506000518798828,16.950000762939453
2023-04-18,490.5875479985209,492.4817084155036,486.7992271645555,487.7463073730469,15168888,3077.719970703125,30.46649932861328,16.829999923706055
2023-04-19,489.6404251397825,490.5875052657782,482.0637841318168,483.0108642578125,21123233,3046.3798828125,30.45190048217773,16.459999084472656
2023-04-20,484.9050925925926,488.6934136284722,483.0109320746528,485.8521728515625,17221961,3046.280029296875,30.537500381469727,17.170000076293945
2023-04-21,492.4816990085311,492.4816990085311,483.0108971045209,483.9579772949219,25016683,3021.43994140625,30.55929946899414,16.770000457763672
2023-04-24,478.2755172699396,483.0109184310281,477.3284370377219,480.169677734375,16886512,3007.510009765625,30.625,16.889999389648438
2023-04-25,477.3283853186183,478.27546544821865,471.6459045410156,471.6459045410156,36898412,2906.2900390625,30.57200050354004,18.76000022888184
2023-04-26,471.6459197221913,472.1194598022337,465.0163586015983,465.4898986816406,31269245,2922.989990234375,30.693700790405277,18.84000015258789
2023-04-27,465.016424022547,468.8047451958468,463.12226343589714,467.3841247558594,29537148,2941.590087890625,30.62829971313477,17.030000686645508
2023-04-28,472.1195147085,475.4342956542969,471.6459745733861,475.4342956542969,24824100,2994.969970703125,30.62680053710937,15.779999732971191
2023-05-02,473.5401633256924,475.4343239789952,470.22538218241255,474.48724365234375,15325791,2996.860107421875,30.72879981994629,17.780000686645508
2023-05-03,469.7518615722656,471.6460223044119,468.8047812061925,469.7518615722656,11369311,2957.3701171875,30.75480079650879,18.34000015258789
2023-05-04,470.6988244114152,473.0665247354163,469.7517442818148,471.6459045410156,13140291,2941.6298828125,30.64679908752441,20.09000015258789
2023-05-05,473.5400695800781,475.4342298583984,472.11944937133785,473.5400695800781,7488897,3007.68994140625,30.627899169921875,17.190000534057617
2023-05-08,482.06380044846304,482.06380044846304,475.4342393420992,477.3283996582031,11243634,3024.409912109375,30.577999114990234,16.979999542236328
2023-05-09,480.1696238798254,483.0108642578125,478.275463627834,483.0108642578125,16197743,2967.840087890625,30.58799934387207,17.709999084472656
2023-05-10,481.11671790545785,481.11671790545785,473.54007667860026,476.3813171386719,18859212,2997.510009765625,30.649799346923828,16.940000534057617
2023-05-11,479.22267178399767,479.22267178399767,472.1195689413495,472.5931091308594,13382927,2978.719970703125,30.61440086364746,16.93000030517578
2023-05-12,469.7518615722656,473.5401830365581,468.8047812061925,469.7518615722656,18465362,2972.85009765625,30.697900772094727,17.030000686645508
2023-05-15,470.6988490284632,473.0665494762925,468.3311485806339,469.2782287597656,13315766,3052.639892578125,30.809999465942383,17.1200008392334
2023-05-16,476.381321852278,481.1167226659189,473.5400813640934,478.2754821777344,21140315,3048.7099609375,30.743000030517575,17.989999771118164
2023-05-17,481.1167549618407,493.4287979037776,479.22259450923497,491.5346374511719,41406763,3124.679931640625,30.77779960632324,16.8700008392334
2023-05-18,504.79378598771,507.6350268094045,498.164224070423,501.9525451660156,43096277,3223.489990234375,30.79129981994629,16.049999237060547
2023-05-19,506.6879203624295,506.6879203624295,501.0054390125705,503.8466796875,32099068,3203.489990234375,30.69029998779297,16.809999465942383
2023-05-22,503.846616238524,504.7936963442355,501.00537592138943,502.8995361328125,17208135,3215.0400390625,30.6200008392334,17.209999084472656
2023-05-23,501.9525451660156,502.8996254399137,497.2171437965249,501.9525451660156,19588873,3177.43994140625,30.660999298095703,18.530000686645508
2023-05-24,499.11117053803946,500.0582505580357,496.2699304780506,497.2170104980469,19086681,3124.090087890625,30.805400848388672,20.030000686645508
2023-05-25,513.317446208132,516.1586866852987,508.582045412854,514.2645263671875,63827245,3336.719970703125,30.808399200439453,19.13999938964844
2023-05-26,537.94152357553,537.94152357553,533.20612283983,536.04736328125,95808471,3545.669921875,30.75979995727539,17.950000762939453
2023-05-29,543.6241326130612,543.6241326130612,534.1533289090008,537.941650390625,54657853,3545.669921875,30.684999465942383,17.950000762939453
2023-05-30,536.04736328125,537.94152357553,533.20612283983,536.04736328125,40136130,3549.389892578125,30.535999298095703,17.459999084472656
2023-05-31,530.3649246051748,532.2590850501932,521.8412026025916,528.4707641601562,81176782,3453.179931640625,30.56130027770996,17.940000534057617
2023-06-01,520.8941672544946,524.6824884708909,520.8941672544946,521.8412475585938,24477529,3506.739990234375,30.64590072631836,15.649999618530272
2023-06-02,529.4179142310526,534.1533159683607,527.5237535361293,532.2591552734375,30206141,3501.39990234375,30.582799911499023,14.600000381469728
2023-06-05,530.3649176520271,530.3649176520271,525.6295166015625,525.6295166015625,16827391,3444.1201171875,30.66699981689453,14.729999542236328
2023-06-06,524.6824478149414,532.2590896606445,523.7353675842285,530.3649291992188,20228086,3488.340087890625,30.64579963684082,13.960000038146973
2023-06-07,531.3120877977827,537.941650390625,530.3650074273768,537.941650390625,27604813,3477.179931640625,30.631799697875977,13.9399995803833
2023-06-08,532.2591487222579,537.9416307370863,525.6295863716248,529.4179077148438,23080195,3514.320068359375,30.712900161743164,13.649999618530272
2023-06-09,531.3120207930033,536.0474220478429,531.3120207930033,535.100341796875,19091713,3524.969970703125,30.64579963684082,13.829999923706056
2023-06-12,543.6239624023438,543.6239624023438,540.7827221807287,543.6239624023438,26392389,3641.659912109375,30.660999298095703,15.010000228881836
2023-06-13,561.6184692382812,562.5655492875869,557.8301490410585,561.6184692382812,56174363,3683.659912109375,30.711299896240234,14.609999656677246
2023-06-14,558.7772827148438,559.7243628550384,555.9360422942598,558.7772827148438,23583314,3739.75,30.577999114990234,13.880000114440918
2023-06-15,561.3938828934671,564.2484280607221,558.5393377262122,562.3453979492188,27392154,3708.06005859375,30.731300354003903,14.5
2023-06-16,561.3938367548944,561.3938367548944,555.6847468895904,560.4423217773438,38128802,3673.139892578125,30.65329933166504,13.539999961853027
2023-06-19,554.7332153320312,556.6362452302543,553.7817003829197,554.7332153320312,14346885,3673.139892578125,30.70800018310547,13.539999961853027
2023-06-20,550.927155535585,556.6362452302543,550.927155535585,554.7332153320312,16221413,3647.56005859375,30.79179954528809,13.880000114440918
2023-06-21,553.781654029623,556.6361986380231,549.9755945517561,552.8301391601562,21703937,3549.72998046875,30.95330047607422,13.199999809265137
2023-06-26,548.072646722561,549.9756767459032,546.1696166992188,546.1696166992188,27142262,3515.77001953125,30.996999740600582,14.25
2023-06-27,542.3635714871067,547.12114667559,541.41205644941,544.2666015625,21501718,3642.409912109375,31.003999710083008,13.739999771118164
2023-06-28,550.9271917575743,550.9271917575743,543.3150716642054,546.1696166992188,18175426,3609.47998046875,30.99349975585937,13.43000030517578
2023-06-29,549.9756534702907,551.8786834130944,542.3635336990756,545.2180786132812,16937929,3614.179931640625,31.05649948120117,13.539999961853027
2023-06-30,542.3636023203532,548.0726928710938,540.460572136773,548.0726928710938,22654976,3673.06005859375,31.117300033569336,13.59000015258789
2023-07-03,549.9756700584925,551.8787000586949,548.0726400582902,550.9271850585938,14785585,3703.6201171875,31.145999908447266,13.56999969482422
2023-07-04,556.63623046875,556.63623046875,551.878655849359,556.63623046875,17219541,3703.6201171875,31.087799072265625,13.56999969482422
2023-07-05,560.4422816115965,560.4422816115965,550.927132518021,553.7816772460938,14913592,3622.320068359375,31.077999114990234,14.18000030517578
2023-07-06,545.2181386761961,546.1696537524198,537.6060180664062,537.6060180664062,28564891,3577.489990234375,31.224199295043945,15.4399995803833
2023-07-07,537.6060180664062,544.2666235999724,535.7029879139589,537.6060180664062,18796190,3577.72998046875,31.32690048217773,14.829999923706056
2023-07-10,539.5090482188538,545.2181386761961,537.6060180664062,537.6060180664062,18454982,3651.60009765625,31.25900077819824,15.06999969482422
2023-07-11,546.1696855621074,549.0242309570312,542.3636250355421,549.0242309570312,17850636,3653.530029296875,31.36000061035156,14.84000015258789
2023-07-12,546.1696477447827,549.9757080078125,544.2666176132677,549.9757080078125,15588228,3721.469970703125,31.265499114990234,13.539999961853027
2023-07-13,558.5392603165064,561.393805088141,556.63623046875,556.63623046875,25442137,3797.1298828125,31.03380012512207,13.609999656677246
2023-07-14,560.4423678377154,562.3453979492188,558.5393377262122,562.3453979492188,23121873,3750.409912109375,30.957799911499023,13.34000015258789
2023-07-17,559.4908527819639,562.3453979492188,558.5393377262122,562.3453979492188,13807834,3837.31005859375,30.950000762939453,13.479999542236328
2023-07-18,558.5392283769565,559.4907432464232,551.8786242906896,552.8301391601562,20932006,3842.360107421875,30.950000762939453,13.300000190734863
2023-07-19,555.6846837685564,558.5392283769565,550.9271094212229,552.8301391601562,22499123,3801.659912109375,30.902999877929688,13.760000228881836
2023-07-20,551.8787000586949,555.6847600590997,549.9756700584925,550.9271850585938,15108109,3663.85009765625,31.04330062866211,13.989999771118164
2023-07-21,532.8485107421875,535.7030563354492,529.9939651489258,532.8485107421875,46711021,3698.85009765625,31.03779983520508,13.600000381469728
2023-07-24,529.9939803803693,535.7030717309658,529.9939803803693,530.9454956054688,25268835,3692.320068359375,31.32200050354004,13.90999984741211
2023-07-25,533.7999281522889,541.4120483398438,533.7999281522889,541.4120483398438,19590349,3755.27001953125,31.299999237060547,13.859999656677246
2023-07-26,541.4119787856463,543.3150085880563,535.7028893784162,538.5574340820312,13314305,3699.3701171875,31.166000366210938,13.1899995803833
2023-07-27,542.3635633632881,542.3635633632881,538.5575032695107,541.4120483398438,12200358,3768.27001953125,31.214000701904297,14.40999984741211
2023-07-28,541.412063302607,545.2181235015707,537.606003103643,539.509033203125,18540078,3851.760009765625,31.296300888061523,13.329999923706056
2023-07-31,547.1211688286436,547.1211688286436,532.8484426852876,537.6060180664062,24208467,3861.6298828125,31.353500366210938,13.630000114440918
2023-08-01,537.606003103643,540.460548252866,536.6544880539021,539.509033203125,16259643,3858.2099609375,31.39889907836914,13.93000030517578
2023-08-02,539.5089551956258,541.411985019949,530.9453209861714,533.7998657226562,25583234,3711.60009765625,31.59499931335449,16.09000015258789
2023-08-04,529.0422508707976,532.8483102295803,525.2361915120149,527.1392211914062,26279173,3699.199951171875,31.640499114990234,17.100000381469727
2023-08-07,530.9454956054688,533.800041280767,529.04246515527,530.9454956054688,14369551,3739.409912109375,31.652000427246094,15.770000457763672
2023-08-08,530.9452952509341,530.9452952509341,524.2846911886464,525.2362060546875,19010690,3679.419921875,31.66550064086914,15.989999771118164
2023-08-09,523.3331618326235,529.9937657104933,523.3331618326235,527.1392211914062,14389090,3610.47998046875,31.795499801635746,15.960000038146973
2023-08-10,525.2362439385776,527.1392738079203,523.3332140692349,524.2847290039062,17892615,3597.02001953125,31.708999633789062,15.850000381469728
2023-08-11,529.0423722599015,530.9454023759444,519.5272216796875,519.5272216796875,17608427,3514.550048828125,31.741500854492188,14.84000015258789
2023-08-14,513.8180164048059,516.6725609403882,510.96347186922367,514.76953125,20939030,3615.449951171875,31.893999099731445,14.81999969482422
2023-08-15,516.6725842240112,518.5756140001586,513.8180395597901,515.7210693359375,14066307,3553.9599609375,31.90399932861328,16.459999084472656
2023-08-16,514.7695544478638,516.6725842240112,510.0119800074954,515.7210693359375,28269840,3480.080078125,31.864900588989254,16.780000686645508
2023-08-17,513.818146200741,519.5272367140826,510.9636009440703,517.6242065429688,22843138,3446.35009765625,31.91279983520508,17.889999389648438
2023-08-18,513.8179698370826,517.6240288729128,512.866455078125,512.866455078125,17592345,3462.739990234375,31.89640045166016,17.299999237060547
2023-08-21,517.6241361877328,517.6241361877328,508.1089866254583,510.9635314941406,16633821,3560.739990234375,31.902000427246094,17.1299991607666
2023-08-22,517.6240757855822,517.6240757855822,511.91498671441775,514.76953125,14594304,3527.68994140625,31.916200637817383,16.969999313354492
2023-08-23,519.5271168584409,525.2362060546875,517.6240871263587,525.2362060546875,20636332,3602.010009765625,31.976999282836918,15.979999542236328
2023-08-24,535.7028430911666,536.6543579101562,530.9452689962184,536.6543579101562,23280827,3481.300048828125,31.85580062866211,17.200000762939453
2023-08-25,522.3817668537517,524.2847969697946,519.5272216796875,519.5272216796875,24144537,3495.64990234375,31.81410026550293,15.68000030517578
2023-08-28,520.4786839441741,526.1877737132144,520.4786839441741,522.3817138671875,8991985,3537.8701171875,31.812000274658203,15.079999923706056
2023-08-29,524.2846911886464,526.1877209207286,519.5271168584409,525.2362060546875,10516678,3629.570068359375,31.81800079345703,14.449999809265137
2023-08-30,530.9454880173142,532.8485184403153,527.1394271713119,528.0909423828125,15117416,3643.919921875,31.767000198364254,13.880000114440918
2023-08-31,526.1877737132144,529.0423185977345,521.4301989056808,522.3817138671875,40431378,3670.929931640625,31.798799514770508,13.56999969482422
2023-09-01,516.6726011847057,526.1877503777943,516.6726011847057,521.43017578125,13669766,3682.840087890625,31.80780029296875,13.09000015258789
2023-09-04,522.3817758885491,529.993896484375,522.3817758885491,529.993896484375,9531157,3682.840087890625,31.863000869750977,13.09000015258789
2023-09-05,526.1877209207286,528.0907506528108,523.3331763226054,525.2362060546875,12220686,3683.7900390625,31.857799530029297,14.010000228881836
2023-09-06,529.0423419744318,529.0423419744318,523.333251953125,523.333251953125,14067008,3654.4599609375,31.90449905395508,14.449999809265137
2023-09-07,519.5271288882323,521.4301586643796,515.7210693359375,515.7210693359375,20717005,3582.110107421875,31.933900833129883,14.399999618530272
2023-09-08,509.0603960422948,513.8179698370826,509.0603960422948,512.866455078125,15283568,3565.989990234375,32.03139877319336,13.84000015258789
2023-09-11,512.8665074590426,513.8180223151819,510.011962890625,510.011962890625,14631968,3569.22998046875,32.084999084472656,13.800000190734863
2023-09-12,510.0120858585133,518.5757216285257,510.0120858585133,517.6242065429688,16028336,3541.090087890625,31.9064998626709,14.229999542236328
2023-09-13,518.5755906307763,521.4301351663586,514.76953125,514.76953125,16191392,3560.4599609375,31.96380043029785,13.479999542236328
2023-09-14,520.5105397727273,526.25146484375,519.5537189275568,526.25146484375,17144287,3584.22998046875,31.894899368286133,12.81999969482422
2023-09-15,525.2947387695312,533.9061279296875,523.3810967339409,533.9061279296875,42517441,3476.389892578125,31.868900299072266,13.789999961853027
2023-09-18,524.3377938729745,525.2946146647135,516.6832275390625,516.6832275390625,36684692,3492.469970703125,31.87800025939941,14.0
2023-09-19,515.7263519400558,519.5536347002788,514.76953125,514.76953125,18901683,3459.02001953125,31.898500442504883,14.109999656677246
2023-09-20,512.855929650993,514.7695711795415,511.8991088867188,511.8991088867188,24635567,3398.81005859375,31.979999542236328,15.140000343322754
2023-09-21,507.1149689241876,508.071789620271,503.2876861398541,504.2445068359375,32012694,3338.85009765625,32.0088996887207,17.540000915527344
2023-09-22,500.417270002694,502.3309115705819,499.46044921875,499.46044921875,29049309,3365.2900390625,32.13800048828125,17.200000762939453
2023-09-25,499.4604398018973,506.1581851632255,499.4604398018973,502.3309020996094,17116402,3389.4599609375,32.13100051879883,16.899999618530273
2023-09-26,498.50363794227553,501.37410034885295,496.5899963378906,496.5899963378906,26392692,3329.6201171875,32.10279846191406,18.940000534057617
2023-09-27,494.6763452990302,500.417270002694,493.7195245150862,499.46044921875,16846401,3361.409912109375,32.18980026245117,18.21999931335449
2023-09-28,500.417236328125,502.3308777672383,497.5467741694551,500.417236328125,19733331,3420.989990234375,32.225799560546875,17.34000015258789
2023-10-02,507.1150416504822,510.9423249836934,505.2013999838766,509.9855041503906,25427911,3448.85009765625,32.244998931884766,17.610000610351562
2023-10-03,505.2013214053639,509.9854248277632,505.2013214053639,506.15814208984375,14490129,3376.580078125,32.30680084228516,19.780000686645508
2023-10-04,498.5036041846642,500.4172456594614,496.5899627098671,497.5467834472656,28358964,3424.919921875,32.31169891357422,18.57999992370605
2023-10-05,500.4172512401234,506.1581757285378,500.4172512401234,505.2013549804688,24945684,3406.97998046875,32.29119873046875,18.489999771118164
2023-10-06,507.1149840390772,509.9854462128832,506.15816331447513,509.0286254882813,15336587,3475.2099609375,32.20370101928711,17.450000762939453
2023-10-11,518.5969173207003,520.5105590820312,516.6832755593692,520.5105590820312,46639969,3537.830078125,32.01649856567383,16.09000015258789
2023-10-12,521.4673606178977,526.25146484375,520.5105397727273,526.25146484375,34161176,3548.6201171875,32.059200286865234,16.690000534057617
2023-10-13,526.2514248894524,530.0787079795575,524.3377833443999,529.1218872070312,31123496,3452.969970703125,32.1697998046875,19.31999969482422
2023-10-16,522.4242281572534,523.3810490879443,518.5969444344896,521.4674072265625,19875676,3502.510009765625,32.19490051269531,17.209999084472656
2023-10-17,526.251431169181,528.165072737069,524.3377896012931,527.208251953125,18364998,3474.659912109375,32.186500549316406,17.8799991607666
2023-10-18,525.2946146647135,525.2946146647135,516.6832275390625,516.6832275390625,26418940,3413.449951171875,32.32500076293945,19.21999931335449
2023-10-19,516.6832691234547,524.3378360734317,516.6832691234547,522.4241943359375,22881262,3367.77001953125,32.395301818847656,21.399999618530277
2023-10-20,525.2945646656502,531.9923095703125,522.4241025636522,531.9923095703125,45984177,3316.139892578125,32.34830093383789,21.709999084472656
2023-10-23,528.1651261273553,529.1219470080207,519.5537382013657,520.5105590820312,22747367,3298.5400390625,32.332000732421875,20.3700008392334
2023-10-24,519.5537382013657,522.4242008433623,516.6832755593692,520.5105590820312,15007814,3343.93994140625,32.23600006103516,18.96999931335449
2023-10-25,520.5105590820312,527.2083052466897,520.5105590820312,520.5105590820312,16526355,3205.840087890625,32.20399856567383,20.190000534057617
2023-10-26,507.1150785112112,511.8991830254679,507.1150785112112,508.0718994140625,28188348,3188.419921875,32.38029861450195,20.68000030517578
2023-10-27,510.9423249836934,512.855966650299,509.0286833170878,509.9855041503906,15679643,3227.090087890625,32.3588981628418,21.270000457763672
2023-10-30,508.0718047636792,510.9422669374853,505.2013425898731,509.0286254882813,21404842,3185.179931640625,32.41400146484375,19.75
2023-10-31,511.8990661967229,511.8990661967229,504.2445007208841,506.15814208984375,25667058,3215.889892578125,32.247501373291016,18.13999938964844
2023-11-01,509.9854587208141,509.9854587208141,504.2445342323997,505.2013549804688,13603347,3290.949951171875,32.40290069580078,16.8700008392334
2023-11-02,512.8558927602262,523.3809204101562,511.89907206477807,523.3809204101562,29401438,3368.5400390625,32.376800537109375,15.65999984741211
2023-11-03,523.380975108329,525.2946166992188,521.4673335174393,525.2946166992188,15426176,3454.570068359375,32.15900039672852,14.90999984741211
2023-11-06,529.1219273792614,531.9923899147727,526.25146484375,526.25146484375,29215201,3444.889892578125,32.08940124511719,14.890000343322754
2023-11-07,528.1651815878378,531.03564453125,526.251539625563,531.03564453125,14777790,3471.4599609375,32.10200119018555,14.8100004196167
2023-11-08,526.2513853663163,532.9491302709785,526.2513853663163,531.9923095703125,15314834,3472.669921875,32.0802001953125,14.449999809265137
2023-11-09,527.2082935929084,532.94921875,527.2082935929084,532.94921875,13165684,3452.340087890625,32.215999603271484,15.289999961853027
2023-11-10,531.0355770309694,532.94921875,530.0787561714542,532.94921875,12994933,3591.739990234375,32.253501892089844,14.170000076293944
2023-11-13,553.9992317694081,554.9560525496661,546.3446655273438,546.3446655273438,43866014,3556.75,32.34579849243164,14.760000228881836
2023-11-14,551.1287969842657,551.1287969842657,546.3446928437774,547.301513671875,21568576,3685.570068359375,32.24449920654297,14.15999984741211
2023-11-15,557.8264832488436,557.8264832488436,550.1719174409692,555.912841796875,50305088,3712.090087890625,32.07699966430664,14.18000030517578
2023-11-16,555.9128964458486,557.8265380859375,553.0424339857151,557.8265380859375,28291435,3724.10009765625,32.00859832763672,14.31999969482422
2023-11-17,553.9991729736328,557.8264556884766,553.9991729736328,554.9559936523438,22031704,3748.64990234375,31.83699989318848,13.800000190734863
2023-11-20,551.1288724003466,553.9993352774318,550.1720514413182,552.085693359375,22010114,3805.81005859375,31.734699249267575,13.40999984741211
2023-11-21,556.8696501903045,559.7401123046875,555.9128294855101,559.7401123046875,35921706,3732.7900390625,31.468000411987305,13.350000381469728
2023-11-22,551.1288724003466,553.9993352774318,549.2152304822899,552.085693359375,21969125,3744.9599609375,31.374000549316406,12.850000381469728
2023-11-23,549.2151968668901,553.04248046875,549.2151968668901,553.04248046875,14486134,3744.9599609375,31.51799964904785,12.850000381469728
2023-11-24,552.0856387992527,553.0424596637229,549.2151762058425,550.1719970703125,10058969,3747.929931640625,31.61400032043457,12.460000038146973
2023-11-27,548.2583474172673,552.0856308198311,543.4742431640625,543.4742431640625,18528520,3739.31005859375,31.63599967956543,12.6899995803833
2023-11-28,540.6037884256115,551.1288179347827,540.6037884256115,550.1719970703125,26343906,3718.35009765625,31.524999618530277,12.6899995803833
2023-11-29,553.0424321935567,553.9992530105006,545.3878656580058,549.2151489257812,24868842,3753.360107421875,31.27199935913086,12.979999542236328
2023-11-30,551.1288724003466,552.085693359375,545.3879466461764,552.085693359375,47192647,3724.580078125,31.069000244140625,12.920000076293944
2023-12-01,548.2583425255019,553.999267578125,548.2583425255019,553.999267578125,28051165,3738.27001953125,31.374000549316406,12.630000114440918
2023-12-04,556.8697154613322,556.8697154613322,546.3446864749496,549.2151489257812,26847171,3693.43994140625,31.18899917602539,13.079999923706056
2023-12-05,546.344638115063,547.3014588473136,542.5173551860609,545.3878173828125,22229723,3672.39990234375,31.423599243164062,12.850000381469728
2023-12-06,543.4741759183114,550.1719210440652,543.4741759183114,545.3878173828125,21518089,3645.820068359375,31.516000747680664,12.970000267028809
2023-12-07,545.3878298917845,548.2582921543728,541.560546875,541.560546875,20840397,3747.5400390625,31.48909950256348,13.0600004196167
2023-12-08,549.2151003118147,552.0855625085663,545.3878173828125,545.3878173828125,33507214,3774.169921875,31.427000045776367,12.350000381469728
2023-12-11,547.3015072918935,550.1719697427251,545.3878656580058,549.2151489257812,27378610,3902.389892578125,31.409500122070312,12.630000114440918
2023-12-12,554.9561222696799,555.9129431701449,550.1720177673551,553.04248046875,29403010,3930.179931640625,31.327999114990234,12.06999969482422
2023-12-13,551.1288724003466,553.9993352774318,551.1288724003466,552.085693359375,22977731,3990.949951171875,31.473100662231445,12.1899995803833
2023-12-14,558.8182688709796,559.7800903320312,556.8946259488764,559.7800903320312,39409958,4097.47021484375,31.15699958801269,12.479999542236328
2023-12-15,562.6657104492188,563.6275321764824,557.8566018129006,562.6657104492188,54323262,4117.0,31.18429946899414,12.279999732971191
2023-12-18,556.8947800856371,562.6657104492188,554.9711366311097,562.6657104492188,26122277,4103.7900390625,31.34779930114746,12.5600004196167
2023-12-19,565.5511756310096,565.5511756310096,557.8566018129006,562.6657104492188,28254292,4125.56005859375,31.375,12.529999732971191
2023-12-20,564.589353903746,564.589353903746,560.7420669946915,562.6657104492188,38121456,4007.659912109375,31.270000457763672,13.670000076293944
2023-12-21,554.9710083007812,556.8946513104893,553.0473652910731,554.9710083007812,24923414,4118.58984375,31.309999465942383,13.649999618530272
2023-12-22,559.7800903320312,559.7800903320312,556.8946259488764,559.7800903320312,18690214,4132.85009765625,31.19300079345703,13.029999732971191
2023-12-25,559.7802421320325,562.6657072976616,557.8565986882799,558.8184204101562,9548143,4132.85009765625,31.07999992370605,13.029999732971191
2023-12-26,560.7420374118427,563.6275024414062,559.7802157353216,563.6275024414062,16094308,4207.4501953125,31.11969947814941,12.989999771118164
2023-12-27,564.589329075169,569.3984375,563.6275073902027,569.3984375,33401336,4214.58984375,30.94300079345703,12.43000030517578
2023-12-28,569.3984078572934,570.3602294921875,566.5129429526112,570.3602294921875,25514849,4208.68017578125,30.84569931030273,12.470000267028809
2023-12-29,566.5129429526112,570.3602294921875,566.5129429526112,570.3602294921875,18416318,4175.47021484375,30.697999954223636,12.449999809265137
2024-01-02,567.4747645875052,570.3602294921875,566.5129429526112,570.3602294921875,26059058,4023.0400390625,30.66860008239746,13.199999809265137
2024-01-03,561.7039140219507,562.6657357925362,554.0093398572665,555.9329833984375,37106763,3941.2099609375,30.878999710083008,14.039999961853027
2024-01-04,557.8565673828125,558.8183890507139,554.9711023791083,557.8565673828125,15309129,3908.85009765625,31.041900634765625,14.130000114440918
2024-01-05,555.9327981736925,557.8564410739475,552.0855123731825,554.0091552734375,18158971,3933.489990234375,31.054000854492188,13.350000381469728
2024-01-08,559.7801827746435,562.6656476343067,556.8947179149804,560.7420043945312,17761275,4062.47998046875,30.95199966430664,13.079999923706056
2024-01-09,565.5511457944486,566.5129674709698,560.7420374118427,563.6275024414062,22501510,4064.64990234375,30.72100067138672,12.760000228881836
2024-01-10,558.8183924008722,563.6275007692102,557.8565707272046,561.703857421875,13037716,4048.840087890625,31.06110000610352,12.6899995803833
2024-01-11,563.6275024414062,566.5129674709698,560.7420374118427,563.6275024414062,23997409,4067.89990234375,31.117799758911133,12.4399995803833
2024-01-12,558.8183924008722,565.5511441165454,558.8183924008722,561.703857421875,16496053,4052.429931640625,30.893999099731445,12.699999809265137
2024-01-15,567.4747891474909,567.4747891474909,562.6656807648851,563.6275024414062,21143076,4052.429931640625,31.07559967041016,12.699999809265137
2024-01-16,558.8183890507139,565.5511407260237,556.8947457149111,557.8565673828125,27223860,4105.93994140625,31.19499969482422,13.84000015258789
2024-01-17,560.7420638539089,561.7038855757853,555.9329552445272,558.8184204101562,42592335,4069.949951171875,31.45800018310547,14.789999961853027
2024-01-18,563.6274432746732,566.5129080013353,562.6656216991191,565.5510864257812,27209996,4206.52001953125,31.542499542236328,14.130000114440918
2024-01-19,601.1384592269557,603.062102296482,590.5584223445612,602.1002807617188,161106401,4375.64990234375,31.58060073852539,13.300000190734863
2024-01-22,608.8330315050607,608.8330315050607,599.2148161574294,602.1002807617188,65168775,4386.60009765625,31.3838005065918,13.1899995803833
2024-01-23,604.9856861867722,604.9856861867722,598.2529361020228,604.0238647460938,41072439,4415.259765625,31.368000030517575,12.550000190734863
2024-01-24,604.0240165065541,605.9476598712246,600.1767297772129,603.0621948242188,26635005,4483.330078125,31.395000457763672,13.140000343322754
2024-01-25,610.756690004533,617.4894409179688,608.8330468864084,617.4894409179688,52243347,4472.259765625,31.29199981689453,13.449999809265137
2024-01-26,619.4131469726562,621.3367902862359,614.6040386887071,619.4131469726562,41153025,4342.10009765625,31.315000534057617,13.260000228881836
2024-01-29,621.3366719940562,623.2603149414062,619.4130290467062,623.2603149414062,27825490,4388.27001953125,31.273099899291992,13.600000381469728
2024-01-30,617.4894409179688,622.2985487132801,617.4894409179688,617.4894409179688,36161825,4319.990234375,31.184999465942383,13.3100004196167
2024-01-31,609.7947933901647,612.6802577122002,602.1002218647367,604.0238647460938,41277950,4260.919921875,31.159099578857425,14.350000381469728
2024-02-01,601.1384004240582,604.0238647460938,595.3674717799872,604.0238647460938,44946369,4280.47998046875,31.2450008392334,13.880000114440918
2024-02-02,608.833070673905,610.7567138671875,604.0239626906988,610.7567138671875,26334815,4336.72998046875,31.233999252319336,13.850000381469728
2024-02-05,620.3749093920823,622.2985525219802,613.6421584374395,621.3367309570312,44017740,4388.10009765625,31.3257999420166,13.670000076293944
2024-02-15,681.9315075210725,681.9315075210725,666.5423620763091,670.3896484375,112945296,4558.10009765625,31.34510040283203,14.010000228881836
2024-02-16,670.389697587333,672.313340908961,656.9241943359375,656.9241943359375,44232811,4527.68017578125,31.262699127197266,14.239999771118164
2024-02-19,648.2678861814966,655.9624604981909,648.2678861814966,652.1151733398438,34408673,4527.68017578125,31.333200454711918,14.239999771118164
2024-02-20,649.229684354957,661.7333671647563,649.229684354957,660.7715454101562,30166461,4456.8701171875,31.402099609375,15.420000076293944
2024-02-21,652.1150235751652,656.92413141864,652.1150235751652,655.00048828125,30564485,4446.35986328125,31.37779998779297,15.34000015258789
2024-02-22,668.466031289514,668.466031289514,658.8478150119671,665.58056640625,33145643,4667.3701171875,31.426300048828125,14.539999961853027
2024-02-23,674.2369347986908,676.1605779792862,669.4278268472023,670.3896484375,46448923,4615.02978515625,31.45400047302246,13.75
2024-02-26,673.2752671556008,673.2752671556008,668.4661581044894,671.3516235351562,28798079,4663.47021484375,31.601999282836918,13.739999771118164
2024-02-27,673.2752671556008,674.2370889658231,664.6188708636003,671.3516235351562,33006829,4654.89013671875,31.5487003326416,13.43000030517578
2024-02-29,664.6187430119169,671.3514943883039,661.7332781363224,663.6569213867188,54368302,4726.919921875,31.647899627685547,13.399999618530272
2024-03-01,670.3896409963489,670.3896409963489,661.7332467797532,662.695068359375,23390635,4929.580078125,31.614900588989254,13.109999656677246
2024-03-04,686.740700936153,697.3207397460938,683.8552358061692,697.3207397460938,88861397,4981.97021484375,31.55929946899414,13.489999771118164
2024-03-05,706.9388686924765,709.8243334626499,700.2061175620719,702.1297607421875,64403889,4879.830078125,31.509300231933597,14.460000038146973
2024-03-06,690.587876341943,709.8243074378189,689.6260547871492,706.9388427734375,43687122,4997.93017578125,31.54050064086914,14.5
2024-03-07,726.175327903346,739.6408306724147,725.2135062769839,730.9844360351562,71817344,5165.830078125,31.464000701904297,14.4399995803833
2024-03-08,764.6482144569865,765.6100361103914,742.5263164286711,754.0681762695312,87139744,4957.77978515625,31.434799194335938,14.739999771118164
2024-03-11,738.6790143603133,748.2972306931299,731.9462629273416,736.75537109375,64759810,4890.2001953125,31.452999114990234,15.220000267028809
2024-03-12,728.0989198362672,741.5644216562246,725.213455160562,740.6026000976562,58110339,4992.509765625,31.362199783325195,13.84000015258789
2024-03-13,755.0299013502638,755.0299013502638,747.3353291072037,749.2589721679688,36754557,4868.9501953125,31.398799896240234,13.75
2024-03-14,749.2590680025062,755.0299979229362,740.602673121861,754.0681762695312,42010806,4783.64990234375,31.40660095214844,14.399999618530272
2024-03-15,741.5643738522473,747.3353028316421,724.2515869140625,724.2515869140625,73316437,4757.7099609375,31.525999069213867,14.40999984741211
2024-03-18,728.5998722096388,739.2293133161455,728.5998722096388,738.2630004882812,43589856,4757.60009765625,31.603700637817383,14.329999923706056
2024-03-19,732.4651319448716,739.2293218177134,729.5661934279394,736.3303833007812,30152375,4712.81005859375,31.641000747680664,13.81999969482422
2024-03-20,738.2629645757751,743.0945284800669,726.6672112054749,732.465087890625,41280325,4788.18017578125,31.73040008544922,13.039999961853027
2024-03-21,746.9598528025101,757.5892944335938,745.993539926957,757.5892944335938,46026103,4897.8798828125,31.76219940185547,12.920000076293944
2024-03-22,761.4545416376393,762.4208545077379,748.8924743263585,758.5556030273438,30660820,4908.259765625,31.882999420166016,13.0600004196167
2024-03-25,756.62293748122,761.4545015775241,752.7576862041767,753.7239990234375,19877101,4891.490234375,31.934999465942383,13.1899995803833
2024-03-26,761.4544930616607,765.3197442954763,749.8587393602141,755.6566162109375,40990702,4851.8798828125,31.733999252319336,13.239999771118164
2024-03-27,758.5555673777981,758.5555673777981,752.7576904296875,752.7576904296875,18794479,4899.9501953125,31.885299682617188,12.779999732971191
2024-03-28,747.9261074587025,749.8587330593709,742.128230656697,743.0945434570312,27190918,4905.2099609375,31.979400634765625,13.010000228881836
2024-03-29,743.0945747611449,750.8250774894793,742.1282619201031,749.8587646484375,9802000,4905.2099609375,32.01810073852539,13.010000228881836
2024-04-01,756.6229183841061,756.6229183841061,743.0945392559101,744.0608520507812,21041261,4962.10009765625,31.93400001525879,13.649999618530272
2024-04-02,757.5893295094937,763.38720703125,756.6230165892009,763.38720703125,37974481,4886.93994140625,32.01499938964844,14.609999656677246
2024-04-03,756.62293748122,758.5555631197416,751.7913733849159,753.7239990234375,30890544,4903.5,32.03900146484375,14.329999923706056
2024-04-08,762.4207401202556,765.3196782956178,756.6228637695312,756.6228637695312,32202226,4825.39013671875,32.11119842529297,15.1899995803833
2024-04-09,768.2186498397436,792.3764690170941,765.3197115384615,791.41015625,56857731,4870.81005859375,32.07279968261719,14.979999542236328
2024-04-10,787.5449829101562,791.4102343600221,782.713418597824,787.5449829101562,27480849,4790.35009765625,31.96619987487793,15.800000190734863
2024-04-11,783.679710350967,792.3765258789062,783.679710350967,792.3765258789062,25200651,4906.3701171875,32.18299865722656,14.90999984741211
2024-04-12,795.2755343336931,798.1744730979715,789.4776568051365,790.4439697265625,31508936,4745.0498046875,32.2244987487793,17.309999465942383
2024-04-15,776.9155797461423,784.6460830271984,775.9492668360102,778.8482055664062,38913470,4679.10009765625,32.25400161743164,19.229999542236328
2024-04-16,774.9827845229715,775.949097221878,758.5554686415619,761.4544067382812,49508969,4720.52978515625,32.38880157470703,18.399999618530277
2024-04-17,771.1176502740205,780.7807787235697,766.286086049246,776.91552734375,34472074,4567.31005859375,32.49789810180664,18.209999084472656
2024-04-18,769.1850245841107,782.7134044134796,765.3197732042911,776.91552734375,43598591,4491.7099609375,32.3380012512207,18.0
2024-04-19,743.0945628255208,744.0608756510417,720.8693678385416,724.734619140625,130968654,4306.8701171875,32.41590118408203,18.709999084472656
2024-04-22,715.0716463896142,731.4989679958621,715.0716463896142,717.0042724609375,46540798,4381.919921875,32.50400161743164,16.940000534057617
2024-04-23,735.3641047389185,735.3641047389185,726.667288782742,728.5999145507812,30423647,4478.7998046875,32.58300018310547,15.6899995803833
2024-04-24,744.0607983429617,758.5554892197727,743.094485617841,756.6228637695312,39457128,4526.2001953125,32.503501892089844,15.970000267028809
2024-04-25,744.0609302968953,747.9261818828533,739.229365814448,740.1956787109375,28534926,4615.0400390625,32.62730026245117,15.369999885559082
2024-04-26,761.4544930616607,762.4208058701147,755.6566162109375,755.6566162109375,32571247,4735.2900390625,32.53099822998047,15.029999732971191
2024-04-29,763.3871248833038,768.2186889648438,760.4881864343799,768.2186889648438,26765837,4765.7900390625,32.55899810791016,14.670000076293944
2024-04-30,770.1513974732991,774.9829620747627,763.38720703125,763.38720703125,39051972,4673.2998046875,32.43399810791016,15.649999618530272
2024-05-02,762.4208489452619,762.4208489452619,745.9935302734375,745.9935302734375,40527228,4605.35009765625,32.47600173950195,14.68000030517578
2024-05-03,761.4545015775241,761.4545015775241,746.9598092886118,753.7239990234375,29901556,4716.18994140625,32.34600067138672,13.489999771118164
2024-05-06,764.3534759443831,766.2861016736989,759.5219116210938,759.5219116210938,32599878,4820.4501953125,32.27690124511719,13.489999771118164
2024-05-07,770.1512935638428,773.0502319335938,765.3197296142579,773.0502319335938,33890214,4784.8798828125,32.26300048828125,13.229999542236328
2024-05-08,767.2524677381255,774.9829711914062,765.3198418748052,774.9829711914062,21757193,4790.3798828125,32.363800048828125,13.0
2024-05-09,771.1176843691112,774.9829359198335,769.18505859375,769.18505859375,21923999,4759.77001953125,32.33300018310547,12.6899995803833
2024-05-10,775.9492841230664,779.8145358497068,771.1177194647659,774.9829711914062,25101318,4808.02978515625,32.33879852294922,12.550000190734863
2024-05-13,795.2754073183761,797.2080328525641,790.443843482906,791.41015625,34812619,4823.08984375,32.42399978637695,13.600000381469728
2024-05-14,788.5113139204545,797.2081298828125,783.6797494969223,797.2081298828125,28691846,4903.93017578125,32.37149810791016,13.420000076293944
2024-05-15,809.770198344616,815.5680756597326,808.8038854587633,810.7365112304688,39467772,5045.080078125,32.31370162963867,12.449999809265137
2024-05-16,823.2985700500706,827.1638215526531,808.8038769153862,812.6691284179688,43927195,5017.5400390625,32.03129959106445,12.420000076293944
2024-05-17,819.4332826534431,819.4332826534431,805.9049029869948,806.8712158203125,26207289,4983.02001953125,32.12379837036133,11.989999771118164
2024-05-20,805.9049029869948,809.7701543202658,794.3091489871819,806.8712158203125,28808661,5090.35009765625,32.16400146484375,12.149999618530272
2024-05-21,802.0396867858668,812.6691284179688,802.0396867858668,812.6691284179688,19705349,5074.39990234375,32.2057991027832,11.859999656677246
2024-05-22,816.5342836026792,835.8605388358787,814.6016580793593,834.8942260742188,36628342,5126.81005859375,32.234798431396484,12.289999961853027
2024-05-23,845.5236206054688,847.4562460239955,837.7931189313616,845.5236206054688,37266618,5125.97998046875,32.223899841308594,12.770000457763672
2024-05-24,829.0964579334722,842.624838365953,829.0964579334722,837.7932739257812,34136382,5220.919921875,32.22079849243164,11.93000030517578
2024-05-27,842.6248297477345,848.4227070166409,836.826952478828,839.7258911132812,26726954,5220.919921875,32.18899917602539,11.93000030517578
2024-05-28,837.793160181652,843.5910367227013,835.8605346679688,835.8605346679688,25329216,5317.8701171875,32.06999969482422,12.920000076293944
2024-05-29,831.995317100783,838.7595066707081,827.1637531222651,828.1300659179688,33436835,5219.31982421875,32.17380142211914,14.279999732971191
2024-05-30,812.6691413096426,819.4333315464648,809.7702026367188,809.7702026367188,38065102,5173.259765625,32.37699890136719,14.470000267028809
2024-05-31,809.7700903052679,817.5005923606882,793.3427734375,793.3427734375,77438401,5123.35986328125,32.35639953613281,12.920000076293944
2024-06-03,810.7364814343464,824.2648613390911,808.8038557336686,817.5006713867188,28345488,5152.509765625,32.46500015258789,13.109999656677246
2024-06-04,815.5680756597326,822.3322658607019,808.8038854587633,810.7365112304688,28223635,5116.27001953125,32.314300537109375,13.15999984741211
2024-06-05,812.6691337067294,828.1301398176779,806.8712564151238,825.231201171875,31975446,5347.43994140625,32.328800201416016,12.630000114440918
2024-06-06,862.9174760993428,868.7153538782858,855.1869723940856,863.8837890625,62925136,5301.68017578125,32.25199890136719,12.579999923706056
2024-06-07,855.1869154790156,858.0858541755546,849.3890380859375,849.3890380859375,41075399,5287.240234375,32.20890045166016,12.220000267028809
2024-06-11,861.9510267177767,864.8499651484419,853.2542114257812,853.2542114257812,48228488,5365.3798828125,32.33399963378906,12.850000381469728
2024-06-12,858.0857280063944,883.2098596822573,858.0857280063944,878.3782958984375,48106925,5520.8701171875,32.315799713134766,12.039999961853027
2024-06-13,895.3539453284395,906.9945166653208,883.7133739915585,891.4737548828125,55857091,5602.419921875,32.20100021362305,11.9399995803833
2024-06-14,888.5636860150319,894.3839721679688,877.8931614013142,894.3839721679688,38408123,5598.31005859375,32.29899978637695,12.65999984741211
2024-06-17,885.6535587538596,897.2941312676014,885.6535587538596,893.4139404296875,26292426,5688.10009765625,32.3489990234375,12.75
2024-06-18,915.7250526080328,921.5453389593551,911.8448617071514,914.7550048828124,37876013,5765.1201171875,32.30099868774414,12.300000190734863
2024-06-19,924.4554256085348,954.5269032516246,924.4554256085348,951.6167602539062,72228052,5765.1201171875,32.34749984741211,12.300000190734863
2024-06-20,941.916283594845,951.6167602539062,941.916283594845,951.6167602539062,48225374,5610.009765625,32.38079833984375,13.279999732971191
2024-06-21,932.2157991075024,948.7066092894248,931.2457514497424,940.9462280273438,88376132,5538.5400390625,32.340999603271484,13.199999809265137
2024-06-24,929.305645232505,931.245740525266,911.8447875976562,911.8447875976562,66391994,5371.52001953125,32.362998962402344,13.329999923706056
2024-06-25,897.2941145316634,916.695068359375,895.3540191488922,916.695068359375,57368432,5467.66015625,32.32149887084961,12.84000015258789
2024-06-26,922.5153593063354,931.2457885742188,922.5153593063354,931.2457885742188,44967166,5452.31982421875,32.4734992980957,12.550000190734863
2024-06-27,922.5153593063354,932.21583627065,920.5752639134724,931.2457885742188,39729446,5421.08984375,32.582298278808594,12.239999771118164
2024-06-28,927.3656238374256,941.9163396926152,926.3955761137464,937.0661010742188,39138210,5472.259765625,32.52199935913086,12.4399995803833
2024-07-01,939.006103515625,947.736532164014,936.0959606328288,939.006103515625,19935737,5477.14990234375,32.50400161743164,12.220000267028809
2024-07-02,938.0361224492392,941.916313234965,930.2757408777871,931.2457885742188,25427569,5544.990234375,32.52170181274414,12.029999732971191
2024-07-03,946.7664928338866,949.6766357421876,938.036064108984,949.6766357421876,24070411,5651.72021484375,32.57279968261719,12.09000015258789
2024-07-04,970.0477106654228,979.748187772077,967.1375675334266,974.89794921875,41893299,5651.72021484375,32.62149810791016,12.09000015258789
2024-07-05,974.89794921875,979.748187772077,970.0477106654228,974.89794921875,19998094,5656.31005859375,32.50659942626953,12.479999542236328
2024-07-08,974.8978395323822,1018.5499816009964,970.0476015247584,1003.999267578125,40146763,5765.2099609375,32.393001556396484,12.369999885559082
2024-07-09,999.1489510169396,1023.4001391484188,994.2987133906438,1008.8494262695312,46373121,5765.2001953125,32.47100067138672,12.510000228881836
2024-07-10,989.448577442808,1018.5500061911258,984.5983393180884,1013.6997680664062,46206302,5904.5400390625,32.50749969482422,12.850000381469728
2024-07-11,1033.1006537543403,1047.6513671875,1023.4001781322338,1047.6513671875,41724336,5699.66015625,32.58689880371094,12.920000076293944
2024-07-12,999.1489510169396,1013.6996638958271,994.2987133906438,1008.8494262695312,68983062,5775.18994140625,32.38679885864258,12.460000038146973
2024-07-15,1008.8494262695312,1013.6996638958271,994.2987133906438,1008.8494262695312,38393309,5777.7099609375,32.54800033569336,13.119999885559082
2024-07-16,1008.8496140032584,1037.9510451764293,1003.9993754743964,1023.4003295898438,32125609,5804.02978515625,32.57400131225586,13.1899995803833
2024-07-17,1003.9992859479294,1013.699762140663,989.4485716588288,999.1490478515624,54022399,5408.7099609375,32.56330108642578,14.479999542236328
2024-07-18,958.4071381374378,974.89794921875,956.4670427161068,974.89794921875,81990095,5436.419921875,32.49079895019531,15.93000030517578
2024-07-19,958.4070858670264,965.1974194713476,940.9462280273438,940.9462280273438,92507621,5267.16015625,32.638999938964844,16.520000457763672
2024-07-22,935.1258847822652,936.0959323805868,909.904647225897,910.8746948242188,83062356,5477.830078125,32.78099822998047,14.90999984741211
2024-07-23,934.1558735645827,949.6766357421876,927.3655401118808,949.6766357421876,47213266,5397.89990234375,32.80849838256836,14.720000267028809
2024-07-26,887.5936067259157,902.144321590275,887.5936067259157,896.3240356445312,82081735,5103.1298828125,32.643001556396484,16.389999389648438
2024-07-29,913.7849412045236,919.605227454234,907.9646549548132,915.7250366210938,40809258,5087.6201171875,32.79800033569336,16.600000381469727
2024-07-30,902.1443111338514,920.5752164150806,898.2641205483294,911.8447875976562,41761392,4890.14990234375,32.849300384521484,17.690000534057617
2024-07-31,901.1744191335152,911.8449450866568,900.2043713195932,906.024658203125,39894991,5233.18017578125,32.76150131225586,16.360000610351562
2024-08-01,939.976217842102,939.976217842102,919.605216217041,931.2457885742188,47382270,4859.58984375,32.57229995727539,18.59000015258789
2024-08-02,890.5037172640676,900.2041934869878,875.9530029296875,875.9530029296875,76144485,4607.759765625,32.71649932861328,23.38999938964844
2024-08-05,826.4806955162002,831.330934339652,788.6488326932755,790.5889282226562,144057989,4519.4501953125,32.58890151977539,38.56999969482422
2024-08-06,842.0013954856179,868.192683133212,814.8400601473721,853.6419677734375,102930842,4567.56982421875,32.67900085449219,27.709999084472656
2024-08-07,874.013001881475,892.4439086914062,866.2526200667671,892.4439086914062,59158704,4426.27001953125,32.77799987792969,27.850000381469727
2024-08-08,874.0129581178938,877.8931488309588,860.4322906221663,869.1627197265625,38236391,4730.009765625,32.650001525878906,23.790000915527344
2024-08-09,899.2343235056711,906.024658203125,894.3840844360612,906.024658203125,49494621,4709.4501953125,32.41019821166992,20.3700008392334
2024-08-12,913.7848828904172,919.6051687687,903.114358780232,911.8447875976562,38331663,4743.81982421875,32.435001373291016,20.709999084472656
2024-08-13,916.695132443046,916.695132443046,908.934750369454,912.81494140625,25764381,4942.31005859375,32.23899841308594,18.1200008392334
2024-08-14,922.5154289535328,926.3956200322018,916.6951423355296,919.6052856445312,36780856,4933.35009765625,32.30500030517578,16.190000534057617
2024-08-15,916.6951003332532,921.5453389593551,912.8149094323718,914.7550048828124,19476402,5173.3798828125,31.9950008392334,15.229999542236328
2024-08-16,934.156031558388,939.976318359375,929.3057925575656,939.976318359375,44062316,5170.25,32.442501068115234,14.800000190734863
2024-08-19,939.9761328074816,945.7964184595404,935.1258947640994,943.8563232421876,21348863,5266.56982421875,32.135501861572266,14.649999618530272
2024-08-20,947.7365136768932,947.7365136768932,939.0060851988052,943.8563232421876,24039959,5196.2998046875,31.910499572753903,15.880000114440918
2024-08-21,932.2159295131868,935.1260728935608,927.3656905458964,929.3057861328124,29758188,5267.93017578125,31.895000457763672,16.270000457763672
2024-08-22,929.3057148930402,935.1260012076104,919.60523770209,922.515380859375,24349754,5086.89990234375,31.69499969482422,17.549999237060547
2024-08-23,915.7249571917808,923.4853381849316,910.8747190710616,920.5751953125,27592153,5228.64990234375,32.03499984741211,15.859999656677246
2024-08-26,928.3356832725124,932.2158742161802,916.6951104415092,921.5453491210938,25057581,5097.35009765625,31.754499435424805,16.149999618530273
2024-08-27,916.6951163711062,917.665164113298,911.844877660148,913.7849731445312,18693037,5153.6298828125,31.80900001525879,15.43000030517578
2024-08-28,916.6951302176196,935.1260375976562,914.7550347039314,935.1260375976562,31059233,5059.56005859375,31.69499969482422,17.110000610351562
2024-08-29,913.7849571575922,918.635195783694,908.9347185314904,914.7550048828124,43530708,5029.25,31.982999801635746,15.649999618530272
2024-08-30,915.7250366210938,923.4854182873742,912.8148934962386,915.7250366210938,63834981,5158.81982421875,31.857999801635746,15.0
2024-09-02,921.5453811838656,926.3956200322018,914.7550467961952,919.6052856445312,18646835,5158.81982421875,31.996000289916992,15.0
2024-09-03,919.6051687687,923.485359354222,910.8747399512756,911.8447875976562,19547575,4759.0,31.93099975585937,20.71999931335449
2024-09-04,867.2226138206113,877.8931381517374,861.4023278218152,862.3723754882812,79709021,4770.85009765625,31.981000900268555,21.31999969482422
2024-09-05,879.8332707644038,887.5936524249497,873.042936811426,874.9830322265625,30512026,4742.419921875,31.95499992370605,19.899999618530277
2024-09-06,881.7734757965687,890.50390625,875.9531888276144,890.50390625,24458336,4528.22021484375,32.00699996948242,22.3799991607666
2024-09-09,865.2824815658892,873.04286256648,864.3124339408153,872.0728149414062,35885268,4625.77978515625,32.025901794433594,19.450000762939453
2024-09-10,879.833238719839,883.7134294087908,874.0129526864112,876.923095703125,33498628,4680.669921875,32.108001708984375,19.07999992370605
2024-09-11,878.8631777408782,878.8631777408782,873.0428917955743,874.012939453125,18029342,4910.169921875,32.15800094604492,17.690000534057617
2024-09-12,912.0136386303192,919.8086269946808,904.2186502659574,915.9111328125,39454846,4898.43994140625,32.10699844360352,17.06999969482422
2024-09-13,930.5267388767778,930.5267388767778,914.9367620997848,922.7317504882812,25347586,4980.490234375,31.92300033569336,16.559999465942383
2024-09-16,927.6036182310916,927.6036182310916,918.834256294033,922.7317504882812,13626239,4910.43994140625,31.9379997253418,17.139999389648438
2024-09-18,920.7831147829354,923.7062357822464,909.0906307856916,916.8856201171876,28424324,4859.2900390625,31.93950080871582,18.229999542236328
2024-09-19,915.9111493428549,935.3986206054688,912.013655090332,935.3986206054688,32739630,5066.64990234375,31.77899932861328,16.329999923706055
2024-09-20,955.8604178041496,956.8347913187308,946.1166826583376,948.0654296875,60133709,5000.06005859375,31.76799964904785,16.149999618530273
2024-09-23,946.1167104012402,951.9629516601562,946.1167104012402,951.9629516601562,14497067,5025.81005859375,31.98900032043457,15.890000343322754
2024-09-24,950.9886166650836,961.7067260742188,946.1167487518404,961.7067260742188,26785975,5091.77978515625,31.933000564575195,15.390000343322754
2024-09-25,974.3736153218284,979.2454833984376,972.4248680911846,979.2454833984376,39405222,5132.52001953125,31.700000762939453,15.40999984741211
2024-09-26,984.1172680784327,988.9891357421876,979.2454004146782,988.9891357421876,38321585,5310.5,31.863000869750977,15.369999885559082
2024-09-27,993.8609436035156,998.7328109741212,974.3734741210938,974.3734741210938,35783779,5217.22998046875,31.459999084472656,16.959999084472656
2024-09-30,952.9373702763764,964.6298533472522,932.4755249023438,932.4755249023438,61603217,5173.06005859375,31.575000762939453,16.729999542236328
2024-10-01,942.2191968376254,951.9629320686248,942.2191968376254,947.091064453125,26760355,5024.93994140625,31.57999992370605,19.26000022888184
2024-10-04,960.7323135485302,960.7323135485302,942.2192162286296,951.9629516601562,40934818,5206.83984375,32.018001556396484,19.209999084472656
2024-10-07,967.5530000145756,984.1173514750466,963.6555055532882,979.2454833984376,39667071,5196.7998046875,32.34000015258789,22.63999938964844
2024-10-08,974.3735134011448,984.1172485351562,971.4503928609412,984.1172485351562,30845902,5266.10009765625,32.12179946899414,21.420000076293945
2024-10-09,1003.6048201018688,1008.4766881606158,993.861083984375,993.861083984375,46975717,5321.89990234375,32.16999816894531,20.86000061035156
2024-10-11,998.732866351114,1023.0922045547997,993.8609987103767,1018.2203369140624,43058754,5335.93994140625,32.195499420166016,20.459999084472656
2024-10-14,1018.2203369140624,1027.9640721955368,1008.4766016325884,1018.2203369140624,36858874,5432.2099609375,32.130001068115234,19.700000762939453
2024-10-15,1023.0922406633324,1047.451579726745,1023.0922406633324,1042.5797119140625,42850176,5145.2099609375,32.152000427246094,20.63999938964844
2024-10-16,1013.3484692733256,1042.5796751177484,1008.4766016325884,1018.2203369140624,52652149,5155.85986328125,32.17100143432617,19.57999992370605
2024-10-17,1023.0921648550724,1027.964032306763,1003.6046950483092,1008.4765625,54173771,5204.81005859375,32.1349983215332,19.11000061035156
2024-10-18,1066.9390480990785,1071.8109158986176,1047.4515769009215,1057.1953125,85011961,5208.6201171875,32.06800079345703,18.030000686645508
2024-10-21,1062.0671802995391,1066.9390480990785,1052.3234447004609,1057.1953125,36491060,5215.2099609375,32.04199981689453,18.3700008392334
2024-10-22,1037.707681913154,1047.451416015625,1032.8358148619186,1047.451416015625,41197877,5190.7099609375,32.05099868774414,18.200000762939453
2024-10-23,1032.8359375,1042.579672759434,1027.964069870283,1032.8359375,31423466,5131.3701171875,32.013999938964844,19.239999771118164
2024-10-24,1042.579672759434,1047.451540389151,1027.964069870283,1032.8359375,38236996,5157.60986328125,32.00400161743164,19.07999992370605
2024-10-25,1037.7078857421875,1042.5797537503668,1032.8360177340082,1037.7078857421875,22009575,5212.830078125,31.983800888061523,20.32999992370605
2024-10-28,1047.4513753255208,1052.3232421875,1023.092041015625,1023.092041015625,40142324,5211.669921875,32.06380081176758,19.799999237060547
2024-10-29,1008.4764606769268,1013.3483276367188,993.8608597975513,1013.3483276367188,45415773,5332.169921875,32.01380157470703,19.34000015258789
2024-10-30,1013.3484100045508,1027.9640120719243,1003.6046752929688,1003.6046752929688,38201984,5153.490234375,32.00299835205078,20.350000381469727
2024-11-01,970.4761359089176,1003.6048393435595,970.4761359089176,998.7329711914062,54480255,5001.43017578125,31.86280059814453,21.8799991607666
2024-11-04,1003.604593717135,1018.2201945965109,998.732726757343,1013.3483276367188,26747978,4974.0,31.922800064086918,21.979999542236328
2024-11-05,1003.6045735677084,1027.9639078776042,1003.6045735677084,1023.092041015625,32385622,5057.830078125,31.91200065612793,20.489999771118164
2024-11-06,1023.092202240566,1052.323408018868,1013.348466981132,1032.8359375,55349259,5215.56982421875,31.82229995727539,16.270000457763672
2024-11-07,1023.0922817176496,1047.451621758546,1023.0922817176496,1037.7078857421875,43975446,5333.990234375,32.334598541259766,15.199999809265137
2024-11-08,1057.1953925736454,1062.0672607421875,1052.3235244051032,1062.0672607421875,37099479,5290.52001953125,32.03400039672852,14.9399995803833
2024-11-11,1052.3234447004609,1062.0671802995391,1042.5797091013826,1057.1953125,34690205,5156.39013671875,32.23500061035156,14.970000267028809
2024-11-12,1032.8357747395833,1037.7076416015625,1023.092041015625,1023.092041015625,51099848,5108.64013671875,32.37480163574219,14.710000038146973
2024-11-13,1018.2202974033816,1023.0921648550724,1008.4765625,1008.4765625,42331232,5006.2900390625,32.414798736572266,14.020000457763672
2024-11-14,1003.6046950483092,1013.3484299516908,998.7328275966184,1008.4765625,44627940,5004.58984375,32.40800094604492,14.3100004196167
2024-11-15,1013.3484299516908,1018.2202974033816,1003.6046950483092,1008.4765625,34791611,4833.58984375,32.537200927734375,16.139999389648438
2024-11-18,1003.6048393435595,1008.4767074957128,993.8611030392532,998.7329711914062,31815076,4888.77001953125,32.46179962158203,15.579999923706056
2024-11-19,1003.604593717135,1018.2201945965109,998.732726757343,1013.3483276367188,24349599,4919.16015625,32.44229888916016,16.350000381469727
2024-11-20,998.7329711914062,998.7329711914062,998.7329711914062,998.7329711914062,40203197,4884.25,32.32550048828125,17.15999984741211
2024-11-21,993.8609836691676,998.7328512361734,984.1172485351562,984.1172485351562,41429227,4963.0498046875,32.47150039672852,16.8700008392334
2024-11-22,1008.4764606769268,1023.0920615563026,1008.4764606769268,1013.3483276367188,25187973,4955.7998046875,32.50529861450195,15.239999771118164
2024-11-25,1018.220277360342,1023.0921447161332,1003.6046752929688,1003.6046752929688,49566674,4987.919921875,32.56850051879883,14.600000381469728
2024-11-26,988.989116102162,993.8609836691676,984.1172485351562,984.1172485351562,27312402,4927.56005859375,32.332000732421875,14.100000381469728
2024-11-27,984.1172088623048,993.8609436035156,974.3734741210938,974.3734741210938,31276090,4853.009765625,32.404998779296875,14.100000381469728
2024-11-28,979.2454833984376,979.2454833984376,966.5786263992536,979.2454833984376,33689956,4853.009765625,32.414798736572266,14.100000381469728
2024-11-29,969.5016396763812,984.117242284568,968.5272661691688,970.4760131835938,40094983,4926.56005859375,32.49430084228516,13.510000228881836
2024-12-02,993.8609601449276,1013.3484299516908,988.9890926932368,1008.4765625,31168404,5055.31982421875,32.43899917602539,13.34000015258789
2024-12-03,1032.8359791543246,1037.7078469805242,1027.964111328125,1027.964111328125,43414538,5035.85986328125,32.59149932861328,13.300000190734863
2024-12-04,1037.70784410138,1042.5797119140625,1027.9641084760149,1042.5797119140625,33466290,5121.77978515625,32.4640007019043,13.449999809265137
2024-12-05,1042.5795489643897,1052.3232830668603,1042.5795489643897,1047.451416015625,31425359,5026.3701171875,32.3129997253418,13.539999961853027
2024-12-06,1047.451621758546,1052.3234897667253,1032.8360177340082,1037.7078857421875,30765288,5061.2998046875,32.32279968261719,12.770000457763672
2024-12-09,1042.5795489643897,1047.451416015625,1037.707681913154,1047.451416015625,22247131,5018.83984375,32.38800048828125,14.1899995803833
2024-12-10,1042.5797537503668,1047.451621758546,1032.8360177340082,1037.7078857421875,28506584,4894.7001953125,32.37080001831055,14.18000030517578
2024-12-11,1018.2203369140624,1032.835939836274,1018.2203369140624,1018.2203369140624,25264194,5027.7998046875,32.523799896240234,13.579999923706056
2024-12-12,1036.80419921875,1041.6947850641216,1031.913613373379,1036.80419921875,22791260,4982.18994140625,32.485801696777344,13.920000076293944
2024-12-13,1036.8041166923415,1046.5852876045335,1031.9135312362455,1041.6947021484375,20423659,5149.77978515625,32.465999603271484,13.8100004196167
2024-12-16,1061.257080078125,1061.257080078125,1051.4759088331652,1061.257080078125,39722392,5256.06005859375,32.49829864501953,14.6899995803833
2024-12-17,1066.147709620276,1071.0382954442225,1051.4759521484375,1051.4759521484375,37880707,5169.7900390625,32.41699981689453,15.869999885559082
2024-12-18,1051.4759088331652,1066.1476657006049,1046.5853232106856,1061.257080078125,41863190,4970.97998046875,32.4297981262207,27.6200008392334
2024-12-19,1041.694741507557,1046.5853271484375,1031.913570225796,1046.5853271484375,42702851,4893.47021484375,32.678001403808594,24.09000015258789
2024-12-20,1036.8041862450937,1036.8041862450937,1012.3512573242188,1012.3512573242188,52030520,4964.91015625,32.630001068115234,18.36000061035156
2024-12-23,1041.694819132487,1056.3665771484375,1036.8042331271702,1056.3665771484375,30728473,5118.75,32.61600112915039,16.780000686645508
2024-12-24,1071.038335164388,1071.038335164388,1056.3665771484375,1056.3665771484375,26461906,5173.56005859375,32.608001708984375,14.270000457763672
2024-12-25,1066.1476657006049,1066.1476657006049,1056.3664944556451,1061.257080078125,15481622,5173.56005859375,32.61399841308594,14.270000457763672
2024-12-26,1061.257080078125,1066.1476657006049,1061.257080078125,1061.257080078125,14374900,5175.31005859375,32.70790100097656,14.729999542236328
2024-12-27,1056.3666544223051,1071.0384135115037,1056.3666544223051,1066.1478271484375,24948385,5122.97021484375,32.72150039672852,15.949999809265137
2024-12-30,1066.1478271484375,1071.0384135115037,1061.257240785371,1066.1478271484375,23954634,5026.509765625,32.80849838256836,17.399999618530273
2024-12-31,1056.3665379723836,1061.25712379633,1051.4759521484375,1051.4759521484375,28397820,4979.93017578125,32.7599983215332,17.350000381469727
2025-01-02,1046.5852876045335,1051.4758730606293,1031.9135312362455,1041.6947021484375,43177098,5021.5,32.80099868774414,17.93000030517578
2025-01-03,1056.3665379723836,1061.25712379633,1051.4759521484375,1051.4759521484375,30415096,5163.64990234375,32.86980056762695,16.1299991607666
2025-01-06,1075.9287868923611,1100.3817138671875,1071.038201497396,1100.3817138671875,69289786,5310.14013671875,32.91230010986328,16.040000915527344
2025-01-07,1124.8348053788718,1134.6159775995577,1105.2724609375,1105.2724609375,48758688,5212.25,32.735801696777344,17.81999969482422
2025-01-08,1085.7100437906531,1105.2723869220165,1080.8194580078125,1080.8194580078125,45211419,5162.35009765625,32.7244987487793,17.700000762939453
2025-01-09,1075.928955078125,1090.600713556463,1075.928955078125,1075.928955078125,27263215,5162.35009765625,32.9202995300293,17.700000762939453
2025-01-10,1075.928955078125,1085.710127397017,1075.928955078125,1075.928955078125,22021522,5037.47021484375,32.83100128173828,19.540000915527344
2025-01-13,1085.710052916061,1090.6006387400073,1046.5853663244911,1051.4759521484375,56690300,5020.0400390625,33.09629821777344,19.190000534057617
2025-01-14,1061.257240785371,1066.1478271484375,1051.4760680592387,1066.1478271484375,28695247,5045.9501953125,33.054500579833984,18.709999084472656
2025-01-15,1061.2570439728213,1061.2570439728213,1041.6947021484375,1041.6947021484375,35489482,5153.669921875,32.95240020751953,16.1200008392334
2025-01-16,1071.038286442131,1090.600629573494,1066.1477006592902,1080.8194580078125,47542962,5162.9599609375,32.79600143432617,16.600000381469727
2025-01-17,1100.381796700614,1100.381796700614,1071.038282121931,1095.4912109375,59214050,5309.740234375,32.84299850463867,15.970000267028809
2025-01-20,1100.381796700614,1110.1629682268417,1095.4912109375,1095.4912109375,29834528,5309.740234375,32.90999984741211,15.970000267028809
2025-01-21,1090.600625174386,1100.381796700614,1085.7100394112724,1095.4912109375,21904213,5378.5,32.316001892089844,15.0600004196167
2025-01-22,1115.0535496110958,1124.8347210989125,1110.1629638671875,1110.1629638671875,42960405,5469.2900390625,32.58399963378906,15.100000381469728
2025-02-03,1041.694741507557,1051.475912789318,1036.8041558666764,1046.5853271484375,97946226,4924.81005859375,32.827999114990234,18.6200008392334
2025-02-04,1061.2571581139412,1075.928916060217,1056.3665721318494,1071.038330078125,53308108,4976.58984375,32.98699951171875,17.209999084472656
2025-02-05,1085.710205078125,1095.4913780968468,1080.819618568764,1085.710205078125,40385340,5091.5,32.8916015625,15.770000457763672
2025-02-06,1095.4912941423768,1095.4912941423768,1080.8195357386842,1090.6007080078125,29971252,5092.58984375,32.821800231933594,15.5
2025-02-07,1085.7099576822916,1100.3817138671875,1080.8193722873264,1100.3817138671875,27883220,5009.33984375,32.79600143432617,16.540000915527344
2025-02-10,1100.3818011391756,1100.3818011391756,1071.038286442131,1080.8194580078125,28527108,5082.669921875,32.82789993286133,15.8100004196167
2025-02-11,1085.710205078125,1090.600791587486,1075.9290320594032,1085.710205078125,18898928,5079.97021484375,32.86539840698242,16.020000457763672
2025-02-12,1085.710127397017,1090.600713556463,1075.928955078125,1075.928955078125,24172954,5090.7900390625,32.80329895019531,15.890000343322754
2025-02-13,1066.1478271484375,1071.0384135115037,1056.3666544223051,1066.1478271484375,33210403,5156.39013671875,32.85580062866211,15.100000381469728
2025-02-14,1041.6947850641216,1046.585370909493,1036.80419921875,1036.80419921875,64486940,5160.93994140625,32.61529922485352,14.770000457763672
2025-02-17,1041.6947375882055,1061.257080078125,1041.6947375882055,1061.257080078125,35491271,5160.93994140625,32.66550064086914,14.770000457763672
2025-02-18,1061.257196599787,1075.928955078125,1056.366610440341,1075.928955078125,21616188,5247.85986328125,32.706600189208984,15.350000381469728
2025-02-19,1066.1478271484375,1071.0384135115037,1061.257240785371,1066.1478271484375,26400293,5309.68994140625,32.72129821777344,15.270000457763672
2025-02-20,1056.3665771484375,1061.2571631537544,1046.585405137804,1056.3665771484375,29643124,5310.6298828125,32.74620056152344,15.65999984741211
2025-02-21,1061.2571581139412,1071.038330078125,1056.3665721318494,1071.038330078125,28972910,5136.58984375,32.69329833984375,18.209999084472656
2025-02-24,1056.3665379723836,1061.25712379633,1051.4759521484375,1051.4759521484375,30822970,5003.5400390625,32.77299880981445,18.979999542236328
2025-02-25,1031.9136962890625,1036.8042825273994,1027.0231100507258,1031.9136962890625,45158522,4888.8798828125,32.69969940185547,19.43000030517578
2025-02-26,1022.1324416826355,1036.80419921875,1022.1324416826355,1036.80419921875,36768449,4990.81982421875,32.77830123901367,19.100000381469727
2025-02-27,1041.6947496854343,1041.6947496854343,1017.2418212890624,1017.2418212890624,55283596,4686.75,32.750301361083984,21.1299991607666
2025-03-03,978.1172210094976,997.6795654296876,978.1172210094976,997.6795654296876,65621663,4575.3701171875,32.904998779296875,22.780000686645508
2025-03-04,974.20471875,987.898359375,974.20471875,978.1171875,64569262,4604.509765625,32.88890075683594,23.51000022888184
2025-03-05,997.6795654296876,1007.4607376397825,992.78897932464,997.6795654296876,41994320,4700.7900390625,32.7947998046875,21.93000030517578
2025-03-06,997.6795708955224,1002.5701570273632,983.0078125,983.0078125,45187017,4487.85009765625,32.80110168457031,24.8700008392334
2025-03-07,983.0078125,987.8983986318408,978.1172263681592,983.0078125,40822280,4629.58984375,32.8578987121582,23.3700008392334
2025-03-10,983.0077699955576,983.0077699955576,970.2922466025802,976.1609497070312,46849886,4405.08984375,32.82699966430664,27.86000061035156
2025-03-11,947.7955965931948,957.576768900658,941.9268932087168,949.7518310546876,50204233,4374.06982421875,32.866600036621094,26.920000076293945
2025-03-12,958.5547628672982,973.2265194417976,954.6422944474316,966.3796997070312,34184887,4481.02001953125,32.86880111694336,24.229999542236328
2025-03-13,978.1172203894106,983.0078064913577,943.8831176757812,943.8831176757812,37035693,4453.240234375,32.90629959106445,24.65999984741211
2025-03-14,943.883168973316,947.795638067506,934.1019962378411,938.0144653320312,34333748,4598.7900390625,32.96839904785156,21.770000457763672
2025-03-17,955.6204405479824,963.4453776251408,946.8173863361792,948.7736206054688,31491061,4663.97021484375,32.92599868774414,20.51000022888184
2025-03-18,959.0917858119852,961.0571378320916,951.230377731559,954.1784057617188,21575327,4589.02978515625,32.95640182495117,21.700000762939453
2025-03-19,948.28235658277,950.2477086171384,933.5422163250066,935.507568359375,35245036,4634.52978515625,32.97919845581055,19.899999618530277
2025-03-20,961.0571201072732,967.9358520507812,954.1783881637652,967.9358520507812,28715956,4601.3701171875,33.003299713134766,19.799999237060547
2025-03-21,967.935921625836,969.9012737509644,953.1957806873714,955.1611328125,39214916,4557.9501953125,32.987300872802734,19.280000686645508
2025-03-24,968.9185976884002,969.9012737509644,955.1611328125,955.1611328125,16121506,4694.22021484375,32.974998474121094,17.479999542236328
2025-03-25,971.8665671608666,977.7626231800426,967.9358631480824,972.8492431640624,26167428,4661.33984375,33.01129913330078,17.149999618530273
2025-03-26,977.7626626150948,977.7626626150948,963.0225219726562,963.0225219726562,21735917,4508.740234375,33.0452995300293,18.32999992370605
2025-03-27,944.3516535430462,947.2996815978112,941.4036254882812,941.4036254882812,34563256,4415.25,33.0885009765625,18.690000534057617
2025-03-28,929.6115122562696,938.4555964109276,929.6115122562696,935.507568359375,33101234,4284.91015625,33.11140060424805,21.649999618530277
2025-03-31,904.0619285499656,907.9926325871394,894.2351684570312,894.2351684570312,51064611,4270.43017578125,33.18579864501953,22.280000686645508
2025-04-01,912.9060386399092,929.6115312737934,908.97533449076,927.6461791992188,32197752,4282.4599609375,33.23910140991211,21.770000457763672
2025-04-02,932.5595795779218,935.507607753616,921.75014293371,925.6808471679688,24849656,4320.75,33.20349884033203,21.51000022888184
2025-04-07,833.3092651367188,833.3092651367188,833.3092651367188,833.3092651367188,23820773,3694.949951171875,33.162498474121094,46.97999954223633
2025-04-08,783.1928623423856,828.3959635566263,783.1928623423856,801.8637084960938,116648736,3562.93994140625,32.980098724365234,52.33000183105469
2025-04-09,794.9849208953275,811.690413670631,766.4873155727508,771.4006958007812,107582838,4230.4501953125,33.0806999206543,33.619998931884766
2025-04-10,848.0494384765625,848.0494384765625,848.0494384765625,848.0494384765625,19416428,3893.300048828125,32.58810043334961,40.720001220703125
2025-04-11,833.3092814081833,873.5989990234375,821.5171689354261,873.5989990234375,76103586,3990.89990234375,32.78630065917969,37.560001373291016
2025-04-14,879.4950515658869,887.3564598480401,850.0147705078125,850.0147705078125,66326054,4003.219970703125,32.36199951171875,30.88999938964844
2025-04-15,858.8587958271718,863.7721756660001,850.0147121172811,861.8068237304688,30562095,4021.889892578125,32.3568000793457,30.1200008392334
2025-04-16,851.980100397478,853.9454524168494,837.239960252193,840.18798828125,42128082,3857.169921875,32.50400161743164,32.63999938964844
2025-04-17,834.291951185134,841.1706834092754,827.4132189609928,832.3265991210938,33684502,3832.469970703125,32.37879943847656,29.649999618530277
2025-04-18,838.2226251579733,843.1360051413143,835.2745971679688,835.2745971679688,20101219,3832.469970703125,32.37879943847656,29.649999618530277
2025-04-21,829.378630824289,832.3266591329061,817.5865175898203,820.5345458984375,18415705,3751.909912109375,32.37879943847656,33.81999969482422
2025-04-22,811.6904696296243,814.6384979696835,801.8637084960938,801.8637084960938,28888527,3832.050048828125,32.44060134887695,30.56999969482422
2025-04-23,838.2227586744032,857.8762817382812,833.3093779084336,857.8762817382812,37863656,3983.919921875,32.57360076904297,28.450000762939453
2025-04-24,870.6509149339464,870.6509149339464,844.1186635759142,849.0320434570312,32238198,4208.18994140625,32.532798767089844,26.46999931335449
2025-04-25,884.4084456160261,885.3911216667107,870.6509809064436,872.6163330078125,34640282,4251.60986328125,32.43560028076172,24.84000015258789
2025-04-28,882.4430642016356,882.4430642016356,877.529684111426,881.4603881835938,21830091,4235.6201171875,32.51900100708008,25.149999618530277
2025-04-29,881.4603384487381,886.3737182617188,877.5296345983535,886.3737182617188,24362874,4196.75,32.425899505615234,24.170000076293945
2025-04-30,885.3911647712607,892.2698974609375,883.4258125742102,892.2698974609375,35405654,4230.08984375,32.32170104980469,24.700000762939453
2025-05-02,921.7501841334292,933.5422973632812,915.8541275185032,933.5422973632812,43873135,4397.0498046875,32.11159896850586,22.68000030517578
2025-05-05,939.4383529305204,940.4210290319122,907.0100415845924,921.7501831054688,52770209,4356.18017578125,30.70429992675781,23.63999938964844
2025-05-06,900.1312465501868,913.8887110171112,900.1312465501868,904.0619506835938,37538894,4311.2001953125,29.15999984741211,24.76000022888184
2025-05-07,908.9753726433064,915.8541051930396,895.2179075438402,911.9234008789062,36907620,4386.35986328125,29.97760009765625,23.549999237060547
2025-05-08,916.8367594799964,922.7328158110575,902.0966186523438,902.0966186523438,27985917,4430.43994140625,30.39069938659668,22.479999542236328
2025-05-09,921.7501941033736,932.5596313476562,917.8194896509071,932.5596313476562,36383573,4466.5,30.268999099731445,21.899999618530277
2025-05-12,937.4729922303586,945.3344009702358,935.5076400453892,940.4210205078124,23402547,4780.93017578125,30.246400833129883,18.38999938964844
2025-05-13,972.8492703747822,972.8492703747822,952.2130737304688,952.2130737304688,38047856,4931.35009765625,30.39310073852539,18.21999931335449
2025-05-14,972.8492750563064,981.693359375,970.8839229854856,981.693359375,40475123,4960.72998046875,30.424999237060547,18.6200008392334
2025-05-15,982.6760344875064,982.6760344875064,975.7973022460938,975.7973022460938,24662270,4932.4501953125,30.33970069885254,17.829999923706055
2025-05-16,973.831961041223,980.710693359375,971.8666089503224,980.710693359375,16878650,4922.18994140625,30.16699981689453,17.239999771118164
2025-05-19,975.7973316471752,976.780007711271,963.0225428139292,966.9532470703124,19906139,4897.7099609375,30.202600479125977,18.13999938964844
2025-05-20,973.8319169182964,976.7799449210762,961.05712890625,961.05712890625,20897857,4890.77978515625,30.14579963684082,18.09000015258789
2025-05-21,968.9185391512784,981.6933271928268,965.9705111416904,972.8492431640624,26248757,4802.7099609375,30.146299362182617,20.8700008392334
2025-05-22,970.8839101383496,970.8839101383496,962.0398259366846,964.9878540039062,18747545,4775.47021484375,30.0221004486084,20.280000686645508
2025-05-23,975.7973316471752,975.7973316471752,958.10916249345,966.9532470703124,22213030,4702.3798828125,30.046899795532227,22.290000915527344
2025-05-26,958.1091208536116,966.9532050461064,958.1091208536116,959.091796875,19329052,4702.3798828125,29.97150039672852,22.290000915527344
2025-05-27,954.1784661011376,958.1091703899166,944.3517053791896,948.2824096679688,26355315,4861.08984375,29.915000915527344,18.959999084472656
2025-05-28,966.9532345729382,967.9359106243336,950.2477416992188,950.2477416992188,26471533,4834.419921875,29.964799880981445,19.309999465942383
2025-05-29,968.9185866757286,968.9185866757286,950.2477416992188,950.2477416992188,48602590,4860.47998046875,29.950000762939453,19.18000030517578
2025-06-02,941.4036852330536,944.3517134749108,929.611572265625,929.611572265625,33676511,4832.7900390625,29.871000289916992,18.36000061035156
2025-06-03,943.369058388158,948.2824389005962,933.5422973632812,933.5422973632812,26020787,4964.41015625,29.98730087280273,17.690000534057617
2025-06-04,957.1264271129262,972.8492431640624,953.195723100142,972.8492431640624,37233567,5033.35009765625,29.965900421142575,17.610000610351562
2025-06-05,982.6760454502756,982.6760454502756,973.831961041223,980.710693359375,24414444,5010.919921875,29.941999435424805,18.479999542236328
2025-06-06,979.7280474638818,979.7280474638818,973.8319910097362,977.7626953125,13670307,5038.06005859375,29.94529914855957,16.770000457763672
2025-06-09,987.5894165039062,992.5027966855176,982.6760363222947,987.5894165039062,21674308,5136.66015625,29.917699813842773,17.15999984741211
2025-06-10,1007.242843408904,1031.8097420286333,1002.329463684958,1026.8963623046875,44877640,5242.5,29.913799285888672,16.950000762939453
2025-06-11,1046.5498046875,1051.4631840522302,1036.72304595804,1046.5498046875,37178498,5232.52978515625,29.888900756835938,17.260000228881836
2025-06-12,1041.1223646830144,1046.0565938995217,1031.25390625,1031.25390625,25221606,5249.14990234375,29.8075008392334,18.020000457763672
2025-06-13,1026.319629854369,1026.319629854369,1011.5169428853156,1016.451171875,28393455,5112.240234375,29.52519989013672,20.81999969482422
2025-06-16,1016.4511968845276,1016.4511968845276,1001.6485095512576,1011.5169677734376,28580673,5267.2998046875,29.5049991607666,19.11000061035156
2025-06-17,1026.3196770334928,1036.1881354665072,1021.3854478169856,1031.25390625,26517379,5223.64990234375,29.0049991607666,21.600000381469727
2025-06-18,1026.3196275177725,1041.122314453125,1016.4511695608708,1041.122314453125,37931721,5251.02001953125,29.6471004486084,20.13999938964844
2025-06-19,1031.2539569652022,1031.2539569652022,1016.4512685877112,1021.385498046875,24002557,5251.02001953125,29.54170036315918,20.13999938964844
2025-06-20,1016.4511695608708,1041.122314453125,1011.51694058242,1041.122314453125,57831332,5211.47998046875,29.5713005065918,20.6200008392334
2025-06-23,1011.5169315712124,1016.4511605057062,1001.648473702225,1006.5827026367188,32143872,5244.2998046875,29.53300094604492,19.82999992370605
2025-06-24,1031.2537597656249,1036.18798828125,1026.31953125,1036.18798828125,28163537,5441.8701171875,29.673900604248047,17.479999542236328
2025-06-25,1046.056590427862,1055.925048828125,1041.1223612277308,1055.925048828125,38783736,5493.2998046875,29.45809936523437,16.760000228881836
2025-06-26,1060.8592529296875,1065.7934820130813,1050.9907947628997,1060.8592529296875,36056692,5541.4599609375,29.34189987182617,16.59000015258789
2025-06-27,1055.9249990957755,1065.79345703125,1046.0565411603009,1065.79345703125,32549027,5544.990234375,28.819000244140625,16.31999969482422
2025-06-30,1060.8593289357311,1065.7935583726414,1046.056640625,1046.056640625,32413717,5546.5400390625,29.09499931335449,16.729999542236328
2025-07-01,1065.793432279666,1080.5961188391057,1060.8592034265191,1070.7276611328125,44299887,5507.5,29.206600189208984,16.829999923706055
2025-07-02,1060.8592034265191,1070.7276611328125,1055.9249745733728,1070.7276611328125,23822731,5611.0498046875,29.22590065002441,16.639999389648438
2025-07-03,1090.4645514531967,1090.4645514531967,1075.661865234375,1075.661865234375,36973556,5647.1201171875,28.96809959411621,16.3799991607666
2025-07-04,1080.5961188391057,1085.5303476922525,1065.793432279666,1070.7276611328125,20363322,5647.1201171875,28.91710090637207,16.3799991607666
2025-07-07,1065.79345703125,1070.7276859989872,1055.9249990957755,1065.79345703125,18829372,5541.2001953125,28.900999069213867,17.790000915527344
2025-07-08,1055.9249990957755,1065.79345703125,1050.9907701280383,1065.79345703125,27461252,5641.22021484375,29.068300247192383,16.809999465942383
2025-07-09,1055.9249502759462,1075.661865234375,1050.990721536339,1075.661865234375,23618216,5665.990234375,29.10709953308105,15.9399995803833
2025-07-10,1080.5960449218749,1085.5302734375,1075.66181640625,1085.5302734375,22350503,5708.27978515625,29.20560073852539,15.779999732971191
2025-07-11,1080.5960449218749,1085.5302734375,1075.66181640625,1085.5302734375,28249780,5696.2900390625,29.243000030517575,16.399999618530273
2025-07-14,1085.5304205907537,1085.5304205907537,1070.727733037243,1080.59619140625,25760632,5646.72021484375,29.21299934387207,17.200000762939453
2025-07-15,1080.5962375950169,1100.333155176661,1075.662008199606,1095.39892578125,45416390,5718.60986328125,29.346099853515625,17.3799991607666
2025-07-16,1105.2674052820796,1115.1358642578125,1105.2674052820796,1115.1358642578125,31013743,5696.2099609375,29.38809967041016,17.15999984741211
2025-07-17,1115.1358642578125,1120.070093745679,1100.3331757942133,1115.1358642578125,30648595,5737.64013671875,29.400999069213867,16.520000457763672
2025-07-18,1139.8070068359375,1144.7412363027595,1129.938547902293,1139.8070068359375,46645034,5732.6201171875,29.403200149536133,16.40999984741211
2025-07-21,1129.938451617697,1134.8726806640625,1120.069993524966,1134.8726806640625,26749324,5739.419921875,29.37800025939941,16.649999618530273
2025-07-22,1129.9385527214115,1144.7412411850112,1115.1358642578125,1115.1358642578125,50457506,5638.7099609375,29.33359909057617,16.5
2025-07-23,1125.0043689444597,1129.9385986328125,1120.0701392561068,1129.9385986328125,29747757,5637.7900390625,29.39900016784668,15.369999885559082
2025-07-24,1134.8728283211651,1139.8070580095182,1129.9385986328125,1129.9385986328125,15055463,5644.3701171875,29.23419952392578,15.390000343322754
2025-07-25,1134.8728283211651,1139.8070580095182,1125.0043689444597,1129.9385986328125,22476546,5645.85986328125,29.391000747680664,14.93000030517578
2025-07-28,1139.8070580095182,1144.7412876978713,1129.9385986328125,1129.9385986328125,20606376,5737.10009765625,29.472000122070312,15.029999732971191
2025-07-29,1129.93852711144,1129.93852711144,1110.20160960731,1120.070068359375,31763255,5739.7900390625,29.65699958801269,15.979999542236328
2025-07-30,1134.8727773691153,1144.7412363027595,1129.938547902293,1139.8070068359375,34182363,5787.31982421875,29.68950080871582,15.479999542236328
2025-07-31,1144.7412109375,1149.6754402949894,1139.8069815800109,1144.7412109375,33230751,5607.919921875,29.827999114990234,16.719999313354492
2025-08-04,1115.1358389833424,1120.070068359375,1110.20160960731,1120.070068359375,23939021,5624.41015625,29.815000534057617,17.520000457763672
2025-08-05,1129.938451617697,1134.8726806640625,1125.0042225713316,1134.8726806640625,17012960,5561.68994140625,29.88409996032715,17.850000381469727
2025-08-06,1115.1358897569446,1120.070119357639,1110.20166015625,1110.20166015625,22023406,5550.2998046875,29.937400817871094,16.770000457763672
2025-08-07,1144.7412316273835,1164.4781494140625,1139.8070021807137,1164.4781494140625,61370031,5633.7001953125,29.91469955444336,16.56999969482422
2025-08-08,1164.4780522772603,1169.4122813123338,1154.6095942071142,1159.5438232421875,25958258,5678.02001953125,29.8080997467041,15.149999618530272
2025-08-11,1154.609690520723,1179.2808377540716,1149.6754610740531,1164.4781494140625,35579367,5670.3701171875,29.85099983215332,16.25
2025-08-12,1164.4781494140625,1174.346608307402,1154.609690520723,1164.4781494140625,28917167,5840.08984375,29.947999954223636,14.729999542236328
2025-08-13,1169.4122787475585,1184.2149658203125,1169.4122787475585,1184.2149658203125,37809952,5892.60986328125,29.87809944152832,14.489999771118164
2025-08-14,1169.4122813123338,1174.3465103474068,1159.5438232421875,1159.5438232421875,32991791,5885.490234375,29.939699172973636,14.829999923706056
2025-08-15,1159.5439199673926,1169.412378860732,1154.609690520723,1164.4781494140625,22231552,5752.740234375,30.07900047302246,15.09000015258789
2025-08-18,1154.609690520723,1169.412378860732,1154.609690520723,1164.4781494140625,18219895,5776.31005859375,29.98900032043457,14.989999771118164
2025-08-19,1164.4780026206486,1169.4122314453125,1159.5437737959849,1169.4122314453125,17867547,5671.509765625,30.02510070800781,15.56999969482422
2025-08-20,1149.67544461557,1149.67544461557,1120.070068359375,1120.070068359375,66982023,5630.81982421875,30.1072998046875,15.6899995803833
2025-08-21,1125.0042225713316,1139.806909710428,1125.0042225713316,1134.8726806640625,23424804,5603.259765625,30.28009986877441,16.600000381469727
2025-08-22,1139.806985863505,1139.806985863505,1120.070068359375,1120.070068359375,19205763,5754.4599609375,30.516000747680664,14.220000267028809
2025-08-25,1149.6753899989983,1164.4780774238782,1144.7411608573718,1154.609619140625,25103514,5756.2998046875,30.367300033569336,14.789999961853027
2025-08-26,1149.6753651720412,1169.4122813123338,1144.7411361369682,1159.5438232421875,35508897,5807.919921875,30.444000244140625,14.619999885559082
2025-08-27,1174.3465576171875,1174.3465576171875,1164.4780991498162,1174.3465576171875,21952558,5824.60986328125,30.546600341796875,14.850000381469728
2025-08-28,1169.412357724946,1169.412357724946,1144.7412109375,1144.7412109375,19975237,5853.0498046875,30.575000762939453,14.43000030517578
2025-08-29,1164.478128367457,1169.412357724946,1144.7412109375,1144.7412109375,19522740,5668.93994140625,30.492799758911133,15.359999656677246
2025-09-01,1134.8727272917783,1149.6754150390625,1129.9384980426837,1149.6754150390625,22018940,5668.93994140625,30.56049919128418,15.359999656677246
2025-09-02,1154.6096696524785,1159.5438990099676,1139.8069815800109,1144.7412109375,14037411,5605.4599609375,30.62529945373535,17.170000076293945
2025-09-03,1139.8069815800109,1144.7412109375,1129.9385228650324,1144.7412109375,19511981,5592.81982421875,30.74399948120117,16.350000381469727
2025-09-04,1154.6096696524785,1159.5438990099676,1144.7412109375,1144.7412109375,24333323,5667.85986328125,30.722000122070312,15.300000190734863
2025-09-05,1159.5439199673926,1164.4781494140625,1154.609690520723,1164.4781494140625,27133819,5761.39990234375,30.694000244140625,15.18000030517578
2025-09-08,1179.2808377540716,1179.2808377540716,1164.4781494140625,1164.4781494140625,27281959,5809.60986328125,30.47900009155273,15.109999656677246
2025-09-09,1179.280736796061,1184.2149658203125,1174.34650777181,1184.2149658203125,31329096,5819.830078125,30.331100463867188,15.039999961853027
2025-09-10,1203.9518793845664,1213.8203374123086,1199.0176503706953,1208.8861083984375,39665156,5958.08984375,30.351600646972656,15.350000381469728
2025-09-11,1238.4915303876323,1243.425759592364,1218.754613568706,1223.6888427734375,30345708,5995.39013671875,30.236799240112305,14.710000038146973
2025-09-12,1238.491430373419,1243.4256591796875,1233.5572015671503,1243.4256591796875,26492972,6001.740234375,30.290000915527344,14.760000228881836
2025-09-15,1243.4258065394672,1243.4258065394672,1233.5573477574078,1238.4915771484375,24589707,6059.830078125,30.284900665283203,15.6899995803833
2025-09-16,1253.3534336090088,1273.169298171997,1248.3994674682615,1268.21533203125,40130070,6079.22021484375,30.19409942626953,16.360000610351562
2025-09-17,1258.307482089921,1263.261448554842,1253.353515625,1253.353515625,29283972,6060.22021484375,30.047199249267575,15.720000267028809
2025-09-18,1263.261379138041,1273.1693115234375,1253.353446752645,1273.1693115234375,24191307,6278.16015625,30.08639907836914,15.699999809265137
2025-09-19,1273.1693814846838,1278.1233479496047,1253.353515625,1253.353515625,44913316,6232.25,30.11050033569336,15.449999809265137
2025-09-22,1258.3073193170849,1283.0771484375,1258.3073193170849,1283.0771484375,28859955,6330.1201171875,30.215999603271484,16.100000381469727
2025-09-23,1307.8470987348414,1327.6629638671875,1302.8931324517548,1327.6629638671875,33953781,6308.2099609375,30.21769905090332,16.639999389648438
2025-09-24,1337.5708964333603,1342.5248627164472,1312.8010650179278,1327.6629638671875,44737182,6297.0,30.27400016784668,16.18000030517578
2025-09-25,1307.8470458984375,1317.7549780643349,1307.8470458984375,1307.8470458984375,25861812,6284.669921875,30.36409950256348,16.739999771118164
2025-09-26,1297.9391826923077,1302.8931490384616,1283.0772836538465,1288.03125,25793295,6305.0498046875,30.561500549316406,15.289999961853027
2025-09-30,1297.9391958887093,1307.8471286817528,1292.9852294921875,1292.9852294921875,36642789,6369.81982421875,30.458200454711918,16.280000686645508
2025-10-01,1312.801025390625,1337.5708560583726,1312.801025390625,1312.801025390625,33837323,6500.27978515625,30.442100524902344,16.290000915527344
2025-10-02,1347.478773179945,1357.3867053356798,1342.5248071020776,1352.4327392578125,29593487,6626.3798828125,30.44700050354004,16.6299991607666
2025-10-03,1352.4327117919922,1387.1104736328125,1352.4327117919922,1387.1104736328125,31032341,6583.740234375,30.46380043029785,16.649999618530273
2025-10-07,1406.9263103631315,1431.696139770933,1406.9263103631315,1421.7882080078125,38395572,6634.759765625,30.510499954223636,17.239999771118164
2025-10-08,1397.0184459888471,1406.9263782299029,1392.0644798683193,1401.972412109375,23064494,6860.2001953125,30.536699295043945,16.299999237060547
2025-10-09,1426.7421875,1441.6040852864585,1416.834255642361,1426.7421875,39052134,6840.2001953125,30.524999618530277,16.43000030517578
2025-10-13,1377.202581506736,1406.9263782299029,1377.202581506736,1401.972412109375,53850992,6723.47021484375,30.665000915527344,19.030000686645508
2025-10-14,1441.6041683799342,1446.5581345942985,1406.926404879386,1411.88037109375,39889256,6570.330078125,30.69099998474121,20.809999465942383
2025-10-15,1421.7884075698591,1451.51220703125,1411.8804744160625,1451.51220703125,41056405,6767.06005859375,30.683900833129883,20.63999938964844
2025-10-16,1451.5121375703652,1481.2359356093486,1451.5121375703652,1471.3280029296875,37737678,6800.02001953125,30.60980033874512,25.309999465942383
2025-10-17,1441.6042349979796,1451.5121678845635,1436.6502685546875,1436.6502685546875,38077331,6777.97998046875,30.611900329589844,20.780000686645508
2025-10-20,1446.558158255912,1481.2359223236908,1441.6041919605152,1466.3740234375,33015553,6885.02978515625,30.62190055847168,18.229999542236328
2025-10-21,1471.3279897328969,1486.1898886190877,1466.3740234375,1466.3740234375,34601251,6839.27001953125,30.597299575805664,17.8700008392334
2025-10-22,1446.5582275390625,1456.4661606043985,1441.6042610063944,1446.5582275390625,27360948,6677.56982421875,30.67729949951172,18.600000381469727
2025-10-23,1426.7423356681036,1441.6042349979796,1421.7883692248115,1436.6502685546875,23570046,6847.39013671875,30.745100021362305,17.299999237060547
2025-10-27,1486.1898886190877,1486.1898886190877,1466.3740234375,1466.3740234375,32851952,7167.97998046875,30.83329963684082,15.789999961853027
2025-10-28,1466.3740101959745,1476.2819426972987,1456.4660776946505,1461.4200439453125,28381919,7194.7099609375,30.60110092163086,16.420000076293945
2025-10-29,1481.235866609998,1501.051731046252,1476.2819005009344,1491.143798828125,30631103,7327.93017578125,30.543100357055664,16.920000076293945
2025-10-30,1501.051731046252,1506.0056971553156,1486.1898327190615,1491.143798828125,27867757,7216.0,30.66519927978516,16.90999984741211
2025-10-31,1501.0518408203125,1510.9597737630208,1486.18994140625,1486.18994140625,31928423,7228.66015625,30.73069953918457,17.440000534057617
2025-11-03,1496.0977783203125,1506.0057106270697,1476.2819137067984,1496.0977783203125,29118770,7270.97021484375,30.78179931640625,17.170000076293945
2025-11-04,1506.0056971553156,1510.9596632643793,1481.235866609998,1491.143798828125,33925673,6979.56982421875,30.903099060058597,19.0
2025-11-05,1466.3740936697343,1471.3280602024026,1441.6042610063944,1446.5582275390625,56305422,7190.27001953125,30.91900062561035,18.010000228881836
2025-11-06,1456.4661736081484,1466.3741067619453,1451.51220703125,1451.51220703125,27411394,7018.39013671875,30.892900466918945,19.5
2025-11-07,1446.5582275390625,1451.5121940717304,1441.6042610063944,1446.5582275390625,20329390,6947.35986328125,30.97879981994629,19.07999992370605
2025-11-10,1456.4660776946505,1471.3279764466367,1451.5121114439885,1461.4200439453125,25281744,7156.9501953125,30.966800689697266,17.600000381469727
2025-11-11,1476.2820399157424,1481.2360064926409,1451.51220703125,1451.51220703125,22444166,6979.7001953125,30.966800689697266,17.280000686645508
2025-11-12,1456.4660776946505,1471.3279764466367,1446.5581451933265,1461.4200439453125,23642502,7082.1298828125,30.96430015563965,17.510000228881836
2025-11-13,1446.5582275390625,1456.4661606043985,1446.5582275390625,1446.5582275390625,21255597,6818.740234375,31.06410026550293,20.0
2025-11-14,1411.880262681654,1426.7421601835665,1411.880262681654,1416.834228515625,26861702,6811.2001953125,31.124900817871094,19.82999992370605
2025-11-17,1436.6502554606402,1446.5581882569204,1431.6962890625,1431.6962890625,26602730,6705.740234375,30.554500579833984,22.3799991607666
2025-11-18,1421.788373953931,1421.788373953931,1392.0645751953125,1392.0645751953125,42198432,6551.02978515625,31.174999237060547,24.690000534057617
2025-11-19,1387.1104600694443,1401.9723578559028,1382.156494140625,1382.156494140625,35591948,6670.02978515625,31.103200912475582,23.65999984741211
2025-11-20,1436.6501599079145,1446.5580920452103,1426.7422277706185,1441.6041259765625,25964403,6352.06982421875,31.183000564575195,26.420000076293945
2025-11-21,1382.156466818028,1392.064398479806,1372.24853515625,1372.24853515625,54518246,6406.43017578125,31.352100372314453,23.43000030517578
2025-11-24,1387.1105291193182,1392.0644952947443,1362.3406982421875,1362.3406982421875,79134658,6703.2001953125,31.338600158691406,20.520000457763672
2025-11-25,1411.8803443504307,1411.8803443504307,1392.0644798683193,1401.972412109375,27427405,6714.18017578125,31.42609977722168,18.559999465942383
2025-11-26,1416.834255642361,1426.7421875,1411.8802897135415,1426.7421875,29213211,6899.4599609375,31.38809967041016,17.190000534057617
2025-11-27,1436.6501056524935,1441.6040715340537,1416.834242126252,1421.7882080078125,22039774,6899.4599609375,31.248899459838867,17.190000534057617
2025-11-28,1426.7421875,1441.6040852864585,1421.7882215711804,1426.7421875,23152513,7025.14990234375,31.314699172973636,16.350000381469727
2025-12-01,1431.6961951289616,1431.6961951289616,1397.0184326171875,1397.0184326171875,30559208,7020.52978515625,31.37689971923828,17.239999771118164
2025-12-02,1416.834228515625,1426.7421601835665,1406.9262968476835,1416.834228515625,23544477,7149.47021484375,31.395999908447266,16.59000015258789
2025-12-03,1426.7423356681036,1436.6502685546875,1421.7883692248115,1436.6502685546875,20301540,7280.509765625,31.402000427246094,16.079999923706055
2025-12-04,1431.6962890625,1436.6502554606402,1416.8343898680796,1431.6962890625,20696944,7215.97021484375,31.314699172973636,15.779999732971191
2025-12-05,1431.6963279410584,1446.5582275390625,1426.7423614083905,1446.5582275390625,21072604,7294.83984375,31.364999771118164,15.40999984741211
2025-12-08,1451.5121633472252,1481.2359619140625,1446.5581969194188,1481.2359619140625,24257260,7375.22021484375,31.27400016784668,16.65999984741211
2025-12-09,1481.2359223236908,1486.1898886190877,1466.3740234375,1466.3740234375,24235825,7372.509765625,31.16469955444336,16.93000030517578
2025-12-10,1476.2819005009344,1491.143798828125,1471.327934391871,1491.143798828125,23319221,7467.490234375,31.150999069213867,15.770000457763672
2025-12-11,1501.0847574869792,1506.0552368164062,1456.3504435221355,1461.3209228515625,28924982,7411.47998046875,31.07699966430664,14.850000381469728
2025-12-12,1466.2914832862648,1476.2324424949852,1461.3210036819046,1471.261962890625,22107664,7033.56982421875,31.180099487304688,15.739999771118164
2025-12-15,1441.4390869140625,1446.4095665241111,1436.468607304014,1441.4390869140625,25889058,6990.41015625,31.32010078430176,16.5
2025-12-16,1426.5274658203125,1436.4684237702795,1416.586507870345,1426.5274658203125,32168064,6958.43994140625,31.32869911193848,16.479999542236328
2025-12-17,1426.5274858808184,1436.4684439705802,1416.5865277910566,1421.5570068359375,30535812,6695.31005859375,31.4689998626709,17.6200008392334
2025-12-18,1411.6160487461757,1426.5274858808184,1406.6455697012948,1421.5570068359375,30534136,6863.6298828125,31.632099151611328,16.8700008392334
2025-12-19,1446.409402060342,1446.409402060342,1421.5570068359375,1421.5570068359375,38763280,7067.8701171875,31.51409912109375,14.90999984741211
2025-12-22,1456.3504638671875,1461.3209432660517,1446.409505069459,1456.3504638671875,22661665,7145.56982421875,31.5039005279541,14.079999923706056
2025-12-23,1466.291442461462,1481.202880859375,1461.3209629954908,1481.202880859375,20739075,7184.5400390625,31.53219985961914,14.0
2025-12-24,1486.17333984375,1491.1438192412206,1476.2323810488083,1486.17333984375,12987261,7204.3701171875,31.489500045776367,13.470000267028809
2025-12-26,1496.1143592682895,1501.0848388671875,1486.1734000704937,1501.0848388671875,18823612,7207.64013671875,31.570199966430664,13.600000381469728
2025-12-29,1506.0552368164062,1520.9666748046875,1501.0847574869792,1520.9666748046875,21124648,7178.27001953125,31.3799991607666,14.199999809265137
2025-12-30,1506.0552773726613,1520.9667157624897,1501.084797909385,1511.0257568359375,20325400,7169.10009765625,31.317800521850582,14.329999923706056
2025-12-31,1511.0257560483872,1540.8486328125,1506.0552765877017,1540.8486328125,29695967,7083.1298828125,31.243600845336918,14.949999809265137
2026-01-02,1545.8190914117952,1575.6419677734375,1535.878132624581,1575.6419677734375,37512761,7367.47021484375,31.30349922180176,14.510000228881836
2026-01-05,1620.37630110872,1684.992533975019,1615.4058216574665,1660.14013671875,66871820,7446.4501953125,31.358699798583984,14.899999618530272
2026-01-06,1635.2877190106076,1694.9334716796875,1635.2877190106076,1694.9334716796875,46751692,7650.93017578125,31.47459983825684,14.75
2026-01-07,1655.1696369228075,1675.051554483442,1655.1696369228075,1665.110595703125,49857449,7574.8701171875,31.49209976196289,15.380000114440918
2026-01-08,1650.199117326595,1689.962951479043,1645.228638057539,1675.051513671875,29215618,7436.10009765625,31.44910049438477,15.449999809265137
2026-01-09,1655.1696166992188,1689.9629720052085,1645.2286580403645,1670.0810546875,37387656,7638.77978515625,31.5447998046875,14.489999771118164
2026-01-12,1689.9629310743342,1694.9334102833764,1680.02197265625,1680.02197265625,29987449,7674.83984375,31.593299865722656,15.119999885559082
2026-01-13,1709.8448893229167,1709.8448893229167,1689.9629720052085,1699.9039306640625,30171800,7747.990234375,31.569900512695312,15.979999542236328
2026-01-14,1694.9334513346355,1704.8744099934895,1689.9629720052085,1699.9039306640625,29100816,7701.47021484375,31.616899490356445,16.75
2026-01-15,1675.0514934472078,1689.9629310743342,1670.0810142381656,1680.02197265625,36391886,7837.2998046875,31.51070022583008,15.84000015258789
2026-01-16,1724.756327311198,1739.6677652994792,1699.9039306640625,1729.726806640625,53551629,7927.41015625,31.56419944763184,15.859999656677246
2026-01-19,1714.81540853327,1769.4906824285335,1714.81540853327,1749.6087646484375,29580038,7927.41015625,31.607999801635746,15.859999656677246
2026-01-20,1729.7269063600352,1764.520263671875,1729.7269063600352,1764.520263671875,29401234,7794.18994140625,31.548999786376957,20.09000015258789
2026-01-21,1734.697285970052,1754.5792032877605,1729.726806640625,1729.726806640625,45192749,8042.06982421875,31.682300567626957,16.899999618530273
2026-01-22,1754.5792440934615,1759.5497235384855,1739.6678057583897,1749.6087646484375,32069478,8055.169921875,31.63999938964844,15.640000343322754
2026-01-23,1759.5498046875,1764.5202843617585,1739.6678859904662,1759.5498046875,27601167,7957.93017578125,31.583999633789062,16.09000015258789
2026-01-26,1754.5791419048255,1774.4610585269766,1744.63818359375,1744.63818359375,22960198,7927.0400390625,31.370800018310547,16.149999618530273
2026-01-27,1749.6088044241574,1774.4612022142733,1744.638324866134,1769.49072265625,28985200,8117.18017578125,31.44050025939941,16.350000381469727
2026-01-28,1779.431639954284,1809.2545166015625,1779.431639954284,1809.2545166015625,29301156,8306.740234375,31.110300064086918,16.350000381469727
2026-01-29,1819.19553770451,1824.1660173157245,1789.3726600372229,1794.3431396484375,32224002,8320.3896484375,31.26959991455078,16.8799991607666
2026-01-30,1779.4317025198063,1789.3726617517605,1764.520263671875,1764.520263671875,40825139,7998.47021484375,31.3617000579834,17.440000534057617
2026-02-02,1739.6677854716272,1754.5792236328125,1734.6973060845653,1754.5792236328125,28251381,8134.490234375,31.58300018310547,16.34000015258789
2026-02-03,1799.3135172526042,1799.3135172526042,1774.4611206054688,1789.37255859375,26744162,7966.330078125,31.57710075378418,18.0
2026-02-04,1774.461181640625,1794.3430996422003,1764.5202226398371,1774.461181640625,26952301,7619.16015625,31.57320022583008,18.63999938964844
2026-02-05,1754.5792236328125,1769.490661793998,1749.6087442457508,1754.5792236328125,26299986,7614.64013671875,31.657100677490234,21.770000457763672
2026-02-06,1734.6973657500878,1769.49072265625,1729.7268861920645,1769.49072265625,33263592,8048.6201171875,31.648799896240234,20.3700008392334
2026-02-09,1819.195496109892,1824.1659756074596,1804.2840576171875,1804.2840576171875,36529289,8162.580078125,31.575000762939453,17.360000610351562
2026-02-10,1834.1069124911692,1868.9002685546875,1829.136433053524,1868.9002685546875,41859169,8107.1298828125,31.561199188232425,17.790000915527344
2026-02-11,1868.9002478377936,1913.63456228072,1863.9297684552464,1903.693603515625,40488310,8291.8603515625,31.478700637817383,17.649999618530273
2026-02-23,1888.7821044921875,1923.5754590486224,1888.7821044921875,1888.7821044921875,69816209,8213.4599609375,31.51099967956543,21.01000022888184
2026-02-24,1903.693523688474,1963.3392737779304,1903.693523688474,1953.3983154296875,40961679,8332.33984375,31.434799194335938,19.549999237060547
2026-02-25,1983.22123229829,2013.0441079719485,1983.22123229829,2003.1031494140625,40832607,8467.4296875,31.377099990844727,17.93000030517578
2026-02-26,1988.1916705827068,1998.13262893562,1983.22119140625,1983.22119140625,58561388,8197.259765625,31.269100189208984,18.6299991607666
2026-03-02,1928.5459998022152,1983.2212729924845,1928.5459998022152,1963.33935546875,48884884,8137.35986328125,31.375,21.440000534057617
2026-03-03,1958.3689179334224,1968.3098769077037,1923.5755615234373,1923.5755615234373,43090471,7764.8798828125,31.53499984741211,23.56999969482422
2026-03-04,1883.811645180546,1898.7230830051944,1853.98876953125,1853.98876953125,68160943,7914.47998046875,31.733999252319336,21.149999618530277
2026-03-05,1928.5459382709705,1948.4278551603616,1883.81162526984,1888.7821044921875,48120463,7821.759765625,31.6299991607666,23.75
2026-03-06,1868.9002278645837,1888.782145182292,1868.9002278645837,1878.8411865234373,30082724,7514.740234375,31.90589904785156,29.489999771118164
2026-03-09,1764.5202417531725,1799.3135986328125,1759.5497621989382,1799.3135986328125,76459172,7810.39990234375,31.80229949951172,25.5
2026-03-10,1858.9593103357265,1878.841228093328,1819.1954748205235,1839.077392578125,41375691,7865.1201171875,31.802000045776367,24.93000030517578
2026-03-11,1873.8707467305287,1938.4869793764092,1863.9297878619325,1928.5460205078125,36167313,7914.56982421875,31.77389907836914,24.229999542236328
2026-03-12,1888.7821656892409,1903.6936038394188,1873.8707275390625,1873.8707275390625,34040589,7643.169921875,31.811500549316406,27.290000915527344
2026-03-13,1829.1363731568365,1873.8706866307807,1829.1363731568365,1853.98876953125,31214304,7646.64013671875,31.89579963684082,27.190000534057617
2026-03-16,1863.929810562754,1868.900290057588,1834.10693359375,1834.10693359375,31249086,7796.240234375,32.16310119628906,23.51000022888184
2026-03-17,1870.011110356785,1874.9978066510691,1855.0510214739304,1865.0244140625,23812211,7836.830078125,31.94499969482422,22.3700008392334
2026-03-18,1894.9445781557577,1904.9179706723671,1884.9711856391489,1899.9312744140625,23068156,7795.1298828125,31.88500022888184,25.09000015258789
2026-03-19,1870.0111182960304,1874.9978146114863,1845.07763671875,1845.07763671875,31040569,7863.2998046875,32.03120040893555,24.059999465942383
2026-03-20,1855.0510333517325,1865.024426004161,1835.104248046875,1835.104248046875,46312322,7670.60986328125,31.802099227905277,26.780000686645508
2026-03-23,1785.2372965944407,1810.1707783904524,1780.2506002352384,1805.18408203125,34902948,7773.1298828125,32.02170181274414,26.149999618530277
2026-03-24,1845.077652904869,1845.077652904869,1795.2106893128455,1805.18408203125,27001025,7872.7099609375,31.86199951171875,26.950000762939453
2026-03-25,1860.037727666095,1870.0111203077363,1840.0909423828125,1840.0909423828125,40964040,7967.75,31.925800323486328,25.32999992370605
2026-03-26,1845.077640699304,1860.0377296779468,1835.104248046875,1835.104248046875,20958470,7585.8701171875,31.93589973449707,27.440000534057617
2026-03-27,1800.1973816588684,1820.1441670512104,1795.210685310783,1815.157470703125,28974140,7457.669921875,31.93000030517578,31.049999237060547
2026-03-30,1775.263916015625,1795.210701588834,1775.263916015625,1775.263916015625,39889700,7142.330078125,31.976999282836918,30.61000061035156
2026-03-31,1770.2772279219191,1785.2373171719637,1755.317138671875,1755.317138671875,49221091,7588.2001953125,32.03900146484375,25.25
2026-04-01,1835.1042421243264,1850.0643310546875,1825.1308495040853,1850.0643310546875,35537379,7802.31005859375,31.93790054321289,24.540000915527344
2026-04-02,1860.037741982476,1860.037741982476,1800.197385672048,1805.18408203125,25132417,7833.39013671875,32.00199890136719,23.8700008392334
2026-04-07,1845.077632780998,1855.051025390625,1830.1175438665573,1855.051025390625,17953562,8003.8701171875,31.91399955749512,25.780000686645508
2026-04-08,1929.851434795673,1944.8115234375,1919.8780423677883,1944.8115234375,46515921,8510.919921875,31.893999099731445,21.040000915527344
2026-04-09,1939.824825355159,1949.7982177734373,1924.8647367277413,1949.7982177734373,31835073,8689.5302734375,31.720399856567383,19.489999771118164
2026-04-10,1969.7449859619144,1994.678466796875,1964.758289794922,1994.678466796875,28637625,8889.830078125,31.725799560546875,19.229999542236328
2026-04-13,1979.7183819488064,1989.6917743011936,1969.74498959642,1984.705078125,28968757,9039.51953125,31.767000198364254,19.1200008392334
2026-04-14,2009.6386552425488,2049.5322265625,2004.6519588275548,2049.5322265625,39113405,9224.1201171875,31.64119911193848,18.36000061035156
2026-04-15,2059.505487882174,2094.412360558143,2054.518791785607,2074.465576171875,40343568,9239.2900390625,31.517000198364254,18.170000076293945
2026-04-16,2074.465696193045,2084.4390889632045,2049.532214267648,2079.452392578125,32038524,9329.349609375,31.58699989318848,17.940000534057617
2026-04-17,2049.532113512161,2054.5188096520938,2024.5986328125,2024.5986328125,39260244,9555.8798828125,31.558000564575195,17.479999542236328
2026-04-20,2024.598634620949,2049.532115342882,2019.6119384765625,2019.6119384765625,25407621,9599.2099609375,31.468000411987305,18.8700008392334
2026-04-21,2044.54541015625,2069.478890767912,2039.5587140339176,2044.54541015625,25783476,9647.2099609375,31.41900062561035,19.5
2026-04-22,2039.5587140339176,2064.4921946455797,2034.5720179115851,2044.54541015625,24762881,9909.26953125,31.48200035095215,18.920000076293945
2026-04-23,2084.438968365009,2129.319233234112,2049.53209568904,2074.465576171875,48682193,10078.5703125,31.466800689697266,19.309999465942383
2026-04-24,2104.385834927417,2184.172975588172,2099.39913863612,2179.186279296875,45088050,10513.66015625,31.530000686645508,18.709999084472656
2026-04-27,2273.9334773385763,2323.800439560913,2258.973388671875,2258.973388671875,68696037,10408.0400390625,31.440000534057617,18.020000457763672
2026-04-28,2239.026622901383,2273.933496755079,2209.1064453125,2209.1064453125,47175356,10035.580078125,31.455699920654297,17.829999923706055
2026-04-29,2169.2127668748208,2204.11963898545,2159.2393748432123,2174.199462890625,42895935,10271.2998046875,31.51300048828125,18.809999465942383
2026-04-30,2199.1330846567625,2209.1064773309427,2129.3193359375,2129.3193359375,48975164,10503.7001953125,31.62649917602539,16.889999389648438
2026-05-04,2194.1463341346152,2278.9201697716344,2189.159637920673,2268.94677734375,38390062,10534.66015625,31.554000854492188,18.290000915527344
2026-05-05,2244.013427734375,2263.9602137586808,2234.040034722222,2244.013427734375,21625279,10980.580078125,31.597999572753903,17.3799991607666
2026-05-06,2244.013427734375,2278.9203032769096,2234.040034722222,2244.013427734375,31918664,11472.75,31.545000076293945,17.389999389648438
2026-05-07,2328.7872420141707,2338.760634913589,2303.853759765625,2303.853759765625,35034517,11160.990234375,31.398500442504883,17.079999923706055
2026-05-08,2293.880375358215,2303.8537682945557,2258.9735000810247,2283.906982421875,27102571,11775.5,31.392099380493164,17.190000534057617
2026-05-11,2258.9734001415686,2268.946792636675,2229.05322265625,2229.05322265625,37244077,12081.0400390625,31.301000595092773,18.3799991607666
2026-05-12,2229.0532150776053,2273.9334811529934,2204.119733924612,2249.0,44459541,11717.259765625,31.3518009185791,17.989999771118164
2026-05-13,2199.132929621516,2234.0398015202704,2199.132929621516,2214.093017578125,35350292,12017.98046875,31.501100540161133,17.8700008392334
2026-05-14,2244.0134191303,2263.960205078125,2224.066633182475,2263.960205078125,31747100,12073.7802734375,31.55900001525879,17.260000228881836
2026-05-15,2303.8536546719783,2318.81374333868,2244.0133000051737,2258.973388671875,29922154,11588.4599609375,31.56439971923828,18.43000030517578
2026-05-18,2219.0799495152064,2253.986825125558,2209.106556483677,2234.0400390625,25875079,11302.51953125,31.58699989318848,17.81999969482422
2026-05-19,2214.0931454613096,2224.0665380084324,2199.133056640625,2199.133056640625,34824449,11305.5,31.554100036621094,18.059999465942383
2026-05-20,2199.133064462064,2204.119760753361,2179.186279296875,2179.186279296875,29320253,11813.2900390625,31.72920036315918,17.440000534057617
2026-05-21,2234.039798206278,2248.9998861406957,2224.06640625,2224.06640625,22964974,11964.080078125,31.59119987487793,16.760000228881836
2026-05-22,2239.026607538802,2253.9866962305987,2219.079822616408,2249.0,24437825,12202.5400390625,31.550800323486328,16.700000762939453
2026-05-25,2268.946884617661,2303.853759765625,2268.946884617661,2303.853759765625,25215869,12202.5400390625,31.43899917602539,16.59000015258789
2026-05-26,2313.8271699476877,2318.8138664346434,2263.960205078125,2263.960205078125,22586387,12876.91015625,31.448400497436523,17.010000228881836
2026-05-27,2303.853764011549,2323.8005498471466,2283.9069781759517,2293.88037109375,31986652,12702.1904296875,31.445899963378903,16.290000915527344
2026-05-28,2343.7472128608388,2353.720605255992,2263.9600736996185,2288.8935546875,36889432,12829.1396484375,31.465900421142575,15.739999771118164
2026-05-29,2333.773798268312,2368.680671319334,2323.80040596802,2348.73388671875,86132863,12829.3798828125,31.423999786376957,15.31999969482422
2026-06-01,2348.73388671875,2408.574240520501,2343.747190568604,2348.73388671875,35023445,12965.650390625,31.412900924682617,16.049999237060547
2026-06-02,2383.6408732438285,2393.6142660189075,2353.7206949185925,2373.66748046875,29610654,13726.26953125,31.33049964904785,15.770000457763672
2026-06-03,2418.547607421875,2433.5076957152064,2403.587519128544,2418.547607421875,22536554,13916.9599609375,31.478200912475582,16.059999465942383
2026-06-04,2378.654052734375,2408.5742294983293,2378.654052734375,2378.654052734375,25054494,13617.5,31.50550079345703,15.399999618530272
2026-06-05,2388.6274522454746,2398.600844530424,2343.7471869632004,2358.707275390625,32795780,12220.759765625,31.50300025939941,21.51000022888184
2026-06-08,2224.0665041190086,2313.827035675381,2224.0665041190086,2288.8935546875,44721632,12906.6904296875,31.58810043334961,18.920000076293945
2026-06-09,2298.866943359375,2313.827031927874,2288.8935509803755,2298.866943359375,33252041,12657.8095703125,31.582000732421875,19.8700008392334
2026-06-10,2278.920177383592,2293.880266075388,2249.0,2249.0,42608467,12206.4599609375,31.5408992767334,22.21999931335449
2026-06-11,2240.0,2260.0,2210.0,2250.0,34790220,13171.4404296875,31.649799346923828,19.440000534057617
2026-06-12,2325.0,2325.0,2290.0,2310.0,21560608,13371.4697265625,31.57900047302246,17.68000030517578
2026-06-15,2360.0,2375.0,2345.0,2375.0,25573718,14099.6201171875,31.613000869750977,16.200000762939453
2026-06-16,2375.0,2400.0,2350.0,2400.0,29594351,13294.2197265625,31.518600463867188,16.40999984741211
2026-06-17,2355.0,2385.0,2350.0,2385.0,25510076,13477.0703125,31.563899993896484,18.440000534057617
2026-06-18,2395.0,2415.0,2385.0,2410.0,46429815,14341.7802734375,31.638399124145508,16.399999618530273
2026-06-22,2455.0,2510.0,2455.0,2510.0,39272494,14634.7197265625,31.70199966430664,17.280000686645508
2026-06-23,2510.0,2535.0,2490.0,2490.0,34264856,13482.509765625,31.687000274658203,19.489999771118164
2026-06-24,2435.0,2445.0,2390.0,2390.0,55667954,13458.2001953125,31.70210075378418,18.6299991607666
2026-06-25,2410.0,2420.0,2390.0,2390.0,34424468,13940.8701171875,31.808000564575195,18.88999938964844
2026-06-26,2360.0,2370.0,2325.0,2340.0,39547254,13203.5703125,31.86000061035156,18.40999984741211
2026-06-29,2330.0,2395.0,2330.0,2370.0,33267315,13709.66015625,31.847000122070312,17.649999618530273
2026-06-30,2440.0,2475.0,2410.0,2410.0,42933128,14246.9599609375,31.86590003967285,16.450000762939453
2026-07-01,2495.0,2505.0,2475.0,2505.0,30489002,13353.2802734375,31.834400177001957,16.59000015258789
2026-07-02,2450.0,2480.0,2445.0,2465.0,27485121,12626.2197265625,31.894800186157227,16.149999618530273
2026-07-03,2415.0,2465.0,2415.0,2445.0,26489446,12626.2197265625,31.93090057373047,16.149999618530273
2026-07-06,2465.0,2500.0,2455.0,2460.0,19281603,12900.1396484375,31.92799949645996,15.56999969482422
2026-07-07,2480.0,2500.0,2440.0,2440.0,27867172,12300.51953125,32.054901123046875,16.1299991607666
2026-07-08,2445.0,2465.0,2420.0,2465.0,23373702,12574.9697265625,32.13589859008789,16.899999618530273
2026-07-09,2450.0,2460.0,2415.0,2415.0,27134789,12960.0,32.10919952392578,15.84000015258789
2026-07-10,2415.0,2415.0,2415.0,2415.0,0,12967.16015625,32.097198486328125,15.029999732971191
2026-07-13,2460.0,2480.0,2440.0,2440.0,32938379,12347.7802734375,32.099098205566406,17.15999984741211
2026-07-14,2410.0,2430.0,2390.0,2420.0,35607811,12661.9296875,32.1619987487793,16.5
2026-07-15,2425.0,2460.0,2415.0,2440.0,28532735,12398.8896484375,32.1338996887207,15.670000076293944
2026-07-16,2430.0,2470.0,2420.0,2470.0,27848158,11867.5,32.210899353027344,16.729999542236328
2026-07-17,2375.0,2395.0,2290.0,2290.0,75253147,11673.8896484375,32.26430130004883,18.770000457763672
2026-07-20,2300.0,2345.0,2300.0,2320.0,45272691,11743.849609375,32.3129997253418,18.649999618530277
2026-07-21,2350.0,2410.0,2345.0,2410.0,29931277,12356.16015625,32.275901794433594,17.049999237060547
2026-07-22,2440.0,2445.0,2385.0,2400.0,28887275,12410.669921875,32.325401306152344,16.639999389648438
2026-07-23,2385.0,2405.0,2370.0,2405.0,23190117,12343.83984375,32.37910079956055,18.700000762939453
2026-07-24,2355.0,2365.0,2345.0,2350.0,21646770,11818.8798828125,32.29899978637695,18.57999992370605
2026-07-27,2330.0,2365.0,2330.0,2350.0,24040916,11554.8798828125,32.32229995727539,18.670000076293945
2026-07-28,2270.0,2305.0,2270.0,2280.0,36576835,11035.6796875,32.301998138427734,18.209999084472656
2026-07-29,2260.0,2280.0,2180.0,2200.0,55449661,10447.490234375,32.363800048828125,20.65999984741211
2026-07-30,2205.0,2260.0,2190.0,2205.0,44446679,11302.990234375,32.348899841308594,17.09000015258789
2026-07-31,2350.0,2425.0,2345.0,2425.0,57145894,11311.080078125,32.39500045776367,15.989999771118164
2026-08-03,2390.0,2395.0,2365.0,2370.0,30005447,11430.349609375,32.29309844970703,15.859999656677246
2026-08-04,2335.0,2360.0,2310.0,2320.0,35945450,12179.259765625,32.395999908447266,16.5
2026-08-05,2385.0,2415.0,2370.0,2405.0,31905196,12008.8798828125,32.39509963989258,15.8100004196167
2026-08-06,2395.0,2395.0,2360.0,2365.0,22943128,12048.6904296875,32.264801025390625,15.149999618530272
2026-08-07,2390.0,2395.0,2355.0,2370.0,21959343,12356.7900390625,32.2067985534668,14.899999618530272
2026-08-10,2390.0,2410.0,2380.0,2380.0,18892633,11993.8603515625,32.23509979248047,15.460000038146973
2026-08-11,2390.0,2405.0,2375.0,2395.0,15907911,12098.4697265625,32.22710037231445,15.279999732971191
2026-08-12,2405.0,2415.0,2390.0,2415.0,17709219,12399.3798828125,32.20909881591797,14.550000190734863
2026-08-13,2440.0,2445.0,2425.0,2435.0,21187598,12456.0,32.202301025390625,14.630000114440918
2026-08-14,2435.0,2440.0,2395.0,2395.0,18950570,12417.0498046875,32.12409973144531,14.25
2026-08-17,2410.0,2420.0,2390.0,2400.0,12531972,12621.0,31.99020004272461,15.1899995803833
2026-08-18,2415.0,2415.0,2375.0,2380.0,17294892,11992.4599609375,31.85029983520508,15.84000015258789
2026-08-19,2340.0,2355.0,2335.0,2350.0,20098985,11738.23046875,31.88190078735352,14.890000343322754
2026-08-20,2365.0,2375.0,2350.0,2375.0,15792708,11738.2255859375,31.847000122070312,14.890000343322754
